show_id,type,title,country,date_added_year,release_year,rating,listed_in
s1,Movie,Title_1,India,2021,2016,TV-MA,International Movies
s2,Movie,Title_2,United States,2017,2017,TV-MA,Horror Movies
s3,Movie,Title_3,United Kingdom,2014,2018,R,Romantic Movies
s4,Movie,Title_4,India,2014,2019,NR,International Movies
s5,Movie,Title_5,Nigeria,2011,2015,PG,Comedies
s6,Movie,Title_6,United States,2018,2020,TV-MA,Reality TV
s7,Movie,Title_7,United States,2018,2019,TV-14,Reality TV
s8,Movie,Title_8,United States,2014,2015,TV-MA,Horror Movies
s9,Movie,Title_9,France,2019,2021,TV-G,Crime TV Shows
s10,Movie,Title_10,United States,2019,2019,TV-MA,Comedies
s11,TV Show,Title_11,Mexico,2015,2017,TV-MA,Stand-Up Comedy
s12,TV Show,Title_12,United Kingdom,2016,2013,PG,Stand-Up Comedy
s13,TV Show,Title_13,United Kingdom,2021,2018,TV-G,Sci-Fi & Fantasy
s14,Movie,Title_14,Canada,2016,2014,TV-PG,Crime TV Shows
s15,Movie,Title_15,United States,2019,2017,TV-MA,Reality TV
s16,Movie,Title_16,United States,2017,2017,TV-14,Comedies
s17,TV Show,Title_17,United States,2020,2019,PG-13,Romantic Movies
s18,TV Show,Title_18,Canada,2019,2014,TV-14,Sci-Fi & Fantasy
s19,Movie,Title_19,United States,2019,2020,TV-MA,Sci-Fi & Fantasy
s20,TV Show,Title_20,United States,2020,2016,TV-MA,Reality TV
s21,Movie,Title_21,Nigeria,2021,2017,PG-13,Reality TV
s22,Movie,Title_22,United States,2018,2019,TV-14,Kids TV
s23,Movie,Title_23,Germany,2015,2018,TV-PG,Romantic Movies
s24,Movie,Title_24,Germany,2016,2016,TV-14,Comedies
s25,Movie,Title_25,United States,2019,2016,TV-14,Stand-Up Comedy
s26,TV Show,Title_26,United States,2018,2016,G,Comedies
s27,TV Show,Title_27,United States,2014,2018,TV-MA,Action & Adventure
s28,TV Show,Title_28,Japan,2011,2016,TV-PG,Documentaries
s29,TV Show,Title_29,France,2019,2019,TV-MA,Children & Family Movies
s30,Movie,Title_30,Spain,2015,2018,TV-MA,Dramas
s31,Movie,Title_31,Italy,2017,2013,R,Stand-Up Comedy
s32,TV Show,Title_32,Japan,2019,2016,PG-13,Comedies
s33,Movie,Title_33,United States,2018,2015,TV-PG,Children & Family Movies
s34,Movie,Title_34,United States,2012,2016,TV-MA,Crime TV Shows
s35,TV Show,Title_35,Mexico,2014,2017,TV-MA,Romantic Movies
s36,Movie,Title_36,United States,2014,2017,PG,Crime TV Shows
s37,TV Show,Title_37,United States,2015,2019,TV-MA,Comedies
s38,TV Show,Title_38,Japan,2018,2014,PG-13,Horror Movies
s39,Movie,Title_39,India,2017,2021,TV-MA,International TV Shows
s40,Movie,Title_40,Italy,2014,2016,NR,Romantic Movies
s41,TV Show,Title_41,France,2011,2016,PG,International TV Shows
s42,Movie,Title_42,United States,2014,2019,TV-MA,Documentaries
s43,TV Show,Title_43,Turkey,2021,2020,R,Comedies
s44,Movie,Title_44,United States,2017,2016,TV-MA,Comedies
s45,Movie,Title_45,United States,2020,2019,TV-MA,Anime Series
s46,Movie,Title_46,India,2020,2020,TV-14,Action & Adventure
s47,TV Show,Title_47,United States,2017,2019,TV-14,International TV Shows
s48,TV Show,Title_48,United Kingdom,2019,2010,TV-MA,Sci-Fi & Fantasy
s49,Movie,Title_49,United States,2014,2020,TV-14,Documentaries
s50,Movie,Title_50,India,2019,2019,TV-MA,Documentaries
s51,Movie,Title_51,United States,2015,2019,TV-MA,Stand-Up Comedy
s52,Movie,Title_52,Spain,2020,2019,TV-14,Romantic Movies
s53,TV Show,Title_53,Germany,2012,2021,TV-14,Thrillers
s54,TV Show,Title_54,United States,2019,2017,TV-PG,Documentaries
s55,Movie,Title_55,India,2012,2011,TV-PG,International Movies
s56,TV Show,Title_56,India,2020,2017,PG,Reality TV
s57,Movie,Title_57,United States,2016,2011,TV-14,Documentaries
s58,TV Show,Title_58,Germany,2018,2015,TV-MA,Children & Family Movies
s59,Movie,Title_59,Japan,2017,2018,TV-PG,Crime TV Shows
s60,TV Show,Title_60,United States,2016,2016,TV-PG,Comedies
s61,Movie,Title_61,India,2018,2019,TV-14,Reality TV
s62,Movie,Title_62,United States,2021,2020,TV-PG,Kids TV
s63,TV Show,Title_63,France,2011,2017,TV-MA,Reality TV
s64,Movie,Title_64,United States,2021,2020,TV-MA,Children & Family Movies
s65,TV Show,Title_65,Nigeria,2018,2012,TV-PG,Anime Series
s66,Movie,Title_66,Spain,2020,2020,TV-MA,Dramas
s67,Movie,Title_67,India,2016,2020,TV-14,Anime Series
s68,Movie,Title_68,Canada,2017,2016,TV-14,Thrillers
s69,Movie,Title_69,Italy,2020,2015,TV-14,Sci-Fi & Fantasy
s70,Movie,Title_70,United Kingdom,2017,2016,TV-14,International TV Shows
s71,Movie,Title_71,United States,2018,2020,TV-MA,Dramas
s72,Movie,Title_72,India,2010,2020,TV-Y,International TV Shows
s73,TV Show,Title_73,Mexico,2013,2016,TV-PG,Children & Family Movies
s74,Movie,Title_74,France,2018,2018,TV-14,Thrillers
s75,TV Show,Title_75,France,2019,2013,TV-MA,Anime Series
s76,Movie,Title_76,Australia,2018,2017,TV-MA,Romantic Movies
s77,TV Show,Title_77,Brazil,2013,2021,TV-PG,Crime TV Shows
s78,TV Show,Title_78,Italy,2017,2013,TV-MA,International TV Shows
s79,Movie,Title_79,United States,2016,2021,TV-MA,International TV Shows
s80,Movie,Title_80,United Kingdom,2017,2020,TV-14,Dramas
s81,Movie,Title_81,South Korea,2020,2021,TV-14,Horror Movies
s82,Movie,Title_82,South Korea,2019,2014,TV-PG,Documentaries
s83,TV Show,Title_83,Canada,2012,2014,TV-PG,Crime TV Shows
s84,Movie,Title_84,United States,2020,2009,PG-13,Children & Family Movies
s85,Movie,Title_85,Germany,2017,2019,TV-MA,Kids TV
s86,Movie,Title_86,South Korea,2019,2018,TV-PG,Dramas
s87,Movie,Title_87,United States,2013,2014,TV-MA,Crime TV Shows
s88,Movie,Title_88,India,2019,2020,TV-14,Crime TV Shows
s89,Movie,Title_89,United States,2015,2015,TV-14,Stand-Up Comedy
s90,TV Show,Title_90,United States,2017,2013,TV-MA,Stand-Up Comedy
s91,Movie,Title_91,United States,2009,2017,TV-14,International TV Shows
s92,Movie,Title_92,India,2013,2012,PG-13,Horror Movies
s93,TV Show,Title_93,United Kingdom,2012,2015,TV-MA,International Movies
s94,TV Show,Title_94,France,2015,2016,TV-14,Thrillers
s95,TV Show,Title_95,France,2012,2020,NR,Romantic Movies
s96,TV Show,Title_96,Mexico,2019,2020,TV-14,Documentaries
s97,TV Show,Title_97,United States,2010,2017,R,International TV Shows
s98,TV Show,Title_98,United States,2018,2019,PG-13,Thrillers
s99,Movie,Title_99,Australia,2013,2018,TV-MA,Reality TV
s100,Movie,Title_100,United States,2021,2016,TV-MA,Documentaries
s101,Movie,Title_101,Nigeria,2021,2019,R,Crime TV Shows
s102,Movie,Title_102,Mexico,2015,2019,R,International TV Shows
s103,Movie,Title_103,United Kingdom,2018,2018,TV-MA,Dramas
s104,TV Show,Title_104,Nigeria,2010,2018,TV-MA,International Movies
s105,TV Show,Title_105,United States,2021,2019,TV-14,Comedies
s106,Movie,Title_106,United States,2018,2016,PG-13,Children & Family Movies
s107,TV Show,Title_107,France,2011,2020,TV-14,Romantic Movies
s108,Movie,Title_108,United States,2016,2014,NR,Horror Movies
s109,TV Show,Title_109,Italy,2012,2020,TV-Y7,International Movies
s110,TV Show,Title_110,United States,2016,2016,R,Kids TV
s111,TV Show,Title_111,United Kingdom,2019,2013,TV-PG,International TV Shows
s112,TV Show,Title_112,Canada,2017,2018,TV-14,Anime Series
s113,Movie,Title_113,France,2016,2016,TV-MA,Reality TV
s114,TV Show,Title_114,United States,2013,2020,TV-14,Romantic Movies
s115,Movie,Title_115,India,2015,2017,TV-14,Dramas
s116,TV Show,Title_116,Mexico,2012,2019,TV-MA,International TV Shows
s117,Movie,Title_117,United States,2020,2016,TV-PG,Dramas
s118,TV Show,Title_118,Mexico,2013,2014,TV-14,Action & Adventure
s119,Movie,Title_119,Canada,2018,2016,R,Horror Movies
s120,Movie,Title_120,Spain,2016,2018,TV-14,Action & Adventure
s121,Movie,Title_121,Japan,2015,2018,TV-MA,Comedies
s122,Movie,Title_122,United States,2018,2018,TV-14,Romantic Movies
s123,Movie,Title_123,Canada,2017,2021,TV-G,Sci-Fi & Fantasy
s124,Movie,Title_124,Australia,2017,2019,PG-13,Stand-Up Comedy
s125,Movie,Title_125,India,2018,2021,TV-MA,Horror Movies
s126,Movie,Title_126,Turkey,2017,2013,TV-14,Documentaries
s127,Movie,Title_127,India,2016,2011,NR,International Movies
s128,Movie,Title_128,United States,2018,2016,TV-MA,International TV Shows
s129,Movie,Title_129,India,2019,2013,TV-MA,Action & Adventure
s130,Movie,Title_130,Turkey,2010,2018,TV-MA,Romantic Movies
s131,TV Show,Title_131,United States,2017,2017,TV-14,Stand-Up Comedy
s132,Movie,Title_132,Australia,2011,2018,TV-14,International Movies
s133,Movie,Title_133,Brazil,2014,2019,TV-MA,Horror Movies
s134,Movie,Title_134,United States,2018,2021,TV-PG,Anime Series
s135,Movie,Title_135,United States,2020,2020,TV-MA,Crime TV Shows
s136,Movie,Title_136,South Korea,2020,2013,TV-PG,Anime Series
s137,TV Show,Title_137,United States,2011,2016,TV-14,Reality TV
s138,TV Show,Title_138,Spain,2017,2015,TV-14,Kids TV
s139,Movie,Title_139,India,2018,2014,TV-MA,Reality TV
s140,TV Show,Title_140,United Kingdom,2013,2018,TV-PG,International TV Shows
s141,TV Show,Title_141,Spain,2019,2018,TV-14,Anime Series
s142,Movie,Title_142,India,2019,2015,TV-14,Documentaries
s143,Movie,Title_143,India,2020,2019,TV-14,Kids TV
s144,Movie,Title_144,India,2008,2019,TV-PG,International TV Shows
s145,Movie,Title_145,India,2014,2010,TV-MA,Children & Family Movies
s146,Movie,Title_146,United Kingdom,2020,2016,TV-MA,Documentaries
s147,Movie,Title_147,Germany,2019,2020,TV-MA,Comedies
s148,TV Show,Title_148,India,2020,2018,TV-PG,International Movies
s149,Movie,Title_149,United Kingdom,2011,2016,TV-14,Comedies
s150,Movie,Title_150,Japan,2018,2015,R,Reality TV
s151,Movie,Title_151,United States,2018,2015,R,International Movies
s152,TV Show,Title_152,United States,2010,2012,PG-13,International Movies
s153,TV Show,Title_153,Italy,2017,2020,TV-14,Anime Series
s154,Movie,Title_154,South Korea,2018,2012,TV-MA,International Movies
s155,Movie,Title_155,Canada,2014,2015,PG-13,Kids TV
s156,TV Show,Title_156,France,2015,2011,TV-MA,Crime TV Shows
s157,Movie,Title_157,United States,2018,2019,TV-14,International Movies
s158,Movie,Title_158,France,2017,2010,TV-MA,Stand-Up Comedy
s159,Movie,Title_159,United Kingdom,2020,2016,PG,Anime Series
s160,Movie,Title_160,United Kingdom,2016,2018,TV-14,Documentaries
s161,TV Show,Title_161,India,2015,2017,TV-MA,Anime Series
s162,Movie,Title_162,United States,2021,2015,TV-PG,Horror Movies
s163,Movie,Title_163,United States,2021,2015,TV-MA,Crime TV Shows
s164,TV Show,Title_164,Turkey,2010,2020,NR,Anime Series
s165,TV Show,Title_165,India,2019,2021,TV-14,International TV Shows
s166,Movie,Title_166,India,2013,2016,TV-PG,Kids TV
s167,Movie,Title_167,United States,2010,2010,TV-MA,Documentaries
s168,Movie,Title_168,United States,2015,2010,PG-13,Dramas
s169,Movie,Title_169,South Korea,2015,2019,PG,Stand-Up Comedy
s170,TV Show,Title_170,United Kingdom,2020,2018,R,Sci-Fi & Fantasy
s171,Movie,Title_171,United Kingdom,2019,2019,PG-13,Comedies
s172,Movie,Title_172,United States,2021,2019,TV-MA,Romantic Movies
s173,TV Show,Title_173,South Korea,2019,2020,NR,Crime TV Shows
s174,TV Show,Title_174,United States,2017,2020,TV-PG,Romantic Movies
s175,Movie,Title_175,United States,2019,2019,PG-13,International TV Shows
s176,TV Show,Title_176,India,2021,2017,TV-PG,International Movies
s177,TV Show,Title_177,United States,2019,2016,TV-MA,Anime Series
s178,Movie,Title_178,United States,2019,2017,TV-PG,Thrillers
s179,Movie,Title_179,France,2021,2017,TV-MA,Action & Adventure
s180,Movie,Title_180,France,2013,2018,TV-PG,Action & Adventure
s181,Movie,Title_181,Mexico,2019,2014,TV-14,Reality TV
s182,Movie,Title_182,India,2020,2018,TV-MA,Anime Series
s183,TV Show,Title_183,United States,2021,2017,G,Horror Movies
s184,Movie,Title_184,United States,2014,2018,PG,Romantic Movies
s185,Movie,Title_185,Nigeria,2017,2015,PG,Reality TV
s186,TV Show,Title_186,Canada,2019,2017,R,Kids TV
s187,Movie,Title_187,Japan,2015,2014,TV-PG,Stand-Up Comedy
s188,Movie,Title_188,United States,2018,2020,TV-PG,Comedies
s189,TV Show,Title_189,United Kingdom,2015,2017,TV-MA,Horror Movies
s190,Movie,Title_190,United States,2016,2015,PG,Anime Series
s191,Movie,Title_191,Canada,2017,2011,PG,Dramas
s192,TV Show,Title_192,Italy,2018,2019,R,International TV Shows
s193,Movie,Title_193,Turkey,2017,2014,NR,International TV Shows
s194,TV Show,Title_194,United Kingdom,2017,2021,TV-14,Kids TV
s195,Movie,Title_195,India,2015,2018,TV-14,Sci-Fi & Fantasy
s196,TV Show,Title_196,Turkey,2013,2015,TV-G,Reality TV
s197,Movie,Title_197,Japan,2011,2018,TV-14,Children & Family Movies
s198,TV Show,Title_198,United States,2014,2015,TV-PG,International TV Shows
s199,Movie,Title_199,India,2018,2020,TV-14,Children & Family Movies
s200,Movie,Title_200,United States,2019,2016,TV-PG,Anime Series
s201,TV Show,Title_201,India,2014,2021,R,Kids TV
s202,Movie,Title_202,India,2012,2018,TV-PG,International Movies
s203,TV Show,Title_203,Canada,2019,2020,TV-14,Children & Family Movies
s204,Movie,Title_204,India,2016,2012,TV-MA,Children & Family Movies
s205,Movie,Title_205,United States,2021,2016,TV-PG,International TV Shows
s206,Movie,Title_206,United Kingdom,2019,2019,PG,Horror Movies
s207,Movie,Title_207,Mexico,2016,2018,TV-MA,Thrillers
s208,TV Show,Title_208,France,2015,2014,TV-MA,Romantic Movies
s209,TV Show,Title_209,United States,2018,2016,TV-MA,Crime TV Shows
s210,Movie,Title_210,Italy,2012,2015,NR,Romantic Movies
s211,TV Show,Title_211,Italy,2013,2018,TV-PG,Horror Movies
s212,Movie,Title_212,United States,2014,2016,TV-G,Comedies
s213,Movie,Title_213,United States,2019,2016,TV-14,Stand-Up Comedy
s214,TV Show,Title_214,South Korea,2017,2014,TV-14,Action & Adventure
s215,Movie,Title_215,Mexico,2009,2017,R,Reality TV
s216,Movie,Title_216,Turkey,2019,2014,TV-MA,Sci-Fi & Fantasy
s217,Movie,Title_217,Brazil,2017,2021,TV-14,Sci-Fi & Fantasy
s218,Movie,Title_218,Canada,2017,2013,TV-14,Crime TV Shows
s219,Movie,Title_219,United Kingdom,2014,2021,TV-MA,Dramas
s220,Movie,Title_220,United States,2018,2017,TV-14,Children & Family Movies
s221,Movie,Title_221,United States,2021,2016,TV-MA,Anime Series
s222,TV Show,Title_222,India,2012,2015,TV-MA,Comedies
s223,Movie,Title_223,France,2015,2018,TV-MA,Action & Adventure
s224,Movie,Title_224,Canada,2015,2019,R,Comedies
s225,Movie,Title_225,South Korea,2015,2017,TV-MA,Thrillers
s226,TV Show,Title_226,United States,2016,2011,TV-MA,Romantic Movies
s227,Movie,Title_227,Canada,2020,2021,TV-MA,Anime Series
s228,Movie,Title_228,United States,2021,2021,TV-14,Dramas
s229,TV Show,Title_229,India,2014,2017,TV-PG,Anime Series
s230,Movie,Title_230,South Korea,2018,2018,PG-13,Romantic Movies
s231,TV Show,Title_231,Japan,2018,2017,PG-13,International TV Shows
s232,TV Show,Title_232,Nigeria,2018,2016,TV-MA,Sci-Fi & Fantasy
s233,Movie,Title_233,United States,2017,2012,TV-MA,Anime Series
s234,TV Show,Title_234,United Kingdom,2014,2017,TV-MA,International TV Shows
s235,Movie,Title_235,United States,2017,2020,TV-G,Children & Family Movies
s236,Movie,Title_236,India,2017,2009,TV-PG,Romantic Movies
s237,Movie,Title_237,Australia,2020,2018,TV-MA,Reality TV
s238,Movie,Title_238,Japan,2019,2020,TV-MA,Stand-Up Comedy
s239,Movie,Title_239,Brazil,2013,2014,TV-14,Comedies
s240,Movie,Title_240,United States,2012,2014,TV-MA,Horror Movies
s241,Movie,Title_241,Australia,2020,2019,PG-13,International Movies
s242,Movie,Title_242,United States,2018,2015,TV-14,International TV Shows
s243,Movie,Title_243,Brazil,2020,2014,TV-PG,Romantic Movies
s244,Movie,Title_244,United States,2011,2016,TV-14,Crime TV Shows
s245,Movie,Title_245,United States,2018,2016,TV-MA,Romantic Movies
s246,Movie,Title_246,United Kingdom,2018,2020,TV-14,Horror Movies
s247,Movie,Title_247,Turkey,2020,2018,TV-PG,Kids TV
s248,Movie,Title_248,United States,2012,2017,TV-14,Documentaries
s249,Movie,Title_249,United States,2015,2018,TV-14,Thrillers
s250,Movie,Title_250,Australia,2017,2021,PG-13,Reality TV
s251,TV Show,Title_251,India,2020,2013,TV-MA,International Movies
s252,Movie,Title_252,United States,2021,2014,TV-14,Documentaries
s253,TV Show,Title_253,India,2021,2021,TV-MA,Thrillers
s254,Movie,Title_254,India,2021,2021,TV-PG,Documentaries
s255,TV Show,Title_255,Italy,2008,2014,TV-MA,Reality TV
s256,TV Show,Title_256,Spain,2011,2013,TV-PG,Action & Adventure
s257,Movie,Title_257,United Kingdom,2013,2017,TV-MA,Stand-Up Comedy
s258,Movie,Title_258,Nigeria,2016,2011,TV-MA,International Movies
s259,TV Show,Title_259,India,2020,2018,R,International TV Shows
s260,Movie,Title_260,United States,2020,2012,TV-PG,Dramas
s261,Movie,Title_261,United States,2014,2011,PG,International Movies
s262,TV Show,Title_262,India,2018,2017,TV-14,Anime Series
s263,Movie,Title_263,United States,2021,2021,TV-14,Crime TV Shows
s264,Movie,Title_264,Turkey,2017,2017,TV-PG,Action & Adventure
s265,Movie,Title_265,Spain,2012,2016,TV-MA,Dramas
s266,Movie,Title_266,United States,2017,2021,TV-MA,Horror Movies
s267,Movie,Title_267,Canada,2016,2018,TV-MA,Anime Series
s268,TV Show,Title_268,South Korea,2018,2016,TV-MA,Dramas
s269,Movie,Title_269,Turkey,2017,2016,TV-MA,Documentaries
s270,Movie,Title_270,Brazil,2009,2014,NR,Stand-Up Comedy
s271,Movie,Title_271,United Kingdom,2021,2017,PG-13,Horror Movies
s272,Movie,Title_272,Spain,2018,2017,NR,Horror Movies
s273,Movie,Title_273,Canada,2017,2015,TV-Y7,Stand-Up Comedy
s274,TV Show,Title_274,United Kingdom,2021,2014,TV-14,Thrillers
s275,Movie,Title_275,United States,2013,2016,TV-MA,Thrillers
s276,TV Show,Title_276,United States,2014,2017,TV-14,Anime Series
s277,Movie,Title_277,United Kingdom,2020,2011,PG,Kids TV
s278,TV Show,Title_278,United States,2015,2013,TV-14,Horror Movies
s279,TV Show,Title_279,United States,2020,2021,TV-14,International Movies
s280,Movie,Title_280,South Korea,2015,2018,TV-MA,Sci-Fi & Fantasy
s281,Movie,Title_281,United States,2010,2011,TV-14,Comedies
s282,Movie,Title_282,Canada,2017,2019,TV-14,Sci-Fi & Fantasy
s283,Movie,Title_283,United Kingdom,2014,2011,TV-MA,Thrillers
s284,Movie,Title_284,Turkey,2019,2019,PG,Stand-Up Comedy
s285,Movie,Title_285,United Kingdom,2018,2019,TV-MA,Children & Family Movies
s286,TV Show,Title_286,United States,2021,2018,G,Stand-Up Comedy
s287,TV Show,Title_287,United Kingdom,2019,2019,TV-MA,Documentaries
s288,TV Show,Title_288,Mexico,2014,2012,NR,Horror Movies
s289,Movie,Title_289,Nigeria,2020,2019,TV-14,Thrillers
s290,Movie,Title_290,India,2018,2013,TV-PG,Kids TV
s291,TV Show,Title_291,United States,2019,2016,TV-MA,Reality TV
s292,Movie,Title_292,Brazil,2020,2021,TV-PG,Sci-Fi & Fantasy
s293,TV Show,Title_293,United States,2018,2017,PG,Romantic Movies
s294,TV Show,Title_294,Canada,2017,2021,TV-MA,Sci-Fi & Fantasy
s295,TV Show,Title_295,India,2018,2012,TV-MA,Anime Series
s296,Movie,Title_296,United States,2015,2017,TV-MA,International Movies
s297,Movie,Title_297,United States,2014,2011,TV-MA,Thrillers
s298,TV Show,Title_298,United States,2018,2018,TV-MA,Crime TV Shows
s299,TV Show,Title_299,Japan,2015,2012,TV-PG,Action & Adventure
s300,Movie,Title_300,Turkey,2012,2014,TV-MA,Documentaries
s301,Movie,Title_301,United States,2008,2015,TV-PG,Documentaries
s302,TV Show,Title_302,Germany,2018,2019,PG-13,Dramas
s303,Movie,Title_303,United States,2016,2014,TV-PG,Romantic Movies
s304,Movie,Title_304,United Kingdom,2019,2020,TV-MA,Documentaries
s305,Movie,Title_305,United States,2016,2013,TV-14,Romantic Movies
s306,TV Show,Title_306,Italy,2017,2010,TV-14,Crime TV Shows
s307,Movie,Title_307,Spain,2017,2016,TV-MA,Horror Movies
s308,Movie,Title_308,France,2018,2021,TV-MA,International TV Shows
s309,TV Show,Title_309,Mexico,2016,2013,NR,Stand-Up Comedy
s310,Movie,Title_310,France,2021,2012,R,Stand-Up Comedy
s311,Movie,Title_311,Turkey,2021,2019,TV-MA,Comedies
s312,Movie,Title_312,Japan,2020,2016,TV-14,Sci-Fi & Fantasy
s313,Movie,Title_313,Italy,2021,2019,TV-MA,Horror Movies
s314,TV Show,Title_314,United Kingdom,2017,2014,G,Horror Movies
s315,TV Show,Title_315,United States,2018,2017,G,Romantic Movies
s316,Movie,Title_316,United Kingdom,2019,2015,TV-MA,International TV Shows
s317,Movie,Title_317,United States,2019,2017,TV-MA,Children & Family Movies
s318,TV Show,Title_318,Canada,2020,2019,TV-14,Thrillers
s319,Movie,Title_319,United Kingdom,2019,2019,TV-14,Horror Movies
s320,Movie,Title_320,France,2021,2017,TV-MA,Crime TV Shows
s321,Movie,Title_321,United States,2016,2021,TV-PG,Thrillers
s322,TV Show,Title_322,United States,2020,2015,TV-MA,Comedies
s323,Movie,Title_323,United Kingdom,2019,2015,TV-PG,International TV Shows
s324,Movie,Title_324,Turkey,2019,2018,TV-14,Thrillers
s325,TV Show,Title_325,India,2016,2018,TV-PG,Crime TV Shows
s326,Movie,Title_326,India,2019,2011,TV-PG,Sci-Fi & Fantasy
s327,Movie,Title_327,Japan,2020,2018,TV-14,International Movies
s328,TV Show,Title_328,Canada,2014,2016,TV-PG,International Movies
s329,Movie,Title_329,United States,2018,2019,TV-14,Kids TV
s330,Movie,Title_330,India,2016,2020,TV-MA,Children & Family Movies
s331,Movie,Title_331,United States,2021,2018,TV-MA,Stand-Up Comedy
s332,TV Show,Title_332,Turkey,2017,2008,TV-MA,Children & Family Movies
s333,TV Show,Title_333,United States,2015,2018,TV-MA,Documentaries
s334,Movie,Title_334,India,2016,2019,TV-PG,Action & Adventure
s335,Movie,Title_335,United States,2018,2015,TV-14,Stand-Up Comedy
s336,Movie,Title_336,United States,2012,2017,TV-MA,Kids TV
s337,Movie,Title_337,Spain,2018,2021,PG-13,Horror Movies
s338,Movie,Title_338,United States,2021,2015,TV-PG,Children & Family Movies
s339,TV Show,Title_339,United States,2020,2015,TV-14,Dramas
s340,Movie,Title_340,India,2011,2014,TV-MA,Action & Adventure
s341,TV Show,Title_341,United States,2021,2018,TV-MA,Anime Series
s342,Movie,Title_342,United States,2019,2021,TV-14,Action & Adventure
s343,Movie,Title_343,Germany,2014,2018,PG,Romantic Movies
s344,Movie,Title_344,Spain,2009,2016,TV-MA,Comedies
s345,TV Show,Title_345,Italy,2014,2018,TV-14,Action & Adventure
s346,Movie,Title_346,Australia,2020,2018,TV-G,Horror Movies
s347,TV Show,Title_347,Japan,2010,2018,TV-PG,Anime Series
s348,Movie,Title_348,United States,2015,2013,TV-14,Dramas
s349,Movie,Title_349,Spain,2019,2018,TV-PG,International TV Shows
s350,Movie,Title_350,Mexico,2018,2017,PG-13,International Movies
s351,TV Show,Title_351,Germany,2019,2009,TV-14,Children & Family Movies
s352,Movie,Title_352,United Kingdom,2019,2018,PG,Reality TV
s353,Movie,Title_353,United States,2011,2021,TV-14,Horror Movies
s354,Movie,Title_354,Mexico,2020,2016,PG-13,Children & Family Movies
s355,TV Show,Title_355,South Korea,2015,2021,TV-G,Reality TV
s356,Movie,Title_356,Nigeria,2018,2012,TV-14,Dramas
s357,TV Show,Title_357,United States,2018,2019,TV-PG,Anime Series
s358,Movie,Title_358,United States,2014,2013,TV-PG,Children & Family Movies
s359,Movie,Title_359,United States,2021,2015,R,Thrillers
s360,Movie,Title_360,Germany,2017,2018,PG-13,Anime Series
s361,TV Show,Title_361,United States,2011,2018,TV-MA,Dramas
s362,Movie,Title_362,United States,2021,2019,R,Dramas
s363,TV Show,Title_363,Nigeria,2018,2018,R,Kids TV
s364,TV Show,Title_364,United States,2019,2018,TV-PG,International Movies
s365,TV Show,Title_365,Mexico,2018,2021,TV-PG,Thrillers
s366,Movie,Title_366,India,2020,2017,TV-MA,Kids TV
s367,Movie,Title_367,Mexico,2010,2015,TV-14,Anime Series
s368,TV Show,Title_368,United Kingdom,2015,2014,PG-13,Action & Adventure
s369,Movie,Title_369,Brazil,2017,2016,NR,Action & Adventure
s370,Movie,Title_370,Italy,2012,2019,TV-MA,Sci-Fi & Fantasy
s371,Movie,Title_371,United States,2019,2011,TV-14,Thrillers
s372,TV Show,Title_372,United States,2016,2013,PG-13,Horror Movies
s373,Movie,Title_373,United States,2015,2012,R,Dramas
s374,Movie,Title_374,Japan,2008,2018,TV-PG,Reality TV
s375,TV Show,Title_375,Brazil,2019,2015,TV-MA,International Movies
s376,Movie,Title_376,India,2020,2014,R,Stand-Up Comedy
s377,Movie,Title_377,Canada,2016,2018,R,Stand-Up Comedy
s378,Movie,Title_378,United States,2018,2019,R,Crime TV Shows
s379,Movie,Title_379,Germany,2015,2016,R,Crime TV Shows
s380,TV Show,Title_380,Turkey,2018,2018,TV-14,Thrillers
s381,Movie,Title_381,United States,2009,2012,TV-Y7,Sci-Fi & Fantasy
s382,TV Show,Title_382,United Kingdom,2017,2021,R,Thrillers
s383,Movie,Title_383,United States,2018,2016,TV-14,Kids TV
s384,Movie,Title_384,Canada,2021,2021,NR,Stand-Up Comedy
s385,Movie,Title_385,United Kingdom,2016,2021,PG,International Movies
s386,Movie,Title_386,United States,2019,2019,PG-13,International Movies
s387,Movie,Title_387,India,2018,2010,TV-14,Anime Series
s388,Movie,Title_388,United States,2021,2018,TV-14,Dramas
s389,Movie,Title_389,United Kingdom,2016,2012,TV-MA,International TV Shows
s390,Movie,Title_390,Canada,2016,2020,TV-MA,Thrillers
s391,Movie,Title_391,United States,2020,2019,TV-14,International TV Shows
s392,Movie,Title_392,Spain,2011,2021,TV-14,Thrillers
s393,Movie,Title_393,Japan,2013,2018,TV-MA,Reality TV
s394,Movie,Title_394,India,2012,2018,NR,Thrillers
s395,Movie,Title_395,United States,2020,2017,TV-14,Anime Series
s396,Movie,Title_396,South Korea,2009,2016,TV-14,Crime TV Shows
s397,Movie,Title_397,Turkey,2020,2017,TV-14,International Movies
s398,TV Show,Title_398,United States,2017,2018,TV-MA,Children & Family Movies
s399,TV Show,Title_399,United States,2008,2021,PG,Comedies
s400,Movie,Title_400,United States,2017,2018,TV-MA,Dramas
s401,TV Show,Title_401,Canada,2014,2020,TV-PG,Dramas
s402,Movie,Title_402,United States,2018,2020,TV-PG,Reality TV
s403,Movie,Title_403,India,2019,2017,TV-14,Sci-Fi & Fantasy
s404,Movie,Title_404,Japan,2017,2016,TV-14,International TV Shows
s405,Movie,Title_405,Canada,2011,2018,TV-MA,Horror Movies
s406,TV Show,Title_406,India,2018,2017,TV-MA,Comedies
s407,Movie,Title_407,India,2020,2012,TV-14,Stand-Up Comedy
s408,Movie,Title_408,Canada,2019,2016,R,International TV Shows
s409,Movie,Title_409,United States,2020,2021,TV-14,Romantic Movies
s410,Movie,Title_410,United States,2014,2011,TV-MA,Children & Family Movies
s411,TV Show,Title_411,Brazil,2020,2019,TV-MA,Anime Series
s412,Movie,Title_412,United States,2016,2020,TV-PG,International Movies
s413,TV Show,Title_413,Japan,2009,2018,TV-14,International Movies
s414,Movie,Title_414,Italy,2020,2018,TV-MA,Action & Adventure
s415,Movie,Title_415,United States,2021,2019,TV-PG,International Movies
s416,Movie,Title_416,India,2018,2017,TV-MA,Documentaries
s417,TV Show,Title_417,Canada,2015,2012,TV-14,Kids TV
s418,Movie,Title_418,Brazil,2015,2021,TV-MA,Romantic Movies
s419,Movie,Title_419,Turkey,2017,2017,NR,Kids TV
s420,TV Show,Title_420,South Korea,2020,2019,TV-MA,Children & Family Movies
s421,Movie,Title_421,United States,2013,2018,TV-14,International Movies
s422,TV Show,Title_422,Japan,2020,2011,TV-G,Horror Movies
s423,Movie,Title_423,India,2015,2021,TV-MA,Dramas
s424,Movie,Title_424,India,2020,2020,TV-PG,International Movies
s425,Movie,Title_425,United States,2021,2013,TV-MA,Children & Family Movies
s426,TV Show,Title_426,United States,2017,2021,TV-MA,Kids TV
s427,Movie,Title_427,Germany,2016,2019,TV-PG,Documentaries
s428,Movie,Title_428,India,2020,2017,PG,Dramas
s429,Movie,Title_429,United States,2018,2018,TV-14,Action & Adventure
s430,TV Show,Title_430,India,2019,2012,TV-PG,Stand-Up Comedy
s431,Movie,Title_431,Australia,2018,2018,TV-PG,Documentaries
s432,Movie,Title_432,South Korea,2013,2012,TV-14,Kids TV
s433,Movie,Title_433,United States,2020,2018,TV-PG,International Movies
s434,Movie,Title_434,United States,2014,2018,TV-MA,Horror Movies
s435,Movie,Title_435,United States,2021,2020,TV-14,Dramas
s436,Movie,Title_436,Italy,2015,2019,TV-14,Dramas
s437,TV Show,Title_437,Canada,2019,2015,PG-13,Romantic Movies
s438,Movie,Title_438,United Kingdom,2015,2020,TV-MA,Anime Series
s439,TV Show,Title_439,Canada,2016,2018,TV-PG,Sci-Fi & Fantasy
s440,TV Show,Title_440,India,2016,2018,TV-MA,Documentaries
s441,Movie,Title_441,Germany,2019,2014,TV-MA,Reality TV
s442,Movie,Title_442,United Kingdom,2018,2020,TV-PG,Reality TV
s443,TV Show,Title_443,United States,2020,2021,R,International TV Shows
s444,Movie,Title_444,United States,2016,2019,TV-14,Horror Movies
s445,Movie,Title_445,United Kingdom,2019,2021,TV-MA,Thrillers
s446,Movie,Title_446,Italy,2019,2016,PG,International TV Shows
s447,TV Show,Title_447,United States,2013,2020,TV-MA,Documentaries
s448,Movie,Title_448,Australia,2017,2017,R,Thrillers
s449,Movie,Title_449,Spain,2017,2014,TV-PG,Thrillers
s450,TV Show,Title_450,United States,2016,2019,TV-PG,Horror Movies
s451,Movie,Title_451,United States,2016,2019,NR,Anime Series
s452,Movie,Title_452,United States,2019,2015,R,International TV Shows
s453,TV Show,Title_453,South Korea,2014,2010,TV-MA,Horror Movies
s454,TV Show,Title_454,United States,2019,2014,TV-MA,Documentaries
s455,Movie,Title_455,India,2021,2016,TV-14,Action & Adventure
s456,Movie,Title_456,United Kingdom,2018,2014,TV-MA,Dramas
s457,Movie,Title_457,South Korea,2018,2014,PG,Thrillers
s458,Movie,Title_458,United States,2011,2016,TV-MA,Children & Family Movies
s459,Movie,Title_459,India,2020,2021,TV-PG,Children & Family Movies
s460,Movie,Title_460,United Kingdom,2015,2019,R,International TV Shows
s461,Movie,Title_461,United Kingdom,2018,2016,PG-13,Reality TV
s462,Movie,Title_462,Mexico,2021,2021,TV-14,Dramas
s463,Movie,Title_463,United States,2018,2018,R,Thrillers
s464,Movie,Title_464,Germany,2019,2017,TV-MA,Stand-Up Comedy
s465,Movie,Title_465,Japan,2017,2017,R,Comedies
s466,TV Show,Title_466,Canada,2011,2017,TV-MA,Dramas
s467,Movie,Title_467,Japan,2020,2015,PG,Anime Series
s468,Movie,Title_468,India,2010,2016,TV-MA,Children & Family Movies
s469,TV Show,Title_469,United States,2019,2018,TV-MA,Action & Adventure
s470,Movie,Title_470,France,2010,2018,TV-14,Kids TV
s471,Movie,Title_471,United Kingdom,2020,2019,R,Documentaries
s472,Movie,Title_472,France,2013,2016,R,International Movies
s473,TV Show,Title_473,United States,2017,2019,TV-MA,Children & Family Movies
s474,Movie,Title_474,Brazil,2018,2018,TV-MA,Reality TV
s475,TV Show,Title_475,Canada,2017,2021,TV-MA,Dramas
s476,Movie,Title_476,United States,2016,2016,TV-14,International TV Shows
s477,TV Show,Title_477,India,2017,2020,TV-14,Action & Adventure
s478,Movie,Title_478,South Korea,2016,2020,TV-14,Stand-Up Comedy
s479,Movie,Title_479,Germany,2017,2018,TV-PG,Sci-Fi & Fantasy
s480,TV Show,Title_480,United Kingdom,2016,2018,TV-14,Anime Series
s481,TV Show,Title_481,Brazil,2018,2012,NR,Kids TV
s482,Movie,Title_482,United States,2015,2021,TV-MA,Children & Family Movies
s483,TV Show,Title_483,India,2021,2012,TV-PG,International TV Shows
s484,Movie,Title_484,Brazil,2017,2018,TV-PG,Children & Family Movies
s485,Movie,Title_485,Brazil,2014,2016,TV-MA,Children & Family Movies
s486,Movie,Title_486,Japan,2017,2017,TV-14,Kids TV
s487,Movie,Title_487,Australia,2020,2018,TV-14,International TV Shows
s488,Movie,Title_488,United States,2010,2020,TV-MA,Documentaries
s489,Movie,Title_489,Australia,2019,2017,TV-14,Crime TV Shows
s490,TV Show,Title_490,United States,2018,2021,TV-14,Kids TV
s491,Movie,Title_491,United States,2014,2018,TV-MA,Kids TV
s492,Movie,Title_492,United States,2020,2014,TV-14,Romantic Movies
s493,TV Show,Title_493,India,2016,2014,TV-14,Comedies
s494,TV Show,Title_494,United States,2015,2019,TV-MA,Sci-Fi & Fantasy
s495,Movie,Title_495,United States,2020,2011,TV-MA,Romantic Movies
s496,Movie,Title_496,United States,2018,2017,TV-PG,Anime Series
s497,Movie,Title_497,United States,2020,2013,TV-PG,Children & Family Movies
s498,Movie,Title_498,Canada,2018,2017,NR,Stand-Up Comedy
s499,Movie,Title_499,India,2019,2019,TV-MA,Sci-Fi & Fantasy
s500,Movie,Title_500,United States,2020,2017,TV-MA,Children & Family Movies
s501,Movie,Title_501,South Korea,2011,2014,TV-MA,Thrillers
s502,Movie,Title_502,Brazil,2019,2015,TV-14,International TV Shows
s503,Movie,Title_503,South Korea,2018,2016,TV-PG,Horror Movies
s504,TV Show,Title_504,United States,2011,2011,TV-14,Anime Series
s505,Movie,Title_505,South Korea,2017,2018,R,Crime TV Shows
s506,Movie,Title_506,United States,2012,2018,TV-PG,Thrillers
s507,Movie,Title_507,United States,2019,2011,TV-Y,Documentaries
s508,TV Show,Title_508,United States,2018,2017,TV-MA,Crime TV Shows
s509,Movie,Title_509,Germany,2021,2017,TV-MA,Thrillers
s510,Movie,Title_510,United States,2014,2016,TV-MA,Romantic Movies
s511,Movie,Title_511,United States,2018,2018,TV-MA,Action & Adventure
s512,TV Show,Title_512,United States,2014,2016,NR,Anime Series
s513,Movie,Title_513,Australia,2018,2017,TV-MA,International TV Shows
s514,TV Show,Title_514,France,2019,2020,TV-14,Anime Series
s515,Movie,Title_515,United States,2019,2014,TV-MA,Thrillers
s516,Movie,Title_516,United Kingdom,2020,2018,TV-MA,Action & Adventure
s517,TV Show,Title_517,United Kingdom,2020,2017,TV-MA,Documentaries
s518,TV Show,Title_518,France,2012,2016,TV-MA,International TV Shows
s519,Movie,Title_519,United States,2016,2019,TV-PG,Anime Series
s520,TV Show,Title_520,Australia,2019,2018,G,Thrillers
s521,TV Show,Title_521,United States,2017,2017,TV-14,Sci-Fi & Fantasy
s522,Movie,Title_522,Japan,2014,2019,TV-14,Dramas
s523,Movie,Title_523,United States,2018,2020,TV-MA,Reality TV
s524,Movie,Title_524,India,2017,2021,PG-13,Thrillers
s525,Movie,Title_525,United States,2016,2018,TV-MA,Sci-Fi & Fantasy
s526,Movie,Title_526,United Kingdom,2020,2020,PG,Thrillers
s527,TV Show,Title_527,United States,2017,2008,TV-14,Dramas
s528,Movie,Title_528,Germany,2010,2018,TV-MA,Children & Family Movies
s529,TV Show,Title_529,United States,2011,2014,TV-14,Kids TV
s530,Movie,Title_530,Japan,2020,2012,TV-Y7,Romantic Movies
s531,TV Show,Title_531,Germany,2021,2018,TV-MA,Documentaries
s532,TV Show,Title_532,Canada,2019,2019,TV-MA,Stand-Up Comedy
s533,TV Show,Title_533,South Korea,2016,2017,TV-MA,Reality TV
s534,Movie,Title_534,France,2021,2019,TV-14,Documentaries
s535,Movie,Title_535,India,2019,2017,TV-MA,Romantic Movies
s536,Movie,Title_536,Germany,2020,2017,R,Documentaries
s537,Movie,Title_537,United States,2019,2015,PG,International Movies
s538,Movie,Title_538,Canada,2016,2016,NR,Action & Adventure
s539,Movie,Title_539,South Korea,2017,2016,TV-MA,Action & Adventure
s540,Movie,Title_540,India,2014,2018,TV-14,Sci-Fi & Fantasy
s541,Movie,Title_541,United States,2015,2013,TV-MA,Romantic Movies
s542,Movie,Title_542,India,2019,2012,TV-14,Romantic Movies
s543,TV Show,Title_543,Germany,2020,2019,PG-13,Sci-Fi & Fantasy
s544,TV Show,Title_544,Italy,2019,2018,TV-14,Stand-Up Comedy
s545,Movie,Title_545,United Kingdom,2017,2017,PG,Comedies
s546,Movie,Title_546,France,2012,2013,PG-13,Dramas
s547,Movie,Title_547,Brazil,2011,2017,TV-MA,Children & Family Movies
s548,TV Show,Title_548,United States,2016,2019,TV-PG,Horror Movies
s549,Movie,Title_549,United States,2017,2020,TV-MA,Thrillers
s550,Movie,Title_550,Japan,2018,2019,TV-14,Anime Series
s551,TV Show,Title_551,Mexico,2008,2011,TV-MA,Anime Series
s552,TV Show,Title_552,Australia,2021,2019,NR,International Movies
s553,Movie,Title_553,India,2016,2015,TV-14,Reality TV
s554,Movie,Title_554,United States,2020,2016,TV-PG,International Movies
s555,Movie,Title_555,India,2018,2014,R,Sci-Fi & Fantasy
s556,Movie,Title_556,United States,2013,2019,R,Sci-Fi & Fantasy
s557,Movie,Title_557,United States,2020,2018,R,Dramas
s558,Movie,Title_558,Spain,2019,2018,TV-MA,Thrillers
s559,Movie,Title_559,United States,2018,2019,TV-PG,Sci-Fi & Fantasy
s560,Movie,Title_560,Mexico,2017,2015,TV-14,Reality TV
s561,Movie,Title_561,India,2012,2017,TV-14,Anime Series
s562,Movie,Title_562,Canada,2018,2018,TV-MA,Sci-Fi & Fantasy
s563,Movie,Title_563,United States,2021,2018,TV-MA,Stand-Up Comedy
s564,Movie,Title_564,United States,2012,2020,NR,International TV Shows
s565,Movie,Title_565,United States,2015,2015,TV-MA,Dramas
s566,Movie,Title_566,Turkey,2020,2019,TV-14,Kids TV
s567,Movie,Title_567,Germany,2015,2017,TV-MA,Dramas
s568,Movie,Title_568,India,2018,2019,TV-MA,Dramas
s569,Movie,Title_569,United States,2018,2017,TV-MA,Romantic Movies
s570,Movie,Title_570,Italy,2018,2021,TV-14,Documentaries
s571,Movie,Title_571,United States,2017,2014,PG,Children & Family Movies
s572,Movie,Title_572,United States,2015,2019,TV-MA,Action & Adventure
s573,TV Show,Title_573,Canada,2011,2018,TV-MA,Dramas
s574,Movie,Title_574,Turkey,2019,2014,TV-14,Dramas
s575,Movie,Title_575,United States,2019,2011,TV-MA,Romantic Movies
s576,Movie,Title_576,United States,2019,2020,PG,Reality TV
s577,TV Show,Title_577,Italy,2018,2013,TV-14,Comedies
s578,TV Show,Title_578,United States,2015,2014,TV-14,Documentaries
s579,Movie,Title_579,United States,2010,2021,TV-14,Anime Series
s580,TV Show,Title_580,Canada,2020,2019,R,Documentaries
s581,Movie,Title_581,Australia,2017,2015,TV-14,Horror Movies
s582,Movie,Title_582,United Kingdom,2016,2018,TV-MA,Sci-Fi & Fantasy
s583,Movie,Title_583,Nigeria,2012,2018,TV-MA,Horror Movies
s584,Movie,Title_584,Japan,2011,2020,NR,Horror Movies
s585,TV Show,Title_585,United States,2016,2019,PG-13,Stand-Up Comedy
s586,TV Show,Title_586,Nigeria,2020,2020,TV-MA,Reality TV
s587,Movie,Title_587,India,2021,2014,PG-13,Crime TV Shows
s588,Movie,Title_588,United States,2020,2018,TV-14,Horror Movies
s589,Movie,Title_589,Canada,2021,2011,TV-14,Stand-Up Comedy
s590,Movie,Title_590,United States,2020,2011,TV-MA,Anime Series
s591,Movie,Title_591,United States,2018,2019,R,Reality TV
s592,Movie,Title_592,United States,2014,2010,TV-MA,Stand-Up Comedy
s593,TV Show,Title_593,India,2020,2018,R,Stand-Up Comedy
s594,Movie,Title_594,Mexico,2014,2020,TV-MA,Stand-Up Comedy
s595,TV Show,Title_595,Canada,2015,2016,R,Documentaries
s596,Movie,Title_596,Nigeria,2015,2011,TV-MA,Romantic Movies
s597,Movie,Title_597,United States,2017,2019,TV-MA,Comedies
s598,Movie,Title_598,United States,2016,2021,TV-MA,Action & Adventure
s599,Movie,Title_599,United States,2013,2019,TV-MA,Horror Movies
s600,Movie,Title_600,United States,2017,2018,TV-14,Children & Family Movies
s601,Movie,Title_601,United States,2020,2015,TV-MA,Kids TV
s602,TV Show,Title_602,Germany,2018,2009,TV-Y7,Horror Movies
s603,TV Show,Title_603,Brazil,2020,2019,TV-14,Crime TV Shows
s604,Movie,Title_604,Nigeria,2014,2015,TV-14,Crime TV Shows
s605,Movie,Title_605,United States,2014,2020,TV-MA,Sci-Fi & Fantasy
s606,Movie,Title_606,Brazil,2018,2017,TV-14,Anime Series
s607,TV Show,Title_607,United States,2017,2018,TV-MA,Crime TV Shows
s608,Movie,Title_608,United States,2019,2019,R,Reality TV
s609,Movie,Title_609,Australia,2020,2019,TV-MA,Reality TV
s610,TV Show,Title_610,France,2019,2018,R,Children & Family Movies
s611,Movie,Title_611,United States,2021,2021,TV-14,Kids TV
s612,Movie,Title_612,India,2016,2021,TV-Y,Stand-Up Comedy
s613,TV Show,Title_613,United States,2014,2021,TV-MA,Kids TV
s614,Movie,Title_614,South Korea,2018,2020,TV-MA,Comedies
s615,Movie,Title_615,India,2013,2019,TV-14,Stand-Up Comedy
s616,Movie,Title_616,Nigeria,2015,2019,TV-G,Action & Adventure
s617,TV Show,Title_617,United States,2014,2012,TV-PG,Thrillers
s618,Movie,Title_618,India,2016,2015,TV-MA,Dramas
s619,Movie,Title_619,United Kingdom,2013,2008,TV-14,International Movies
s620,Movie,Title_620,United Kingdom,2010,2013,PG,Children & Family Movies
s621,Movie,Title_621,United States,2018,2017,TV-MA,Thrillers
s622,Movie,Title_622,South Korea,2018,2013,TV-MA,Anime Series
s623,Movie,Title_623,Australia,2019,2020,PG-13,Romantic Movies
s624,TV Show,Title_624,Italy,2019,2020,PG,Kids TV
s625,Movie,Title_625,Germany,2013,2012,TV-PG,Documentaries
s626,TV Show,Title_626,Australia,2015,2015,TV-Y7,Children & Family Movies
s627,Movie,Title_627,United Kingdom,2013,2020,TV-MA,International Movies
s628,Movie,Title_628,Mexico,2020,2020,TV-14,Romantic Movies
s629,TV Show,Title_629,United States,2019,2021,TV-PG,Action & Adventure
s630,TV Show,Title_630,India,2014,2021,TV-PG,Documentaries
s631,Movie,Title_631,United States,2016,2021,R,Stand-Up Comedy
s632,Movie,Title_632,India,2021,2017,PG,Thrillers
s633,Movie,Title_633,United States,2018,2015,TV-14,Thrillers
s634,Movie,Title_634,Turkey,2020,2019,TV-MA,Documentaries
s635,Movie,Title_635,United States,2015,2015,TV-14,Romantic Movies
s636,TV Show,Title_636,United States,2014,2020,TV-PG,Anime Series
s637,Movie,Title_637,United Kingdom,2019,2018,TV-MA,International TV Shows
s638,Movie,Title_638,United States,2019,2020,PG-13,Reality TV
s639,TV Show,Title_639,United States,2019,2015,TV-MA,Documentaries
s640,Movie,Title_640,United States,2018,2017,TV-MA,Dramas
s641,Movie,Title_641,India,2018,2018,TV-14,Kids TV
s642,Movie,Title_642,India,2019,2021,R,Reality TV
s643,Movie,Title_643,Germany,2015,2015,TV-MA,Action & Adventure
s644,Movie,Title_644,South Korea,2016,2021,R,Horror Movies
s645,TV Show,Title_645,India,2020,2020,TV-14,International TV Shows
s646,Movie,Title_646,United States,2016,2019,TV-MA,International TV Shows
s647,TV Show,Title_647,United States,2018,2019,TV-MA,International Movies
s648,Movie,Title_648,Spain,2019,2018,TV-PG,Crime TV Shows
s649,TV Show,Title_649,United States,2021,2015,TV-14,Thrillers
s650,TV Show,Title_650,United States,2017,2014,PG,International Movies
s651,Movie,Title_651,Germany,2017,2020,TV-14,Horror Movies
s652,Movie,Title_652,United Kingdom,2020,2019,TV-MA,Documentaries
s653,Movie,Title_653,United States,2020,2014,TV-MA,Horror Movies
s654,Movie,Title_654,United States,2019,2018,TV-MA,Kids TV
s655,Movie,Title_655,Italy,2017,2017,TV-14,Anime Series
s656,Movie,Title_656,Australia,2016,2013,TV-14,Romantic Movies
s657,Movie,Title_657,Japan,2018,2018,R,Documentaries
s658,Movie,Title_658,United Kingdom,2020,2015,TV-MA,Kids TV
s659,Movie,Title_659,United Kingdom,2020,2012,TV-MA,Horror Movies
s660,Movie,Title_660,Nigeria,2012,2017,TV-MA,International TV Shows
s661,TV Show,Title_661,Turkey,2017,2018,TV-MA,International Movies
s662,TV Show,Title_662,United States,2017,2011,TV-14,Crime TV Shows
s663,Movie,Title_663,Germany,2021,2017,TV-G,Children & Family Movies
s664,TV Show,Title_664,United States,2019,2015,TV-PG,Stand-Up Comedy
s665,Movie,Title_665,United States,2017,2010,R,Comedies
s666,Movie,Title_666,Japan,2010,2013,TV-MA,Dramas
s667,Movie,Title_667,India,2018,2013,TV-MA,International Movies
s668,Movie,Title_668,Italy,2012,2014,TV-MA,International TV Shows
s669,Movie,Title_669,United States,2020,2020,TV-MA,International TV Shows
s670,TV Show,Title_670,United Kingdom,2019,2017,TV-14,Romantic Movies
s671,TV Show,Title_671,Italy,2017,2013,TV-MA,Documentaries
s672,TV Show,Title_672,Brazil,2017,2012,PG-13,International TV Shows
s673,Movie,Title_673,United States,2020,2015,TV-Y,Reality TV
s674,Movie,Title_674,India,2015,2020,TV-MA,Horror Movies
s675,Movie,Title_675,France,2015,2016,TV-PG,Documentaries
s676,Movie,Title_676,United States,2021,2013,TV-PG,Dramas
s677,Movie,Title_677,Turkey,2020,2017,TV-MA,Kids TV
s678,Movie,Title_678,Italy,2020,2018,PG,Dramas
s679,Movie,Title_679,United States,2014,2010,TV-MA,Anime Series
s680,Movie,Title_680,United States,2013,2018,R,International Movies
s681,Movie,Title_681,United States,2010,2016,TV-MA,Sci-Fi & Fantasy
s682,Movie,Title_682,Italy,2015,2008,TV-14,Dramas
s683,Movie,Title_683,United States,2019,2019,TV-14,International TV Shows
s684,Movie,Title_684,India,2015,2019,PG-13,Stand-Up Comedy
s685,Movie,Title_685,India,2019,2018,TV-MA,International Movies
s686,Movie,Title_686,Canada,2015,2016,TV-MA,Kids TV
s687,Movie,Title_687,United States,2016,2018,TV-14,Crime TV Shows
s688,Movie,Title_688,United States,2021,2016,TV-MA,Stand-Up Comedy
s689,Movie,Title_689,Italy,2015,2019,TV-PG,Crime TV Shows
s690,Movie,Title_690,Brazil,2016,2018,R,Documentaries
s691,Movie,Title_691,Spain,2016,2012,PG-13,Dramas
s692,TV Show,Title_692,United States,2012,2018,R,Action & Adventure
s693,Movie,Title_693,United States,2017,2019,PG,Kids TV
s694,Movie,Title_694,France,2016,2016,R,International Movies
s695,Movie,Title_695,United States,2019,2020,NR,Thrillers
s696,Movie,Title_696,Italy,2020,2020,TV-MA,International TV Shows
s697,Movie,Title_697,France,2018,2014,TV-14,Documentaries
s698,Movie,Title_698,United States,2010,2020,TV-Y7,Kids TV
s699,Movie,Title_699,Brazil,2018,2017,TV-PG,Horror Movies
s700,Movie,Title_700,Turkey,2011,2019,PG,Kids TV
s701,Movie,Title_701,United States,2018,2020,TV-MA,Comedies
s702,Movie,Title_702,United Kingdom,2019,2017,PG,Documentaries
s703,Movie,Title_703,United States,2014,2016,TV-PG,Romantic Movies
s704,Movie,Title_704,India,2020,2021,TV-MA,Children & Family Movies
s705,Movie,Title_705,United States,2021,2015,TV-MA,Horror Movies
s706,Movie,Title_706,Canada,2020,2015,TV-MA,Comedies
s707,Movie,Title_707,Turkey,2016,2016,PG,Action & Adventure
s708,Movie,Title_708,United Kingdom,2018,2020,TV-PG,Anime Series
s709,Movie,Title_709,United States,2021,2021,PG,Anime Series
s710,TV Show,Title_710,France,2016,2015,TV-14,Dramas
s711,TV Show,Title_711,United States,2020,2020,NR,International Movies
s712,Movie,Title_712,Australia,2008,2015,TV-14,Comedies
s713,TV Show,Title_713,India,2008,2021,TV-MA,Reality TV
s714,Movie,Title_714,United States,2019,2018,TV-MA,Romantic Movies
s715,Movie,Title_715,United States,2019,2008,TV-Y7,Children & Family Movies
s716,Movie,Title_716,Spain,2019,2010,TV-MA,Children & Family Movies
s717,TV Show,Title_717,United States,2021,2013,TV-MA,Dramas
s718,Movie,Title_718,Spain,2013,2014,TV-MA,Horror Movies
s719,TV Show,Title_719,United States,2015,2019,TV-MA,Comedies
s720,Movie,Title_720,United States,2020,2015,PG,Anime Series
s721,Movie,Title_721,India,2014,2021,TV-14,Sci-Fi & Fantasy
s722,Movie,Title_722,Turkey,2019,2018,TV-PG,Anime Series
s723,Movie,Title_723,Italy,2018,2019,NR,Comedies
s724,Movie,Title_724,United States,2012,2014,TV-14,International Movies
s725,TV Show,Title_725,India,2015,2020,PG-13,International TV Shows
s726,Movie,Title_726,United States,2018,2019,TV-MA,Comedies
s727,TV Show,Title_727,United Kingdom,2020,2020,G,Thrillers
s728,TV Show,Title_728,India,2019,2021,TV-MA,Sci-Fi & Fantasy
s729,TV Show,Title_729,Brazil,2018,2013,R,Anime Series
s730,TV Show,Title_730,Italy,2017,2012,TV-PG,Sci-Fi & Fantasy
s731,Movie,Title_731,India,2015,2020,TV-MA,Romantic Movies
s732,TV Show,Title_732,United Kingdom,2013,2020,TV-14,Action & Adventure
s733,Movie,Title_733,Brazil,2017,2018,TV-MA,International Movies
s734,Movie,Title_734,Germany,2010,2016,TV-MA,International TV Shows
s735,Movie,Title_735,United States,2014,2018,TV-14,Stand-Up Comedy
s736,Movie,Title_736,United States,2017,2016,TV-Y7,Anime Series
s737,TV Show,Title_737,India,2017,2015,TV-14,Dramas
s738,Movie,Title_738,United States,2011,2017,TV-14,Romantic Movies
s739,Movie,Title_739,United States,2018,2014,TV-MA,International TV Shows
s740,Movie,Title_740,United States,2018,2017,TV-MA,Stand-Up Comedy
s741,Movie,Title_741,France,2012,2021,TV-14,Sci-Fi & Fantasy
s742,Movie,Title_742,United States,2021,2020,TV-Y,International Movies
s743,Movie,Title_743,United States,2012,2021,PG,Sci-Fi & Fantasy
s744,Movie,Title_744,United States,2020,2020,TV-MA,Horror Movies
s745,Movie,Title_745,Germany,2008,2016,TV-14,Anime Series
s746,Movie,Title_746,Australia,2020,2020,TV-14,Action & Adventure
s747,Movie,Title_747,United Kingdom,2009,2021,TV-PG,Action & Adventure
s748,Movie,Title_748,India,2019,2021,TV-PG,Children & Family Movies
s749,Movie,Title_749,Nigeria,2016,2019,R,Comedies
s750,Movie,Title_750,United States,2019,2014,TV-MA,Kids TV
s751,Movie,Title_751,United States,2017,2010,NR,Kids TV
s752,TV Show,Title_752,United States,2012,2013,TV-MA,Romantic Movies
s753,Movie,Title_753,United States,2019,2021,TV-14,Comedies
s754,TV Show,Title_754,India,2012,2017,PG,Action & Adventure
s755,Movie,Title_755,Italy,2021,2020,TV-14,Romantic Movies
s756,Movie,Title_756,Canada,2011,2017,TV-MA,Comedies
s757,TV Show,Title_757,India,2017,2019,TV-MA,Romantic Movies
s758,Movie,Title_758,Italy,2019,2010,TV-14,Stand-Up Comedy
s759,Movie,Title_759,United States,2016,2015,TV-MA,Horror Movies
s760,TV Show,Title_760,United States,2014,2017,TV-14,Anime Series
s761,Movie,Title_761,Canada,2019,2018,TV-MA,Anime Series
s762,Movie,Title_762,Canada,2019,2014,PG-13,Documentaries
s763,Movie,Title_763,United States,2021,2019,TV-MA,Kids TV
s764,TV Show,Title_764,India,2016,2016,TV-PG,Anime Series
s765,TV Show,Title_765,France,2017,2020,TV-14,Anime Series
s766,Movie,Title_766,Japan,2016,2012,TV-14,Sci-Fi & Fantasy
s767,Movie,Title_767,France,2015,2019,TV-MA,Comedies
s768,Movie,Title_768,United States,2019,2015,TV-PG,Children & Family Movies
s769,Movie,Title_769,United States,2016,2020,TV-PG,Comedies
s770,TV Show,Title_770,India,2017,2017,TV-MA,Thrillers
s771,TV Show,Title_771,United States,2017,2019,PG-13,Crime TV Shows
s772,Movie,Title_772,Turkey,2019,2021,PG-13,Action & Adventure
s773,Movie,Title_773,United Kingdom,2021,2010,TV-MA,Children & Family Movies
s774,TV Show,Title_774,United States,2019,2009,TV-PG,Reality TV
s775,Movie,Title_775,Spain,2017,2019,TV-14,Thrillers
s776,TV Show,Title_776,United Kingdom,2019,2018,TV-MA,Anime Series
s777,TV Show,Title_777,United States,2018,2015,TV-MA,Kids TV
s778,TV Show,Title_778,Germany,2011,2017,TV-G,International TV Shows
s779,Movie,Title_779,Australia,2012,2011,TV-14,Children & Family Movies
s780,TV Show,Title_780,Japan,2010,2014,NR,Kids TV
s781,Movie,Title_781,United States,2017,2017,TV-PG,Sci-Fi & Fantasy
s782,Movie,Title_782,Canada,2020,2020,TV-MA,Kids TV
s783,TV Show,Title_783,Spain,2016,2017,TV-MA,Action & Adventure
s784,Movie,Title_784,United States,2016,2018,R,Kids TV
s785,TV Show,Title_785,United States,2020,2020,TV-14,Kids TV
s786,Movie,Title_786,Brazil,2020,2016,TV-MA,Sci-Fi & Fantasy
s787,Movie,Title_787,United States,2019,2019,TV-PG,Reality TV
s788,Movie,Title_788,South Korea,2015,2020,PG-13,Anime Series
s789,Movie,Title_789,India,2013,2014,R,Crime TV Shows
s790,Movie,Title_790,India,2009,2016,TV-MA,Thrillers
s791,Movie,Title_791,United States,2012,2021,TV-MA,Romantic Movies
s792,Movie,Title_792,Mexico,2015,2021,TV-G,Children & Family Movies
s793,TV Show,Title_793,India,2018,2015,PG,Romantic Movies
s794,Movie,Title_794,United Kingdom,2011,2011,TV-MA,Stand-Up Comedy
s795,TV Show,Title_795,Japan,2013,2015,PG-13,Romantic Movies
s796,TV Show,Title_796,Japan,2014,2016,TV-MA,International TV Shows
s797,TV Show,Title_797,Turkey,2018,2017,TV-MA,Horror Movies
s798,Movie,Title_798,United Kingdom,2018,2018,TV-MA,Comedies
s799,Movie,Title_799,India,2018,2020,TV-MA,Documentaries
s800,Movie,Title_800,Turkey,2015,2016,PG-13,Kids TV
s801,Movie,Title_801,France,2016,2020,TV-14,Romantic Movies
s802,Movie,Title_802,United States,2012,2012,TV-MA,International TV Shows
s803,Movie,Title_803,United States,2015,2011,PG-13,Comedies
s804,Movie,Title_804,Mexico,2020,2017,PG-13,Documentaries
s805,Movie,Title_805,India,2021,2011,TV-MA,International Movies
s806,TV Show,Title_806,France,2018,2016,TV-PG,Comedies
s807,Movie,Title_807,India,2021,2020,R,Children & Family Movies
s808,Movie,Title_808,United States,2018,2015,TV-PG,Reality TV
s809,TV Show,Title_809,Canada,2010,2019,R,Stand-Up Comedy
s810,Movie,Title_810,United States,2021,2016,TV-MA,Documentaries
s811,Movie,Title_811,India,2012,2011,TV-MA,International TV Shows
s812,Movie,Title_812,United Kingdom,2019,2018,PG-13,Reality TV
s813,Movie,Title_813,India,2015,2020,PG,Sci-Fi & Fantasy
s814,Movie,Title_814,South Korea,2016,2017,TV-MA,Comedies
s815,TV Show,Title_815,Mexico,2018,2018,TV-MA,Action & Adventure
s816,Movie,Title_816,Spain,2017,2020,PG-13,Comedies
s817,Movie,Title_817,United States,2015,2019,TV-14,Comedies
s818,Movie,Title_818,United States,2016,2014,TV-MA,Sci-Fi & Fantasy
s819,TV Show,Title_819,United Kingdom,2016,2019,TV-MA,Horror Movies
s820,Movie,Title_820,Italy,2021,2017,TV-14,Action & Adventure
s821,Movie,Title_821,Mexico,2020,2019,TV-14,Thrillers
s822,TV Show,Title_822,Mexico,2017,2017,TV-14,Comedies
s823,Movie,Title_823,United States,2014,2013,TV-MA,Stand-Up Comedy
s824,Movie,Title_824,India,2020,2018,G,Kids TV
s825,Movie,Title_825,India,2013,2017,NR,Crime TV Shows
s826,TV Show,Title_826,United States,2014,2017,NR,International TV Shows
s827,TV Show,Title_827,United States,2016,2020,PG,Action & Adventure
s828,TV Show,Title_828,Turkey,2020,2020,TV-PG,Anime Series
s829,Movie,Title_829,United States,2013,2017,TV-MA,International TV Shows
s830,TV Show,Title_830,United States,2013,2017,TV-MA,Stand-Up Comedy
s831,Movie,Title_831,United States,2017,2017,TV-MA,International Movies
s832,Movie,Title_832,Italy,2015,2017,TV-MA,Horror Movies
s833,TV Show,Title_833,Canada,2018,2021,TV-14,International Movies
s834,Movie,Title_834,Japan,2017,2018,TV-Y7,Comedies
s835,Movie,Title_835,Italy,2017,2015,TV-14,Comedies
s836,Movie,Title_836,United States,2013,2018,TV-14,Documentaries
s837,Movie,Title_837,France,2013,2018,TV-PG,Comedies
s838,Movie,Title_838,United States,2020,2018,TV-MA,Reality TV
s839,Movie,Title_839,United States,2020,2018,NR,Kids TV
s840,TV Show,Title_840,Mexico,2015,2014,TV-14,Stand-Up Comedy
s841,Movie,Title_841,Spain,2013,2010,TV-MA,Reality TV
s842,Movie,Title_842,United States,2011,2016,NR,Romantic Movies
s843,Movie,Title_843,India,2018,2017,TV-PG,Children & Family Movies
s844,TV Show,Title_844,United Kingdom,2019,2011,TV-14,Crime TV Shows
s845,Movie,Title_845,United States,2016,2020,TV-14,Anime Series
s846,Movie,Title_846,United States,2019,2016,R,Sci-Fi & Fantasy
s847,Movie,Title_847,United States,2019,2021,TV-MA,Dramas
s848,Movie,Title_848,United States,2021,2013,PG-13,Thrillers
s849,Movie,Title_849,Germany,2011,2011,TV-G,International Movies
s850,TV Show,Title_850,United States,2014,2017,TV-14,Anime Series
s851,TV Show,Title_851,United States,2011,2014,TV-PG,Anime Series
s852,Movie,Title_852,United Kingdom,2020,2021,PG-13,Stand-Up Comedy
s853,TV Show,Title_853,Australia,2020,2009,TV-14,Romantic Movies
s854,TV Show,Title_854,United States,2018,2017,TV-Y7,Anime Series
s855,Movie,Title_855,United States,2012,2021,TV-PG,Stand-Up Comedy
s856,Movie,Title_856,India,2015,2016,TV-14,Children & Family Movies
s857,Movie,Title_857,South Korea,2015,2012,TV-PG,International TV Shows
s858,Movie,Title_858,United Kingdom,2018,2016,TV-14,Stand-Up Comedy
s859,Movie,Title_859,Germany,2015,2017,TV-MA,Dramas
s860,Movie,Title_860,Turkey,2012,2014,R,Sci-Fi & Fantasy
s861,TV Show,Title_861,Germany,2019,2017,TV-14,Stand-Up Comedy
s862,TV Show,Title_862,Canada,2015,2020,R,Dramas
s863,Movie,Title_863,United Kingdom,2017,2020,TV-MA,Comedies
s864,TV Show,Title_864,United States,2013,2011,TV-14,Action & Adventure
s865,TV Show,Title_865,Nigeria,2020,2014,R,Comedies
s866,TV Show,Title_866,India,2018,2015,TV-Y,Kids TV
s867,Movie,Title_867,United States,2020,2018,PG,International Movies
s868,TV Show,Title_868,Japan,2017,2016,PG-13,Anime Series
s869,Movie,Title_869,United States,2021,2020,TV-MA,Crime TV Shows
s870,Movie,Title_870,Canada,2020,2019,PG-13,Anime Series
s871,Movie,Title_871,Canada,2018,2012,TV-MA,Crime TV Shows
s872,Movie,Title_872,India,2021,2018,TV-MA,Comedies
s873,Movie,Title_873,Mexico,2016,2013,TV-MA,Horror Movies
s874,Movie,Title_874,United States,2016,2015,PG-13,Sci-Fi & Fantasy
s875,Movie,Title_875,India,2011,2014,TV-MA,Kids TV
s876,TV Show,Title_876,United Kingdom,2018,2014,TV-MA,International Movies
s877,Movie,Title_877,France,2019,2018,TV-MA,International TV Shows
s878,TV Show,Title_878,Spain,2019,2018,TV-14,Documentaries
s879,TV Show,Title_879,India,2013,2014,PG,Comedies
s880,TV Show,Title_880,France,2017,2021,TV-14,Sci-Fi & Fantasy
s881,Movie,Title_881,United States,2014,2017,TV-14,Anime Series
s882,Movie,Title_882,Italy,2019,2012,TV-MA,Horror Movies
s883,Movie,Title_883,India,2013,2013,TV-MA,Children & Family Movies
s884,Movie,Title_884,South Korea,2020,2018,TV-MA,Romantic Movies
s885,Movie,Title_885,United States,2015,2021,TV-14,Kids TV
s886,Movie,Title_886,United States,2015,2018,TV-14,Kids TV
s887,Movie,Title_887,United Kingdom,2020,2021,TV-MA,Comedies
s888,Movie,Title_888,Australia,2017,2017,PG-13,International TV Shows
s889,TV Show,Title_889,United Kingdom,2010,2017,TV-Y,International Movies
s890,TV Show,Title_890,Italy,2017,2017,TV-MA,Kids TV
s891,Movie,Title_891,United Kingdom,2012,2019,TV-MA,International Movies
s892,TV Show,Title_892,United Kingdom,2021,2016,R,Documentaries
s893,TV Show,Title_893,United States,2018,2020,TV-MA,Horror Movies
s894,Movie,Title_894,Germany,2015,2010,TV-MA,International Movies
s895,Movie,Title_895,United States,2018,2017,TV-14,International Movies
s896,TV Show,Title_896,Brazil,2012,2017,PG,International TV Shows
s897,TV Show,Title_897,Italy,2020,2018,TV-PG,Stand-Up Comedy
s898,TV Show,Title_898,Turkey,2021,2015,TV-MA,Sci-Fi & Fantasy
s899,Movie,Title_899,United Kingdom,2020,2017,TV-MA,Kids TV
s900,Movie,Title_900,Japan,2016,2017,TV-MA,Reality TV
s901,Movie,Title_901,Spain,2016,2019,TV-MA,Comedies
s902,Movie,Title_902,United States,2010,2019,TV-14,International TV Shows
s903,Movie,Title_903,Canada,2018,2019,PG-13,Comedies
s904,Movie,Title_904,United States,2018,2016,TV-MA,Thrillers
s905,Movie,Title_905,United Kingdom,2017,2021,TV-14,Thrillers
s906,Movie,Title_906,United States,2020,2020,TV-MA,International TV Shows
s907,Movie,Title_907,United States,2014,2015,TV-MA,Thrillers
s908,Movie,Title_908,India,2008,2014,TV-G,Documentaries
s909,TV Show,Title_909,India,2012,2016,TV-MA,Sci-Fi & Fantasy
s910,Movie,Title_910,France,2015,2017,TV-MA,Action & Adventure
s911,Movie,Title_911,United States,2010,2020,TV-MA,Kids TV
s912,TV Show,Title_912,United Kingdom,2017,2019,TV-14,Horror Movies
s913,Movie,Title_913,United States,2016,2020,NR,Crime TV Shows
s914,Movie,Title_914,Canada,2014,2015,TV-MA,Action & Adventure
s915,Movie,Title_915,France,2019,2018,TV-14,Reality TV
s916,Movie,Title_916,Canada,2014,2015,TV-MA,Anime Series
s917,Movie,Title_917,South Korea,2019,2012,R,International TV Shows
s918,Movie,Title_918,United States,2016,2019,TV-PG,Dramas
s919,TV Show,Title_919,Spain,2017,2013,TV-PG,Stand-Up Comedy
s920,Movie,Title_920,India,2021,2019,TV-14,Crime TV Shows
s921,Movie,Title_921,United Kingdom,2010,2018,PG,Stand-Up Comedy
s922,TV Show,Title_922,France,2017,2020,TV-14,Crime TV Shows
s923,Movie,Title_923,United States,2020,2013,TV-14,Sci-Fi & Fantasy
s924,TV Show,Title_924,France,2018,2019,TV-PG,Comedies
s925,TV Show,Title_925,France,2015,2021,TV-14,Horror Movies
s926,Movie,Title_926,United States,2016,2020,TV-MA,Children & Family Movies
s927,TV Show,Title_927,United States,2019,2019,TV-MA,International TV Shows
s928,TV Show,Title_928,United States,2020,2019,TV-MA,Anime Series
s929,TV Show,Title_929,Italy,2011,2017,TV-14,Children & Family Movies
s930,TV Show,Title_930,Japan,2012,2019,TV-PG,Documentaries
s931,Movie,Title_931,United States,2016,2019,TV-MA,Sci-Fi & Fantasy
s932,Movie,Title_932,India,2015,2018,TV-PG,Kids TV
s933,TV Show,Title_933,Canada,2015,2020,PG,Kids TV
s934,Movie,Title_934,Mexico,2015,2017,TV-MA,Comedies
s935,Movie,Title_935,United States,2014,2013,TV-MA,Reality TV
s936,TV Show,Title_936,United States,2013,2018,PG,Romantic Movies
s937,TV Show,Title_937,Brazil,2021,2015,TV-PG,Kids TV
s938,Movie,Title_938,United States,2013,2016,TV-MA,Documentaries
s939,Movie,Title_939,United States,2014,2009,TV-14,Comedies
s940,Movie,Title_940,Turkey,2015,2016,TV-PG,Anime Series
s941,TV Show,Title_941,Canada,2021,2020,TV-14,Comedies
s942,Movie,Title_942,United States,2019,2018,TV-PG,Dramas
s943,Movie,Title_943,United States,2019,2008,TV-14,Action & Adventure
s944,TV Show,Title_944,United States,2012,2017,R,Reality TV
s945,Movie,Title_945,United States,2020,2015,TV-MA,Horror Movies
s946,TV Show,Title_946,Brazil,2017,2017,TV-PG,Kids TV
s947,Movie,Title_947,India,2015,2017,TV-Y7,Thrillers
s948,Movie,Title_948,South Korea,2018,2021,TV-14,Thrillers
s949,Movie,Title_949,Italy,2020,2011,R,Thrillers
s950,Movie,Title_950,India,2019,2019,TV-MA,Anime Series
s951,Movie,Title_951,United States,2020,2020,TV-MA,Documentaries
s952,Movie,Title_952,United Kingdom,2021,2021,NR,International Movies
s953,Movie,Title_953,Brazil,2015,2014,TV-MA,Documentaries
s954,Movie,Title_954,Germany,2017,2018,TV-MA,Sci-Fi & Fantasy
s955,Movie,Title_955,United States,2009,2011,TV-14,Crime TV Shows
s956,Movie,Title_956,Japan,2020,2017,TV-14,Romantic Movies
s957,Movie,Title_957,Canada,2013,2013,TV-PG,Comedies
s958,Movie,Title_958,Brazil,2020,2020,TV-MA,Romantic Movies
s959,TV Show,Title_959,United States,2016,2013,TV-MA,Crime TV Shows
s960,Movie,Title_960,United Kingdom,2016,2017,TV-14,International Movies
s961,TV Show,Title_961,Brazil,2010,2018,TV-14,Kids TV
s962,Movie,Title_962,India,2016,2021,TV-14,Reality TV
s963,Movie,Title_963,United Kingdom,2020,2018,TV-PG,Action & Adventure
s964,Movie,Title_964,United States,2010,2015,TV-14,Romantic Movies
s965,Movie,Title_965,United States,2017,2015,TV-MA,Horror Movies
s966,TV Show,Title_966,United States,2010,2013,R,Children & Family Movies
s967,Movie,Title_967,Turkey,2016,2019,TV-MA,Sci-Fi & Fantasy
s968,Movie,Title_968,United States,2014,2019,TV-MA,Romantic Movies
s969,Movie,Title_969,India,2015,2018,R,Horror Movies
s970,Movie,Title_970,Japan,2020,2011,TV-MA,Reality TV
s971,TV Show,Title_971,United States,2017,2019,TV-14,Comedies
s972,Movie,Title_972,United Kingdom,2015,2018,TV-MA,International Movies
s973,Movie,Title_973,South Korea,2018,2021,TV-14,Horror Movies
s974,TV Show,Title_974,Australia,2013,2018,TV-MA,Thrillers
s975,Movie,Title_975,France,2015,2016,TV-Y7,Romantic Movies
s976,Movie,Title_976,Japan,2018,2016,TV-MA,Action & Adventure
s977,TV Show,Title_977,United States,2015,2014,TV-PG,Action & Adventure
s978,Movie,Title_978,Turkey,2019,2019,PG,Romantic Movies
s979,TV Show,Title_979,United States,2017,2019,TV-PG,Romantic Movies
s980,Movie,Title_980,Spain,2019,2014,TV-14,Anime Series
s981,Movie,Title_981,United States,2021,2013,TV-14,Thrillers
s982,Movie,Title_982,Italy,2013,2012,TV-14,Children & Family Movies
s983,TV Show,Title_983,South Korea,2016,2021,PG-13,Kids TV
s984,Movie,Title_984,South Korea,2016,2015,TV-MA,Crime TV Shows
s985,Movie,Title_985,United States,2013,2016,PG,Romantic Movies
s986,Movie,Title_986,India,2020,2015,TV-14,Documentaries
s987,Movie,Title_987,France,2019,2017,PG-13,International TV Shows
s988,Movie,Title_988,Spain,2017,2019,TV-MA,Reality TV
s989,TV Show,Title_989,United States,2018,2020,PG-13,Stand-Up Comedy
s990,Movie,Title_990,Turkey,2011,2014,TV-MA,Romantic Movies
s991,Movie,Title_991,Brazil,2018,2019,R,Kids TV
s992,Movie,Title_992,United States,2020,2016,TV-14,Dramas
s993,TV Show,Title_993,Mexico,2018,2021,TV-PG,Sci-Fi & Fantasy
s994,TV Show,Title_994,United Kingdom,2015,2015,TV-PG,Reality TV
s995,TV Show,Title_995,India,2019,2008,TV-MA,Dramas
s996,Movie,Title_996,United States,2016,2017,TV-14,Action & Adventure
s997,Movie,Title_997,Canada,2018,2013,TV-MA,Stand-Up Comedy
s998,TV Show,Title_998,South Korea,2017,2011,TV-14,Crime TV Shows
s999,Movie,Title_999,India,2016,2019,R,Stand-Up Comedy
s1000,Movie,Title_1000,France,2019,2019,TV-MA,Thrillers
s1001,Movie,Title_1001,Japan,2020,2017,TV-14,Documentaries
s1002,Movie,Title_1002,Japan,2008,2019,TV-PG,Romantic Movies
s1003,Movie,Title_1003,United States,2021,2018,TV-MA,Sci-Fi & Fantasy
s1004,Movie,Title_1004,Australia,2017,2018,TV-G,Romantic Movies
s1005,Movie,Title_1005,India,2019,2018,TV-14,International TV Shows
s1006,Movie,Title_1006,United States,2020,2019,TV-MA,International Movies
s1007,TV Show,Title_1007,United States,2017,2014,TV-MA,Anime Series
s1008,TV Show,Title_1008,United Kingdom,2020,2015,TV-14,Documentaries
s1009,TV Show,Title_1009,Brazil,2014,2017,TV-14,Kids TV
s1010,Movie,Title_1010,India,2013,2017,TV-MA,Documentaries
s1011,TV Show,Title_1011,South Korea,2018,2019,TV-MA,International Movies
s1012,Movie,Title_1012,United States,2020,2016,TV-14,Stand-Up Comedy
s1013,Movie,Title_1013,United Kingdom,2020,2014,TV-14,Reality TV
s1014,TV Show,Title_1014,Nigeria,2018,2015,TV-MA,International TV Shows
s1015,TV Show,Title_1015,Spain,2018,2014,TV-PG,Romantic Movies
s1016,Movie,Title_1016,United States,2016,2019,TV-G,Documentaries
s1017,Movie,Title_1017,United Kingdom,2021,2017,G,Documentaries
s1018,TV Show,Title_1018,United States,2016,2019,PG,International TV Shows
s1019,Movie,Title_1019,India,2019,2017,PG-13,Kids TV
s1020,Movie,Title_1020,Spain,2018,2020,TV-MA,Dramas
s1021,TV Show,Title_1021,Spain,2018,2021,TV-MA,Anime Series
s1022,Movie,Title_1022,United States,2016,2019,TV-14,Dramas
s1023,Movie,Title_1023,Italy,2021,2020,TV-PG,Crime TV Shows
s1024,Movie,Title_1024,Canada,2018,2017,PG-13,International TV Shows
s1025,TV Show,Title_1025,India,2021,2021,TV-MA,Dramas
s1026,Movie,Title_1026,United Kingdom,2008,2020,TV-14,Stand-Up Comedy
s1027,Movie,Title_1027,Canada,2018,2021,TV-PG,Anime Series
s1028,Movie,Title_1028,Canada,2019,2018,TV-14,Romantic Movies
s1029,Movie,Title_1029,United Kingdom,2019,2019,TV-14,International Movies
s1030,TV Show,Title_1030,United Kingdom,2020,2018,TV-MA,Stand-Up Comedy
s1031,Movie,Title_1031,United States,2008,2015,TV-Y,Anime Series
s1032,TV Show,Title_1032,Germany,2008,2016,TV-14,Kids TV
s1033,TV Show,Title_1033,United Kingdom,2017,2020,TV-14,Thrillers
s1034,Movie,Title_1034,United States,2010,2011,TV-MA,Anime Series
s1035,TV Show,Title_1035,Spain,2021,2018,TV-14,Documentaries
s1036,TV Show,Title_1036,Italy,2015,2016,TV-MA,Thrillers
s1037,TV Show,Title_1037,Turkey,2017,2016,TV-MA,Action & Adventure
s1038,TV Show,Title_1038,India,2011,2020,TV-MA,Kids TV
s1039,Movie,Title_1039,United States,2018,2020,TV-MA,Crime TV Shows
s1040,Movie,Title_1040,United Kingdom,2016,2018,TV-14,Comedies
s1041,TV Show,Title_1041,United States,2011,2015,TV-14,Crime TV Shows
s1042,Movie,Title_1042,Italy,2016,2017,PG,Action & Adventure
s1043,Movie,Title_1043,United States,2016,2017,TV-MA,Horror Movies
s1044,Movie,Title_1044,United States,2021,2016,TV-MA,Anime Series
s1045,TV Show,Title_1045,India,2014,2012,PG,International TV Shows
s1046,TV Show,Title_1046,India,2018,2018,TV-MA,Stand-Up Comedy
s1047,TV Show,Title_1047,Germany,2021,2016,TV-MA,Crime TV Shows
s1048,Movie,Title_1048,India,2020,2019,TV-MA,Stand-Up Comedy
s1049,TV Show,Title_1049,United States,2021,2016,PG-13,Sci-Fi & Fantasy
s1050,Movie,Title_1050,United States,2021,2017,PG-13,International TV Shows
s1051,Movie,Title_1051,United Kingdom,2017,2011,TV-MA,Dramas
s1052,TV Show,Title_1052,United States,2019,2021,TV-PG,Documentaries
s1053,Movie,Title_1053,Canada,2013,2017,TV-14,Sci-Fi & Fantasy
s1054,TV Show,Title_1054,Canada,2017,2010,PG,Thrillers
s1055,Movie,Title_1055,Japan,2020,2018,TV-MA,Reality TV
s1056,Movie,Title_1056,Italy,2017,2020,PG-13,Reality TV
s1057,Movie,Title_1057,Italy,2019,2019,TV-MA,International TV Shows
s1058,TV Show,Title_1058,Turkey,2019,2019,TV-14,Horror Movies
s1059,TV Show,Title_1059,United States,2015,2013,TV-MA,Reality TV
s1060,Movie,Title_1060,United States,2020,2018,TV-PG,Romantic Movies
s1061,Movie,Title_1061,United States,2017,2019,TV-PG,Romantic Movies
s1062,TV Show,Title_1062,Brazil,2014,2018,TV-14,Thrillers
s1063,Movie,Title_1063,Nigeria,2020,2020,TV-PG,International TV Shows
s1064,Movie,Title_1064,Australia,2017,2015,TV-PG,Anime Series
s1065,Movie,Title_1065,United States,2019,2015,R,Dramas
s1066,Movie,Title_1066,Turkey,2018,2020,TV-MA,Dramas
s1067,Movie,Title_1067,India,2016,2018,TV-14,Reality TV
s1068,Movie,Title_1068,United States,2020,2008,TV-MA,Kids TV
s1069,TV Show,Title_1069,India,2018,2016,TV-14,Children & Family Movies
s1070,Movie,Title_1070,United States,2016,2020,TV-PG,Comedies
s1071,TV Show,Title_1071,United Kingdom,2012,2010,TV-PG,Children & Family Movies
s1072,Movie,Title_1072,United States,2020,2008,TV-PG,Documentaries
s1073,Movie,Title_1073,India,2010,2015,TV-MA,Dramas
s1074,Movie,Title_1074,Canada,2020,2021,TV-PG,Crime TV Shows
s1075,TV Show,Title_1075,Australia,2016,2020,TV-14,Reality TV
s1076,TV Show,Title_1076,France,2018,2017,NR,Stand-Up Comedy
s1077,Movie,Title_1077,India,2021,2018,TV-MA,Anime Series
s1078,TV Show,Title_1078,Mexico,2013,2016,TV-PG,Horror Movies
s1079,Movie,Title_1079,Brazil,2018,2015,R,Thrillers
s1080,TV Show,Title_1080,United States,2019,2020,PG,International Movies
s1081,Movie,Title_1081,United Kingdom,2019,2012,TV-14,Horror Movies
s1082,Movie,Title_1082,United States,2018,2017,TV-14,International Movies
s1083,Movie,Title_1083,United States,2018,2018,TV-14,Thrillers
s1084,Movie,Title_1084,Japan,2019,2012,TV-MA,Romantic Movies
s1085,Movie,Title_1085,Australia,2020,2017,TV-PG,Action & Adventure
s1086,Movie,Title_1086,United States,2019,2018,NR,Sci-Fi & Fantasy
s1087,Movie,Title_1087,Germany,2016,2019,TV-MA,Sci-Fi & Fantasy
s1088,Movie,Title_1088,Australia,2021,2015,TV-14,Reality TV
s1089,Movie,Title_1089,Italy,2017,2015,PG,Thrillers
s1090,Movie,Title_1090,United States,2010,2018,TV-MA,Action & Adventure
s1091,Movie,Title_1091,Brazil,2016,2021,TV-14,Sci-Fi & Fantasy
s1092,Movie,Title_1092,United States,2013,2014,PG-13,Crime TV Shows
s1093,Movie,Title_1093,United Kingdom,2013,2021,PG,Anime Series
s1094,TV Show,Title_1094,United States,2015,2019,TV-14,Sci-Fi & Fantasy
s1095,TV Show,Title_1095,United States,2011,2020,TV-MA,Comedies
s1096,TV Show,Title_1096,South Korea,2019,2012,TV-MA,International TV Shows
s1097,Movie,Title_1097,India,2012,2016,TV-14,Kids TV
s1098,TV Show,Title_1098,United States,2014,2011,TV-MA,Crime TV Shows
s1099,Movie,Title_1099,United States,2012,2016,TV-MA,Stand-Up Comedy
s1100,Movie,Title_1100,Japan,2011,2021,R,Anime Series
s1101,TV Show,Title_1101,United States,2015,2012,R,Documentaries
s1102,Movie,Title_1102,Germany,2018,2018,PG-13,Dramas
s1103,TV Show,Title_1103,United States,2021,2008,TV-MA,Stand-Up Comedy
s1104,Movie,Title_1104,United States,2020,2019,TV-MA,Comedies
s1105,Movie,Title_1105,India,2020,2014,PG-13,Action & Adventure
s1106,Movie,Title_1106,United Kingdom,2014,2013,R,Horror Movies
s1107,Movie,Title_1107,India,2015,2016,PG-13,Comedies
s1108,TV Show,Title_1108,United States,2012,2019,TV-Y,Reality TV
s1109,TV Show,Title_1109,Turkey,2019,2012,PG-13,Documentaries
s1110,Movie,Title_1110,France,2011,2015,TV-14,Kids TV
s1111,Movie,Title_1111,United States,2018,2008,TV-MA,Sci-Fi & Fantasy
s1112,Movie,Title_1112,India,2015,2021,TV-14,Stand-Up Comedy
s1113,TV Show,Title_1113,Australia,2015,2018,TV-PG,Thrillers
s1114,Movie,Title_1114,United States,2021,2019,TV-MA,Comedies
s1115,Movie,Title_1115,United States,2019,2018,R,Sci-Fi & Fantasy
s1116,Movie,Title_1116,Spain,2020,2013,TV-MA,Sci-Fi & Fantasy
s1117,TV Show,Title_1117,Canada,2018,2018,R,Stand-Up Comedy
s1118,TV Show,Title_1118,Canada,2020,2013,TV-MA,Anime Series
s1119,Movie,Title_1119,United States,2018,2017,TV-14,Documentaries
s1120,Movie,Title_1120,United States,2021,2018,PG-13,Thrillers
s1121,Movie,Title_1121,France,2015,2018,TV-MA,Crime TV Shows
s1122,Movie,Title_1122,United States,2018,2013,TV-14,Comedies
s1123,Movie,Title_1123,United Kingdom,2019,2010,TV-MA,Stand-Up Comedy
s1124,Movie,Title_1124,United Kingdom,2016,2020,PG,Action & Adventure
s1125,TV Show,Title_1125,United States,2020,2019,PG-13,Horror Movies
s1126,Movie,Title_1126,Turkey,2021,2012,NR,Documentaries
s1127,TV Show,Title_1127,Mexico,2017,2013,PG,Dramas
s1128,Movie,Title_1128,South Korea,2016,2020,R,Horror Movies
s1129,Movie,Title_1129,United States,2017,2019,TV-MA,Stand-Up Comedy
s1130,TV Show,Title_1130,United States,2020,2021,TV-MA,Documentaries
s1131,Movie,Title_1131,United Kingdom,2018,2015,TV-14,Comedies
s1132,TV Show,Title_1132,United States,2011,2017,TV-14,Anime Series
s1133,Movie,Title_1133,Nigeria,2018,2015,R,Reality TV
s1134,Movie,Title_1134,United States,2009,2018,TV-MA,Horror Movies
s1135,Movie,Title_1135,United Kingdom,2019,2013,TV-MA,Sci-Fi & Fantasy
s1136,TV Show,Title_1136,India,2016,2013,TV-14,Sci-Fi & Fantasy
s1137,Movie,Title_1137,France,2017,2012,TV-MA,Kids TV
s1138,Movie,Title_1138,United States,2020,2019,TV-PG,Anime Series
s1139,TV Show,Title_1139,India,2011,2017,TV-14,Children & Family Movies
s1140,Movie,Title_1140,United States,2013,2018,R,Kids TV
s1141,Movie,Title_1141,Brazil,2016,2020,TV-MA,Crime TV Shows
s1142,Movie,Title_1142,United States,2015,2019,TV-G,Stand-Up Comedy
s1143,Movie,Title_1143,Italy,2016,2017,TV-MA,Sci-Fi & Fantasy
s1144,TV Show,Title_1144,Mexico,2021,2021,TV-MA,Comedies
s1145,Movie,Title_1145,United States,2020,2017,TV-PG,Thrillers
s1146,TV Show,Title_1146,Germany,2020,2013,TV-MA,Kids TV
s1147,Movie,Title_1147,United States,2021,2021,TV-MA,International TV Shows
s1148,Movie,Title_1148,Turkey,2016,2010,TV-MA,Action & Adventure
s1149,Movie,Title_1149,United Kingdom,2015,2018,TV-14,Anime Series
s1150,Movie,Title_1150,United States,2015,2016,PG,Comedies
s1151,Movie,Title_1151,India,2020,2017,TV-14,Action & Adventure
s1152,TV Show,Title_1152,United States,2019,2018,TV-PG,International Movies
s1153,Movie,Title_1153,Nigeria,2015,2015,TV-MA,Documentaries
s1154,Movie,Title_1154,United States,2016,2018,TV-MA,Stand-Up Comedy
s1155,Movie,Title_1155,France,2017,2019,TV-MA,Documentaries
s1156,TV Show,Title_1156,India,2018,2015,PG,International Movies
s1157,Movie,Title_1157,Turkey,2020,2016,TV-MA,Children & Family Movies
s1158,Movie,Title_1158,United States,2016,2015,TV-Y7,Stand-Up Comedy
s1159,TV Show,Title_1159,United Kingdom,2020,2020,TV-MA,Crime TV Shows
s1160,TV Show,Title_1160,United Kingdom,2017,2019,TV-PG,Kids TV
s1161,Movie,Title_1161,Japan,2019,2020,NR,Action & Adventure
s1162,Movie,Title_1162,United States,2021,2014,TV-14,Comedies
s1163,TV Show,Title_1163,United States,2020,2012,R,International TV Shows
s1164,Movie,Title_1164,United States,2011,2013,TV-MA,Stand-Up Comedy
s1165,Movie,Title_1165,South Korea,2014,2014,TV-MA,Romantic Movies
s1166,Movie,Title_1166,United States,2017,2018,TV-MA,International Movies
s1167,Movie,Title_1167,Canada,2017,2021,PG-13,Sci-Fi & Fantasy
s1168,Movie,Title_1168,United States,2018,2016,TV-MA,Children & Family Movies
s1169,Movie,Title_1169,Australia,2021,2021,TV-MA,Romantic Movies
s1170,Movie,Title_1170,Turkey,2013,2010,TV-Y7,Stand-Up Comedy
s1171,Movie,Title_1171,United Kingdom,2017,2021,TV-MA,Documentaries
s1172,Movie,Title_1172,United States,2014,2014,TV-14,Sci-Fi & Fantasy
s1173,TV Show,Title_1173,United States,2020,2021,TV-Y7,Children & Family Movies
s1174,TV Show,Title_1174,United States,2021,2011,TV-14,Kids TV
s1175,TV Show,Title_1175,United States,2017,2021,TV-14,Horror Movies
s1176,Movie,Title_1176,France,2012,2014,PG-13,Anime Series
s1177,Movie,Title_1177,United Kingdom,2019,2016,TV-MA,Stand-Up Comedy
s1178,Movie,Title_1178,Turkey,2019,2017,TV-MA,Documentaries
s1179,Movie,Title_1179,India,2016,2016,TV-14,Action & Adventure
s1180,Movie,Title_1180,Japan,2020,2019,TV-PG,Comedies
s1181,Movie,Title_1181,United Kingdom,2021,2021,TV-MA,International TV Shows
s1182,TV Show,Title_1182,United Kingdom,2018,2018,TV-14,International TV Shows
s1183,TV Show,Title_1183,United States,2018,2019,TV-MA,Thrillers
s1184,Movie,Title_1184,India,2015,2012,TV-MA,Action & Adventure
s1185,Movie,Title_1185,India,2018,2018,TV-PG,Crime TV Shows
s1186,TV Show,Title_1186,Japan,2017,2017,TV-MA,Action & Adventure
s1187,TV Show,Title_1187,Turkey,2016,2020,TV-PG,Anime Series
s1188,Movie,Title_1188,United States,2011,2016,TV-14,Children & Family Movies
s1189,Movie,Title_1189,United States,2015,2019,TV-MA,Reality TV
s1190,Movie,Title_1190,United Kingdom,2014,2015,TV-MA,International TV Shows
s1191,Movie,Title_1191,United Kingdom,2018,2015,TV-MA,Romantic Movies
s1192,TV Show,Title_1192,United States,2018,2016,TV-MA,Anime Series
s1193,Movie,Title_1193,Spain,2018,2016,TV-PG,Sci-Fi & Fantasy
s1194,Movie,Title_1194,Nigeria,2016,2015,TV-PG,Documentaries
s1195,TV Show,Title_1195,Turkey,2017,2011,TV-MA,Dramas
s1196,Movie,Title_1196,United States,2020,2020,TV-PG,Anime Series
s1197,Movie,Title_1197,Australia,2017,2011,TV-Y,Documentaries
s1198,Movie,Title_1198,Japan,2021,2020,TV-MA,Anime Series
s1199,Movie,Title_1199,India,2017,2013,TV-14,Sci-Fi & Fantasy
s1200,Movie,Title_1200,United Kingdom,2018,2011,R,Thrillers
s1201,Movie,Title_1201,Australia,2011,2018,TV-MA,Dramas
s1202,TV Show,Title_1202,United Kingdom,2018,2017,R,Comedies
s1203,TV Show,Title_1203,India,2020,2017,G,Thrillers
s1204,TV Show,Title_1204,United Kingdom,2021,2018,TV-MA,Reality TV
s1205,Movie,Title_1205,Canada,2021,2015,PG-13,International TV Shows
s1206,TV Show,Title_1206,United States,2015,2019,TV-14,International TV Shows
s1207,Movie,Title_1207,Brazil,2018,2017,TV-MA,Children & Family Movies
s1208,Movie,Title_1208,Japan,2017,2016,TV-14,Children & Family Movies
s1209,Movie,Title_1209,France,2018,2020,TV-MA,Children & Family Movies
s1210,Movie,Title_1210,United States,2013,2019,TV-14,Horror Movies
s1211,Movie,Title_1211,Canada,2020,2016,TV-MA,International Movies
s1212,Movie,Title_1212,United States,2020,2020,R,Comedies
s1213,Movie,Title_1213,United States,2017,2021,TV-14,Children & Family Movies
s1214,TV Show,Title_1214,United Kingdom,2015,2018,TV-14,Sci-Fi & Fantasy
s1215,Movie,Title_1215,India,2013,2014,TV-MA,Thrillers
s1216,TV Show,Title_1216,Canada,2019,2021,TV-14,Reality TV
s1217,Movie,Title_1217,United States,2016,2014,TV-MA,Dramas
s1218,Movie,Title_1218,India,2020,2011,R,Romantic Movies
s1219,TV Show,Title_1219,United States,2019,2016,TV-MA,Children & Family Movies
s1220,TV Show,Title_1220,Nigeria,2018,2019,TV-PG,Sci-Fi & Fantasy
s1221,Movie,Title_1221,Canada,2018,2021,TV-MA,International Movies
s1222,Movie,Title_1222,Japan,2011,2018,TV-PG,Action & Adventure
s1223,Movie,Title_1223,United States,2021,2021,TV-14,Children & Family Movies
s1224,Movie,Title_1224,United States,2018,2012,TV-14,Action & Adventure
s1225,Movie,Title_1225,Nigeria,2021,2011,TV-PG,Thrillers
s1226,Movie,Title_1226,United States,2018,2018,TV-14,Reality TV
s1227,TV Show,Title_1227,India,2019,2021,PG-13,Anime Series
s1228,Movie,Title_1228,France,2011,2017,R,Crime TV Shows
s1229,Movie,Title_1229,United States,2018,2011,TV-14,Horror Movies
s1230,Movie,Title_1230,Germany,2019,2015,PG,Documentaries
s1231,Movie,Title_1231,United Kingdom,2019,2015,PG-13,Comedies
s1232,TV Show,Title_1232,United States,2019,2016,TV-14,Thrillers
s1233,Movie,Title_1233,United States,2015,2011,TV-MA,Action & Adventure
s1234,Movie,Title_1234,United States,2021,2020,TV-14,Horror Movies
s1235,TV Show,Title_1235,Brazil,2021,2017,TV-MA,International Movies
s1236,TV Show,Title_1236,Japan,2012,2019,TV-14,Romantic Movies
s1237,Movie,Title_1237,United States,2021,2011,TV-PG,Documentaries
s1238,Movie,Title_1238,United States,2015,2011,TV-PG,Anime Series
s1239,TV Show,Title_1239,Japan,2019,2018,TV-PG,Horror Movies
s1240,TV Show,Title_1240,Canada,2016,2020,TV-PG,Romantic Movies
s1241,TV Show,Title_1241,India,2021,2018,TV-MA,Children & Family Movies
s1242,Movie,Title_1242,India,2012,2020,TV-MA,International TV Shows
s1243,Movie,Title_1243,United States,2017,2020,TV-PG,Documentaries
s1244,Movie,Title_1244,Japan,2017,2012,TV-14,Stand-Up Comedy
s1245,Movie,Title_1245,Nigeria,2016,2014,R,International Movies
s1246,TV Show,Title_1246,United States,2018,2018,TV-MA,Action & Adventure
s1247,Movie,Title_1247,Canada,2013,2017,TV-MA,Anime Series
s1248,Movie,Title_1248,India,2019,2015,TV-14,Thrillers
s1249,Movie,Title_1249,India,2021,2017,TV-14,Children & Family Movies
s1250,Movie,Title_1250,United States,2020,2017,TV-MA,Crime TV Shows
s1251,Movie,Title_1251,Mexico,2020,2021,TV-14,Stand-Up Comedy
s1252,Movie,Title_1252,United Kingdom,2016,2012,TV-MA,Anime Series
s1253,TV Show,Title_1253,United Kingdom,2016,2015,TV-MA,Action & Adventure
s1254,TV Show,Title_1254,United States,2017,2018,TV-MA,Horror Movies
s1255,Movie,Title_1255,United States,2011,2019,TV-14,Children & Family Movies
s1256,Movie,Title_1256,United States,2021,2018,PG-13,International Movies
s1257,TV Show,Title_1257,Japan,2013,2021,TV-MA,International TV Shows
s1258,Movie,Title_1258,United States,2020,2020,TV-MA,Sci-Fi & Fantasy
s1259,Movie,Title_1259,Japan,2012,2018,TV-PG,Reality TV
s1260,Movie,Title_1260,India,2020,2014,PG-13,Horror Movies
s1261,Movie,Title_1261,India,2013,2017,TV-MA,Children & Family Movies
s1262,TV Show,Title_1262,India,2010,2019,TV-14,Documentaries
s1263,TV Show,Title_1263,India,2019,2020,TV-MA,Comedies
s1264,Movie,Title_1264,United States,2015,2021,TV-MA,Horror Movies
s1265,Movie,Title_1265,United States,2019,2018,TV-PG,Children & Family Movies
s1266,Movie,Title_1266,France,2018,2018,TV-G,Comedies
s1267,Movie,Title_1267,France,2012,2009,TV-PG,Documentaries
s1268,Movie,Title_1268,United States,2021,2012,TV-Y,International TV Shows
s1269,Movie,Title_1269,India,2017,2013,TV-14,Comedies
s1270,Movie,Title_1270,United States,2019,2011,PG,Comedies
s1271,TV Show,Title_1271,United States,2017,2017,TV-MA,Kids TV
s1272,Movie,Title_1272,United States,2018,2016,TV-MA,Children & Family Movies
s1273,Movie,Title_1273,Brazil,2016,2018,TV-PG,Horror Movies
s1274,TV Show,Title_1274,United States,2014,2018,TV-14,Documentaries
s1275,Movie,Title_1275,United States,2018,2018,TV-MA,Kids TV
s1276,TV Show,Title_1276,United States,2017,2017,TV-PG,Crime TV Shows
s1277,Movie,Title_1277,United States,2016,2015,TV-MA,Action & Adventure
s1278,TV Show,Title_1278,France,2019,2021,TV-14,Action & Adventure
s1279,TV Show,Title_1279,United States,2019,2012,TV-MA,Comedies
s1280,TV Show,Title_1280,United States,2011,2021,R,Anime Series
s1281,TV Show,Title_1281,France,2016,2016,TV-MA,International TV Shows
s1282,Movie,Title_1282,United States,2017,2017,TV-14,Stand-Up Comedy
s1283,Movie,Title_1283,Japan,2012,2012,TV-MA,Romantic Movies
s1284,Movie,Title_1284,Canada,2015,2012,R,Kids TV
s1285,Movie,Title_1285,United States,2011,2017,TV-PG,Dramas
s1286,Movie,Title_1286,France,2021,2019,TV-MA,Comedies
s1287,Movie,Title_1287,United States,2019,2015,TV-MA,International Movies
s1288,Movie,Title_1288,United Kingdom,2012,2018,TV-MA,Sci-Fi & Fantasy
s1289,Movie,Title_1289,India,2010,2015,TV-14,Kids TV
s1290,TV Show,Title_1290,United States,2019,2016,TV-14,Sci-Fi & Fantasy
s1291,TV Show,Title_1291,Canada,2017,2020,TV-MA,Crime TV Shows
s1292,Movie,Title_1292,Australia,2019,2020,TV-PG,Crime TV Shows
s1293,Movie,Title_1293,Nigeria,2021,2017,PG,Kids TV
s1294,TV Show,Title_1294,Canada,2018,2015,TV-MA,Children & Family Movies
s1295,Movie,Title_1295,India,2014,2014,TV-14,Thrillers
s1296,Movie,Title_1296,United States,2019,2021,TV-14,Reality TV
s1297,Movie,Title_1297,United States,2021,2014,TV-14,Dramas
s1298,Movie,Title_1298,United Kingdom,2018,2020,TV-MA,Comedies
s1299,Movie,Title_1299,India,2019,2016,TV-MA,Crime TV Shows
s1300,TV Show,Title_1300,Italy,2016,2021,TV-MA,Action & Adventure
s1301,TV Show,Title_1301,India,2016,2016,TV-14,Romantic Movies
s1302,Movie,Title_1302,India,2019,2016,TV-PG,Crime TV Shows
s1303,Movie,Title_1303,India,2021,2018,TV-MA,Children & Family Movies
s1304,Movie,Title_1304,Mexico,2018,2021,TV-MA,Comedies
s1305,TV Show,Title_1305,France,2019,2021,TV-MA,Action & Adventure
s1306,TV Show,Title_1306,Canada,2014,2019,PG-13,Reality TV
s1307,TV Show,Title_1307,United States,2014,2019,TV-MA,Crime TV Shows
s1308,Movie,Title_1308,Germany,2018,2018,TV-14,Children & Family Movies
s1309,Movie,Title_1309,United States,2014,2019,R,Action & Adventure
s1310,Movie,Title_1310,Australia,2018,2020,PG-13,Horror Movies
s1311,Movie,Title_1311,United Kingdom,2015,2017,TV-PG,Kids TV
s1312,Movie,Title_1312,India,2020,2018,TV-MA,International TV Shows
s1313,Movie,Title_1313,United Kingdom,2020,2018,PG-13,Thrillers
s1314,TV Show,Title_1314,Japan,2017,2018,R,International Movies
s1315,Movie,Title_1315,United States,2014,2020,TV-PG,Crime TV Shows
s1316,Movie,Title_1316,Australia,2018,2016,TV-MA,Dramas
s1317,TV Show,Title_1317,India,2021,2014,TV-MA,Stand-Up Comedy
s1318,Movie,Title_1318,United States,2018,2017,TV-PG,Crime TV Shows
s1319,Movie,Title_1319,United States,2010,2014,NR,Comedies
s1320,TV Show,Title_1320,India,2009,2017,R,Children & Family Movies
s1321,Movie,Title_1321,United Kingdom,2016,2020,PG-13,Sci-Fi & Fantasy
s1322,Movie,Title_1322,India,2014,2018,TV-14,Reality TV
s1323,Movie,Title_1323,Japan,2020,2020,TV-MA,Action & Adventure
s1324,TV Show,Title_1324,India,2020,2014,TV-PG,Comedies
s1325,Movie,Title_1325,Turkey,2015,2020,TV-PG,Reality TV
s1326,Movie,Title_1326,Canada,2016,2018,TV-PG,Horror Movies
s1327,Movie,Title_1327,Germany,2015,2010,NR,International TV Shows
s1328,TV Show,Title_1328,United States,2020,2018,TV-14,Thrillers
s1329,TV Show,Title_1329,India,2017,2021,TV-MA,Thrillers
s1330,Movie,Title_1330,United States,2018,2012,PG,Thrillers
s1331,Movie,Title_1331,Canada,2017,2018,TV-MA,International TV Shows
s1332,Movie,Title_1332,Australia,2018,2021,TV-PG,Anime Series
s1333,Movie,Title_1333,United States,2016,2008,PG,Reality TV
s1334,Movie,Title_1334,United States,2016,2018,TV-MA,Comedies
s1335,Movie,Title_1335,Australia,2018,2017,PG-13,Thrillers
s1336,Movie,Title_1336,United States,2018,2016,TV-MA,Action & Adventure
s1337,Movie,Title_1337,Japan,2015,2018,R,International Movies
s1338,TV Show,Title_1338,United Kingdom,2013,2011,TV-MA,Comedies
s1339,Movie,Title_1339,Mexico,2016,2019,TV-PG,Reality TV
s1340,TV Show,Title_1340,United States,2017,2008,TV-PG,Reality TV
s1341,Movie,Title_1341,United States,2018,2016,TV-14,Action & Adventure
s1342,Movie,Title_1342,Canada,2021,2017,TV-PG,Sci-Fi & Fantasy
s1343,Movie,Title_1343,Turkey,2010,2016,NR,Crime TV Shows
s1344,Movie,Title_1344,India,2015,2016,R,Anime Series
s1345,Movie,Title_1345,United States,2014,2020,TV-G,Anime Series
s1346,TV Show,Title_1346,Canada,2017,2021,TV-14,Dramas
s1347,TV Show,Title_1347,Italy,2017,2020,TV-14,Anime Series
s1348,TV Show,Title_1348,Mexico,2019,2018,TV-MA,International TV Shows
s1349,Movie,Title_1349,Nigeria,2015,2020,TV-Y,Children & Family Movies
s1350,TV Show,Title_1350,United States,2018,2021,TV-MA,Sci-Fi & Fantasy
s1351,Movie,Title_1351,United States,2020,2017,TV-MA,Kids TV
s1352,Movie,Title_1352,Canada,2021,2015,TV-MA,Documentaries
s1353,TV Show,Title_1353,Mexico,2021,2012,TV-14,Kids TV
s1354,TV Show,Title_1354,United States,2019,2017,PG,Crime TV Shows
s1355,TV Show,Title_1355,United States,2020,2021,TV-14,Horror Movies
s1356,TV Show,Title_1356,Spain,2015,2018,PG,Reality TV
s1357,TV Show,Title_1357,United States,2014,2019,TV-14,Thrillers
s1358,Movie,Title_1358,India,2008,2013,PG-13,Reality TV
s1359,TV Show,Title_1359,United Kingdom,2019,2013,TV-14,Stand-Up Comedy
s1360,Movie,Title_1360,Canada,2021,2017,TV-MA,Horror Movies
s1361,Movie,Title_1361,South Korea,2014,2021,TV-14,Thrillers
s1362,TV Show,Title_1362,India,2018,2016,TV-14,Anime Series
s1363,TV Show,Title_1363,Canada,2019,2020,TV-MA,Children & Family Movies
s1364,TV Show,Title_1364,Canada,2021,2013,TV-MA,Thrillers
s1365,Movie,Title_1365,United Kingdom,2018,2018,TV-MA,Thrillers
s1366,TV Show,Title_1366,France,2021,2018,TV-MA,International Movies
s1367,Movie,Title_1367,United States,2016,2020,TV-PG,International TV Shows
s1368,Movie,Title_1368,United States,2016,2008,TV-14,Documentaries
s1369,Movie,Title_1369,United States,2018,2014,TV-PG,Thrillers
s1370,Movie,Title_1370,United States,2016,2014,TV-Y,Romantic Movies
s1371,TV Show,Title_1371,United Kingdom,2008,2021,TV-14,Documentaries
s1372,Movie,Title_1372,Mexico,2019,2013,TV-14,Action & Adventure
s1373,Movie,Title_1373,Japan,2019,2010,TV-MA,Kids TV
s1374,TV Show,Title_1374,Germany,2019,2018,TV-14,Thrillers
s1375,Movie,Title_1375,United States,2016,2018,R,Thrillers
s1376,TV Show,Title_1376,India,2018,2020,TV-MA,Stand-Up Comedy
s1377,Movie,Title_1377,India,2016,2021,TV-MA,Stand-Up Comedy
s1378,Movie,Title_1378,United States,2009,2018,TV-14,Romantic Movies
s1379,Movie,Title_1379,United States,2018,2021,PG-13,Dramas
s1380,TV Show,Title_1380,Canada,2013,2019,TV-PG,Sci-Fi & Fantasy
s1381,Movie,Title_1381,Nigeria,2012,2015,TV-G,International Movies
s1382,TV Show,Title_1382,United States,2019,2021,PG,Crime TV Shows
s1383,Movie,Title_1383,United States,2008,2019,TV-MA,Dramas
s1384,TV Show,Title_1384,Spain,2021,2017,TV-MA,Romantic Movies
s1385,Movie,Title_1385,United States,2017,2019,TV-14,Children & Family Movies
s1386,Movie,Title_1386,Mexico,2021,2017,TV-14,Stand-Up Comedy
s1387,TV Show,Title_1387,Japan,2011,2013,TV-14,International TV Shows
s1388,Movie,Title_1388,Turkey,2018,2019,TV-MA,Comedies
s1389,TV Show,Title_1389,India,2016,2020,TV-MA,Comedies
s1390,TV Show,Title_1390,France,2020,2019,TV-MA,Sci-Fi & Fantasy
s1391,Movie,Title_1391,India,2016,2015,PG-13,Children & Family Movies
s1392,Movie,Title_1392,France,2015,2021,NR,Stand-Up Comedy
s1393,Movie,Title_1393,India,2020,2010,TV-MA,Reality TV
s1394,Movie,Title_1394,United States,2016,2016,TV-MA,International TV Shows
s1395,Movie,Title_1395,United Kingdom,2009,2015,TV-MA,Anime Series
s1396,TV Show,Title_1396,United Kingdom,2016,2011,PG,Thrillers
s1397,TV Show,Title_1397,Germany,2018,2017,TV-G,Stand-Up Comedy
s1398,Movie,Title_1398,South Korea,2015,2018,TV-MA,International Movies
s1399,Movie,Title_1399,France,2017,2020,TV-MA,Children & Family Movies
s1400,Movie,Title_1400,United States,2011,2021,TV-14,Kids TV
s1401,Movie,Title_1401,South Korea,2018,2020,TV-14,International TV Shows
s1402,Movie,Title_1402,United Kingdom,2019,2017,TV-PG,Reality TV
s1403,Movie,Title_1403,Brazil,2017,2019,TV-14,Documentaries
s1404,TV Show,Title_1404,Italy,2017,2020,TV-G,Thrillers
s1405,TV Show,Title_1405,United States,2012,2017,TV-MA,Reality TV
s1406,TV Show,Title_1406,Mexico,2014,2019,R,Children & Family Movies
s1407,Movie,Title_1407,United States,2013,2017,TV-MA,Horror Movies
s1408,Movie,Title_1408,India,2017,2016,TV-14,Children & Family Movies
s1409,TV Show,Title_1409,United Kingdom,2018,2018,TV-PG,International TV Shows
s1410,Movie,Title_1410,United States,2021,2019,NR,International TV Shows
s1411,Movie,Title_1411,South Korea,2012,2019,TV-PG,Kids TV
s1412,Movie,Title_1412,United States,2018,2016,R,Crime TV Shows
s1413,Movie,Title_1413,United States,2018,2018,R,Dramas
s1414,Movie,Title_1414,Canada,2017,2020,TV-MA,International TV Shows
s1415,Movie,Title_1415,Japan,2020,2021,R,International TV Shows
s1416,Movie,Title_1416,Italy,2014,2015,R,Documentaries
s1417,TV Show,Title_1417,Japan,2011,2014,TV-14,Reality TV
s1418,TV Show,Title_1418,Japan,2019,2019,TV-14,Crime TV Shows
s1419,TV Show,Title_1419,India,2016,2017,R,Reality TV
s1420,Movie,Title_1420,United States,2009,2010,PG-13,Crime TV Shows
s1421,TV Show,Title_1421,United States,2015,2016,TV-MA,Crime TV Shows
s1422,Movie,Title_1422,United Kingdom,2016,2020,PG-13,Action & Adventure
s1423,Movie,Title_1423,Japan,2018,2020,PG-13,Anime Series
s1424,Movie,Title_1424,India,2014,2017,TV-MA,Anime Series
s1425,TV Show,Title_1425,South Korea,2017,2017,TV-PG,Reality TV
s1426,TV Show,Title_1426,United Kingdom,2017,2018,TV-MA,Stand-Up Comedy
s1427,TV Show,Title_1427,United States,2017,2014,TV-MA,Children & Family Movies
s1428,Movie,Title_1428,United States,2021,2018,TV-14,Action & Adventure
s1429,Movie,Title_1429,Mexico,2011,2009,PG,Anime Series
s1430,TV Show,Title_1430,South Korea,2021,2017,TV-MA,Crime TV Shows
s1431,Movie,Title_1431,Brazil,2018,2016,PG-13,Comedies
s1432,TV Show,Title_1432,United States,2020,2019,TV-14,Thrillers
s1433,Movie,Title_1433,Nigeria,2017,2018,PG-13,Stand-Up Comedy
s1434,Movie,Title_1434,United States,2017,2016,PG-13,Comedies
s1435,Movie,Title_1435,United States,2020,2008,PG,Documentaries
s1436,TV Show,Title_1436,Nigeria,2020,2015,R,Romantic Movies
s1437,Movie,Title_1437,United States,2015,2018,PG-13,Dramas
s1438,TV Show,Title_1438,Japan,2014,2012,TV-MA,Romantic Movies
s1439,Movie,Title_1439,United States,2017,2012,TV-MA,Kids TV
s1440,Movie,Title_1440,Canada,2020,2018,TV-MA,Romantic Movies
s1441,TV Show,Title_1441,Brazil,2016,2019,R,Stand-Up Comedy
s1442,Movie,Title_1442,United States,2018,2016,TV-MA,Sci-Fi & Fantasy
s1443,Movie,Title_1443,Japan,2019,2017,TV-MA,Children & Family Movies
s1444,Movie,Title_1444,United States,2019,2021,PG,Stand-Up Comedy
s1445,TV Show,Title_1445,France,2018,2021,TV-PG,Reality TV
s1446,TV Show,Title_1446,United States,2017,2016,PG,International Movies
s1447,Movie,Title_1447,United States,2021,2020,TV-MA,Children & Family Movies
s1448,Movie,Title_1448,United States,2018,2018,TV-14,Reality TV
s1449,TV Show,Title_1449,United States,2019,2021,TV-MA,Action & Adventure
s1450,Movie,Title_1450,Brazil,2016,2017,TV-MA,International Movies
s1451,Movie,Title_1451,India,2019,2019,TV-MA,Horror Movies
s1452,TV Show,Title_1452,United States,2015,2019,TV-14,Documentaries
s1453,Movie,Title_1453,India,2015,2017,TV-MA,Children & Family Movies
s1454,Movie,Title_1454,United States,2019,2020,TV-14,Action & Adventure
s1455,Movie,Title_1455,South Korea,2018,2015,TV-14,Romantic Movies
s1456,Movie,Title_1456,Nigeria,2019,2013,TV-MA,Crime TV Shows
s1457,Movie,Title_1457,India,2015,2017,TV-PG,Crime TV Shows
s1458,Movie,Title_1458,Australia,2018,2021,R,Action & Adventure
s1459,TV Show,Title_1459,Canada,2017,2017,PG-13,Comedies
s1460,Movie,Title_1460,United States,2018,2018,TV-14,Dramas
s1461,Movie,Title_1461,Japan,2015,2018,TV-G,International TV Shows
s1462,Movie,Title_1462,United Kingdom,2019,2013,PG,International Movies
s1463,Movie,Title_1463,France,2020,2016,TV-14,Horror Movies
s1464,Movie,Title_1464,Brazil,2015,2019,TV-14,Dramas
s1465,Movie,Title_1465,India,2016,2021,TV-MA,Documentaries
s1466,Movie,Title_1466,Brazil,2019,2014,TV-PG,International Movies
s1467,TV Show,Title_1467,South Korea,2019,2017,TV-14,Action & Adventure
s1468,Movie,Title_1468,United Kingdom,2019,2012,NR,Crime TV Shows
s1469,Movie,Title_1469,Canada,2019,2015,TV-14,Children & Family Movies
s1470,Movie,Title_1470,United States,2016,2016,TV-Y7,Documentaries
s1471,Movie,Title_1471,Nigeria,2016,2018,PG-13,Dramas
s1472,Movie,Title_1472,Japan,2015,2015,TV-G,Comedies
s1473,Movie,Title_1473,United States,2013,2015,TV-MA,Romantic Movies
s1474,Movie,Title_1474,United States,2019,2019,TV-MA,Horror Movies
s1475,TV Show,Title_1475,France,2012,2021,R,Dramas
s1476,TV Show,Title_1476,United States,2021,2016,R,Romantic Movies
s1477,Movie,Title_1477,United States,2020,2019,TV-MA,Action & Adventure
s1478,TV Show,Title_1478,India,2020,2015,R,Documentaries
s1479,TV Show,Title_1479,United States,2020,2021,TV-14,Sci-Fi & Fantasy
s1480,Movie,Title_1480,India,2017,2019,TV-MA,Romantic Movies
s1481,Movie,Title_1481,United States,2020,2020,TV-14,Comedies
s1482,Movie,Title_1482,United States,2013,2011,NR,Comedies
s1483,Movie,Title_1483,Japan,2010,2018,TV-14,Sci-Fi & Fantasy
s1484,TV Show,Title_1484,United Kingdom,2019,2018,R,Dramas
s1485,Movie,Title_1485,United States,2012,2015,TV-MA,International TV Shows
s1486,Movie,Title_1486,United States,2021,2015,R,Thrillers
s1487,Movie,Title_1487,Canada,2019,2018,NR,Anime Series
s1488,Movie,Title_1488,United States,2019,2019,TV-14,Kids TV
s1489,Movie,Title_1489,United States,2015,2010,TV-MA,Action & Adventure
s1490,Movie,Title_1490,United States,2019,2018,TV-PG,Sci-Fi & Fantasy
s1491,Movie,Title_1491,Germany,2011,2014,PG,Stand-Up Comedy
s1492,Movie,Title_1492,South Korea,2020,2013,TV-MA,Thrillers
s1493,Movie,Title_1493,South Korea,2014,2018,TV-14,Comedies
s1494,Movie,Title_1494,Japan,2019,2016,TV-MA,Kids TV
s1495,Movie,Title_1495,Japan,2015,2017,TV-14,Children & Family Movies
s1496,Movie,Title_1496,United Kingdom,2011,2016,TV-14,Comedies
s1497,TV Show,Title_1497,France,2017,2018,NR,Sci-Fi & Fantasy
s1498,TV Show,Title_1498,United States,2014,2017,TV-14,Anime Series
s1499,Movie,Title_1499,France,2019,2021,TV-14,Sci-Fi & Fantasy
s1500,Movie,Title_1500,Spain,2015,2016,PG,Reality TV
s1501,TV Show,Title_1501,United Kingdom,2016,2019,TV-MA,Horror Movies
s1502,TV Show,Title_1502,India,2018,2015,TV-PG,Stand-Up Comedy
s1503,TV Show,Title_1503,United States,2015,2017,R,International TV Shows
s1504,Movie,Title_1504,France,2016,2018,TV-MA,Comedies
s1505,TV Show,Title_1505,Japan,2020,2016,TV-MA,Anime Series
s1506,TV Show,Title_1506,Australia,2014,2017,TV-14,Reality TV
s1507,Movie,Title_1507,United States,2012,2015,TV-MA,Crime TV Shows
s1508,Movie,Title_1508,Spain,2016,2008,TV-MA,International Movies
s1509,Movie,Title_1509,Canada,2017,2014,G,Comedies
s1510,Movie,Title_1510,Brazil,2018,2019,TV-14,Anime Series
s1511,Movie,Title_1511,United Kingdom,2016,2019,PG-13,Action & Adventure
s1512,TV Show,Title_1512,United Kingdom,2019,2015,TV-MA,Comedies
s1513,Movie,Title_1513,Canada,2010,2017,NR,Horror Movies
s1514,TV Show,Title_1514,South Korea,2017,2010,R,Anime Series
s1515,Movie,Title_1515,Turkey,2016,2015,PG-13,Sci-Fi & Fantasy
s1516,Movie,Title_1516,United States,2018,2019,TV-14,Kids TV
s1517,Movie,Title_1517,United States,2021,2018,TV-14,Anime Series
s1518,Movie,Title_1518,Italy,2017,2014,TV-14,Crime TV Shows
s1519,Movie,Title_1519,United Kingdom,2021,2015,R,Romantic Movies
s1520,Movie,Title_1520,Canada,2016,2020,PG-13,International Movies
s1521,Movie,Title_1521,United Kingdom,2010,2014,TV-MA,Stand-Up Comedy
s1522,TV Show,Title_1522,United States,2014,2016,PG,Children & Family Movies
s1523,Movie,Title_1523,Spain,2016,2019,NR,Dramas
s1524,TV Show,Title_1524,South Korea,2016,2018,TV-14,Thrillers
s1525,Movie,Title_1525,United States,2012,2017,TV-MA,Thrillers
s1526,Movie,Title_1526,United States,2017,2020,PG-13,International TV Shows
s1527,Movie,Title_1527,Mexico,2016,2014,TV-14,Horror Movies
s1528,Movie,Title_1528,United States,2013,2019,PG-13,Kids TV
s1529,TV Show,Title_1529,Brazil,2015,2013,PG-13,Romantic Movies
s1530,Movie,Title_1530,United States,2020,2018,TV-MA,Crime TV Shows
s1531,Movie,Title_1531,Canada,2016,2020,TV-PG,Stand-Up Comedy
s1532,Movie,Title_1532,Italy,2019,2017,TV-14,Children & Family Movies
s1533,TV Show,Title_1533,Japan,2018,2019,NR,Anime Series
s1534,Movie,Title_1534,India,2017,2020,TV-MA,Children & Family Movies
s1535,TV Show,Title_1535,Japan,2015,2013,TV-MA,Sci-Fi & Fantasy
s1536,Movie,Title_1536,United States,2016,2019,PG,Documentaries
s1537,TV Show,Title_1537,United States,2018,2021,TV-MA,International Movies
s1538,TV Show,Title_1538,Nigeria,2016,2018,TV-PG,Sci-Fi & Fantasy
s1539,Movie,Title_1539,South Korea,2014,2014,TV-MA,International TV Shows
s1540,TV Show,Title_1540,France,2013,2013,TV-14,Romantic Movies
s1541,Movie,Title_1541,India,2020,2015,TV-PG,Anime Series
s1542,Movie,Title_1542,United States,2017,2012,TV-14,Kids TV
s1543,Movie,Title_1543,United States,2018,2017,G,Documentaries
s1544,Movie,Title_1544,United Kingdom,2017,2011,TV-MA,Dramas
s1545,Movie,Title_1545,Spain,2020,2015,TV-14,International TV Shows
s1546,Movie,Title_1546,United Kingdom,2018,2017,TV-14,Crime TV Shows
s1547,Movie,Title_1547,Mexico,2017,2017,TV-PG,International TV Shows
s1548,Movie,Title_1548,United States,2021,2018,TV-14,Romantic Movies
s1549,TV Show,Title_1549,India,2019,2019,TV-MA,Thrillers
s1550,TV Show,Title_1550,United States,2013,2011,NR,International TV Shows
s1551,Movie,Title_1551,India,2014,2012,TV-14,International Movies
s1552,Movie,Title_1552,United States,2019,2011,TV-MA,Kids TV
s1553,Movie,Title_1553,Turkey,2020,2017,TV-14,Dramas
s1554,Movie,Title_1554,United States,2018,2011,TV-MA,International TV Shows
s1555,TV Show,Title_1555,Italy,2018,2019,TV-MA,Anime Series
s1556,TV Show,Title_1556,India,2018,2015,TV-MA,Dramas
s1557,Movie,Title_1557,Nigeria,2017,2021,TV-MA,Dramas
s1558,Movie,Title_1558,United Kingdom,2019,2017,TV-MA,Action & Adventure
s1559,Movie,Title_1559,Italy,2012,2017,TV-14,Kids TV
s1560,Movie,Title_1560,United States,2021,2019,TV-PG,Reality TV
s1561,TV Show,Title_1561,South Korea,2019,2019,TV-PG,Documentaries
s1562,TV Show,Title_1562,Brazil,2018,2018,TV-MA,Reality TV
s1563,Movie,Title_1563,United States,2016,2021,NR,Documentaries
s1564,Movie,Title_1564,United States,2014,2017,PG-13,Crime TV Shows
s1565,TV Show,Title_1565,India,2017,2020,TV-G,Dramas
s1566,Movie,Title_1566,Italy,2019,2016,TV-MA,Anime Series
s1567,TV Show,Title_1567,United Kingdom,2018,2020,TV-PG,Kids TV
s1568,Movie,Title_1568,United Kingdom,2016,2015,TV-MA,Crime TV Shows
s1569,Movie,Title_1569,United States,2018,2015,PG-13,Thrillers
s1570,TV Show,Title_1570,United States,2020,2019,TV-MA,Comedies
s1571,Movie,Title_1571,Germany,2010,2014,TV-MA,Action & Adventure
s1572,Movie,Title_1572,United States,2017,2015,TV-14,Sci-Fi & Fantasy
s1573,Movie,Title_1573,France,2019,2016,TV-14,Documentaries
s1574,TV Show,Title_1574,Italy,2018,2019,TV-14,Sci-Fi & Fantasy
s1575,Movie,Title_1575,United States,2018,2020,TV-MA,Kids TV
s1576,Movie,Title_1576,France,2017,2019,TV-14,Anime Series
s1577,Movie,Title_1577,United States,2021,2020,NR,Action & Adventure
s1578,Movie,Title_1578,Canada,2011,2018,PG,Action & Adventure
s1579,TV Show,Title_1579,United States,2017,2011,TV-14,Romantic Movies
s1580,Movie,Title_1580,South Korea,2012,2012,TV-14,Anime Series
s1581,TV Show,Title_1581,United States,2013,2018,TV-MA,Dramas
s1582,Movie,Title_1582,India,2016,2016,TV-MA,International Movies
s1583,Movie,Title_1583,Canada,2013,2015,TV-MA,International Movies
s1584,TV Show,Title_1584,United States,2021,2017,TV-14,International Movies
s1585,TV Show,Title_1585,South Korea,2021,2019,R,Romantic Movies
s1586,Movie,Title_1586,United States,2016,2016,TV-14,Dramas
s1587,TV Show,Title_1587,France,2018,2020,TV-MA,Romantic Movies
s1588,Movie,Title_1588,United States,2018,2019,TV-14,Reality TV
s1589,Movie,Title_1589,Japan,2020,2019,TV-MA,Stand-Up Comedy
s1590,Movie,Title_1590,United States,2018,2021,R,Dramas
s1591,Movie,Title_1591,India,2008,2015,TV-MA,Reality TV
s1592,Movie,Title_1592,United States,2019,2018,TV-14,Stand-Up Comedy
s1593,Movie,Title_1593,South Korea,2019,2020,TV-PG,Dramas
s1594,TV Show,Title_1594,United States,2017,2018,TV-MA,Reality TV
s1595,Movie,Title_1595,Brazil,2020,2019,TV-MA,Romantic Movies
s1596,Movie,Title_1596,Brazil,2020,2017,TV-14,Sci-Fi & Fantasy
s1597,TV Show,Title_1597,United States,2018,2018,TV-MA,Comedies
s1598,Movie,Title_1598,Canada,2018,2011,TV-14,Horror Movies
s1599,Movie,Title_1599,United States,2021,2021,R,Stand-Up Comedy
s1600,TV Show,Title_1600,India,2015,2020,TV-MA,International Movies
s1601,Movie,Title_1601,Japan,2016,2020,TV-14,International TV Shows
s1602,Movie,Title_1602,France,2014,2019,NR,International TV Shows
s1603,Movie,Title_1603,France,2020,2014,TV-14,Action & Adventure
s1604,Movie,Title_1604,United States,2019,2010,TV-Y7,Stand-Up Comedy
s1605,TV Show,Title_1605,India,2012,2020,TV-MA,Kids TV
s1606,Movie,Title_1606,United States,2021,2016,TV-PG,Anime Series
s1607,TV Show,Title_1607,South Korea,2019,2015,TV-PG,International TV Shows
s1608,Movie,Title_1608,United Kingdom,2020,2018,PG,Horror Movies
s1609,Movie,Title_1609,Japan,2011,2017,TV-MA,Children & Family Movies
s1610,TV Show,Title_1610,United States,2017,2018,TV-MA,Dramas
s1611,Movie,Title_1611,United States,2019,2017,TV-MA,Stand-Up Comedy
s1612,TV Show,Title_1612,United States,2018,2019,NR,Reality TV
s1613,TV Show,Title_1613,United States,2019,2020,TV-14,Kids TV
s1614,Movie,Title_1614,United States,2020,2014,PG,Dramas
s1615,Movie,Title_1615,Germany,2016,2016,TV-MA,Sci-Fi & Fantasy
s1616,TV Show,Title_1616,Brazil,2020,2017,TV-MA,International TV Shows
s1617,TV Show,Title_1617,United Kingdom,2014,2021,TV-MA,Horror Movies
s1618,TV Show,Title_1618,India,2015,2016,TV-14,Stand-Up Comedy
s1619,Movie,Title_1619,United States,2011,2016,PG-13,Action & Adventure
s1620,TV Show,Title_1620,Brazil,2016,2018,TV-14,Romantic Movies
s1621,TV Show,Title_1621,United States,2016,2017,PG,Reality TV
s1622,TV Show,Title_1622,Turkey,2020,2021,TV-MA,Kids TV
s1623,Movie,Title_1623,United Kingdom,2018,2020,TV-PG,Crime TV Shows
s1624,Movie,Title_1624,United States,2017,2017,R,International TV Shows
s1625,Movie,Title_1625,Italy,2018,2018,TV-MA,International TV Shows
s1626,Movie,Title_1626,United States,2011,2011,TV-MA,Action & Adventure
s1627,TV Show,Title_1627,Canada,2014,2019,TV-14,Reality TV
s1628,Movie,Title_1628,United Kingdom,2018,2019,TV-MA,Action & Adventure
s1629,Movie,Title_1629,United States,2018,2016,PG,Thrillers
s1630,Movie,Title_1630,India,2019,2014,TV-G,International TV Shows
s1631,Movie,Title_1631,France,2017,2021,R,International Movies
s1632,Movie,Title_1632,South Korea,2019,2017,R,Action & Adventure
s1633,Movie,Title_1633,United States,2019,2018,TV-MA,Action & Adventure
s1634,Movie,Title_1634,Italy,2021,2010,TV-MA,Stand-Up Comedy
s1635,Movie,Title_1635,United States,2014,2017,PG-13,International Movies
s1636,TV Show,Title_1636,United States,2018,2020,TV-14,International TV Shows
s1637,Movie,Title_1637,United States,2018,2016,TV-PG,Stand-Up Comedy
s1638,Movie,Title_1638,United States,2021,2018,R,Kids TV
s1639,Movie,Title_1639,United States,2014,2014,TV-14,Romantic Movies
s1640,Movie,Title_1640,Nigeria,2018,2017,TV-MA,Crime TV Shows
s1641,Movie,Title_1641,United States,2016,2021,R,International Movies
s1642,Movie,Title_1642,United States,2018,2018,TV-14,Horror Movies
s1643,Movie,Title_1643,United States,2015,2020,PG-13,Horror Movies
s1644,TV Show,Title_1644,South Korea,2011,2020,TV-14,Sci-Fi & Fantasy
s1645,Movie,Title_1645,Australia,2018,2021,TV-MA,Thrillers
s1646,Movie,Title_1646,United States,2016,2020,TV-MA,Romantic Movies
s1647,Movie,Title_1647,United States,2014,2008,R,Kids TV
s1648,Movie,Title_1648,United States,2016,2021,TV-14,Documentaries
s1649,Movie,Title_1649,United States,2011,2013,TV-14,Children & Family Movies
s1650,TV Show,Title_1650,United States,2021,2010,TV-14,International TV Shows
s1651,Movie,Title_1651,India,2018,2011,TV-14,Anime Series
s1652,Movie,Title_1652,United States,2020,2016,TV-MA,Stand-Up Comedy
s1653,Movie,Title_1653,United Kingdom,2017,2018,TV-14,Stand-Up Comedy
s1654,TV Show,Title_1654,United States,2020,2017,TV-MA,Comedies
s1655,Movie,Title_1655,Turkey,2017,2010,TV-14,Comedies
s1656,TV Show,Title_1656,Brazil,2018,2017,TV-14,Documentaries
s1657,Movie,Title_1657,Canada,2017,2017,TV-MA,Documentaries
s1658,Movie,Title_1658,India,2019,2019,TV-14,International Movies
s1659,Movie,Title_1659,India,2018,2015,TV-14,Documentaries
s1660,TV Show,Title_1660,India,2015,2014,TV-MA,Dramas
s1661,Movie,Title_1661,South Korea,2013,2015,TV-Y7,Crime TV Shows
s1662,Movie,Title_1662,India,2018,2016,TV-MA,Children & Family Movies
s1663,Movie,Title_1663,Australia,2017,2018,TV-PG,Reality TV
s1664,TV Show,Title_1664,Turkey,2012,2017,TV-MA,International TV Shows
s1665,Movie,Title_1665,United States,2016,2016,PG-13,Crime TV Shows
s1666,Movie,Title_1666,Canada,2017,2016,PG,Children & Family Movies
s1667,TV Show,Title_1667,United States,2020,2016,TV-14,Dramas
s1668,Movie,Title_1668,United States,2012,2021,PG-13,Comedies
s1669,Movie,Title_1669,India,2016,2015,TV-MA,Stand-Up Comedy
s1670,Movie,Title_1670,United States,2020,2020,TV-MA,Anime Series
s1671,Movie,Title_1671,Australia,2018,2019,TV-MA,Crime TV Shows
s1672,TV Show,Title_1672,United States,2015,2008,TV-MA,Horror Movies
s1673,Movie,Title_1673,India,2020,2021,TV-14,Comedies
s1674,Movie,Title_1674,Canada,2017,2019,TV-14,Reality TV
s1675,Movie,Title_1675,Japan,2017,2019,TV-14,Thrillers
s1676,Movie,Title_1676,India,2021,2017,TV-PG,Thrillers
s1677,Movie,Title_1677,Australia,2021,2018,TV-MA,International TV Shows
s1678,TV Show,Title_1678,Canada,2016,2015,TV-MA,Thrillers
s1679,TV Show,Title_1679,India,2013,2010,TV-14,Documentaries
s1680,TV Show,Title_1680,United States,2016,2020,TV-14,Thrillers
s1681,TV Show,Title_1681,India,2010,2020,TV-MA,Thrillers
s1682,Movie,Title_1682,Mexico,2010,2014,TV-MA,Romantic Movies
s1683,TV Show,Title_1683,Canada,2016,2019,TV-14,Thrillers
s1684,Movie,Title_1684,Mexico,2021,2019,TV-MA,Anime Series
s1685,Movie,Title_1685,United Kingdom,2020,2014,PG,Stand-Up Comedy
s1686,TV Show,Title_1686,United States,2017,2017,TV-MA,Reality TV
s1687,TV Show,Title_1687,United States,2018,2017,TV-MA,Crime TV Shows
s1688,Movie,Title_1688,United States,2008,2019,TV-14,Sci-Fi & Fantasy
s1689,Movie,Title_1689,Japan,2014,2020,TV-Y,Thrillers
s1690,TV Show,Title_1690,Germany,2010,2012,TV-PG,Kids TV
s1691,Movie,Title_1691,United States,2019,2018,TV-MA,Comedies
s1692,Movie,Title_1692,United Kingdom,2013,2019,TV-MA,Children & Family Movies
s1693,Movie,Title_1693,India,2020,2019,TV-14,Thrillers
s1694,Movie,Title_1694,India,2018,2013,TV-MA,Reality TV
s1695,Movie,Title_1695,United States,2015,2018,TV-PG,Crime TV Shows
s1696,Movie,Title_1696,United States,2013,2020,TV-14,Horror Movies
s1697,Movie,Title_1697,United States,2018,2016,TV-MA,Action & Adventure
s1698,Movie,Title_1698,United States,2020,2017,TV-MA,Dramas
s1699,Movie,Title_1699,United States,2019,2020,R,Thrillers
s1700,Movie,Title_1700,United States,2016,2012,TV-14,Horror Movies
s1701,Movie,Title_1701,France,2018,2020,PG-13,Anime Series
s1702,Movie,Title_1702,United States,2016,2016,TV-MA,Stand-Up Comedy
s1703,TV Show,Title_1703,Nigeria,2021,2008,TV-PG,International Movies
s1704,Movie,Title_1704,United States,2019,2015,TV-MA,Sci-Fi & Fantasy
s1705,TV Show,Title_1705,United States,2018,2012,TV-MA,Comedies
s1706,TV Show,Title_1706,India,2017,2012,TV-PG,Stand-Up Comedy
s1707,TV Show,Title_1707,United States,2018,2019,PG-13,Kids TV
s1708,Movie,Title_1708,Mexico,2016,2014,TV-MA,Crime TV Shows
s1709,Movie,Title_1709,United States,2010,2021,R,Horror Movies
s1710,Movie,Title_1710,Turkey,2016,2017,TV-PG,Stand-Up Comedy
s1711,TV Show,Title_1711,Brazil,2021,2017,TV-MA,International TV Shows
s1712,Movie,Title_1712,United Kingdom,2018,2017,PG,Romantic Movies
s1713,Movie,Title_1713,United Kingdom,2012,2019,TV-14,Dramas
s1714,Movie,Title_1714,France,2020,2017,TV-PG,Comedies
s1715,Movie,Title_1715,India,2015,2013,TV-14,Anime Series
s1716,Movie,Title_1716,France,2015,2020,TV-14,Crime TV Shows
s1717,Movie,Title_1717,United States,2015,2017,PG-13,Stand-Up Comedy
s1718,Movie,Title_1718,United States,2018,2012,TV-MA,Dramas
s1719,Movie,Title_1719,India,2018,2018,TV-MA,Kids TV
s1720,Movie,Title_1720,United Kingdom,2017,2018,PG,Children & Family Movies
s1721,TV Show,Title_1721,Brazil,2019,2015,PG-13,Action & Adventure
s1722,TV Show,Title_1722,United States,2016,2020,TV-14,Kids TV
s1723,Movie,Title_1723,Mexico,2019,2019,TV-MA,Children & Family Movies
s1724,Movie,Title_1724,United States,2014,2018,TV-PG,Action & Adventure
s1725,Movie,Title_1725,India,2019,2017,TV-MA,Stand-Up Comedy
s1726,Movie,Title_1726,United States,2019,2021,TV-14,Kids TV
s1727,Movie,Title_1727,India,2019,2015,TV-MA,Thrillers
s1728,Movie,Title_1728,United States,2017,2018,TV-14,Romantic Movies
s1729,TV Show,Title_1729,United Kingdom,2019,2016,TV-MA,Romantic Movies
s1730,Movie,Title_1730,Germany,2012,2019,TV-PG,Anime Series
s1731,Movie,Title_1731,India,2020,2011,TV-PG,Sci-Fi & Fantasy
s1732,Movie,Title_1732,United Kingdom,2011,2011,TV-14,Stand-Up Comedy
s1733,Movie,Title_1733,Australia,2013,2020,TV-MA,Kids TV
s1734,TV Show,Title_1734,Japan,2018,2017,TV-MA,Dramas
s1735,Movie,Title_1735,United Kingdom,2019,2016,TV-MA,Horror Movies
s1736,TV Show,Title_1736,United States,2012,2018,TV-14,Crime TV Shows
s1737,Movie,Title_1737,Brazil,2021,2019,TV-PG,Kids TV
s1738,Movie,Title_1738,Canada,2021,2014,TV-MA,International TV Shows
s1739,TV Show,Title_1739,United States,2018,2014,TV-PG,International TV Shows
s1740,Movie,Title_1740,United States,2017,2021,TV-PG,Horror Movies
s1741,Movie,Title_1741,Germany,2019,2018,TV-14,Thrillers
s1742,Movie,Title_1742,United States,2016,2016,TV-MA,Anime Series
s1743,Movie,Title_1743,Nigeria,2017,2020,PG-13,Horror Movies
s1744,Movie,Title_1744,United States,2021,2018,R,Thrillers
s1745,Movie,Title_1745,Germany,2021,2015,TV-Y,Thrillers
s1746,Movie,Title_1746,India,2021,2014,TV-14,Anime Series
s1747,Movie,Title_1747,United Kingdom,2015,2016,PG,Action & Adventure
s1748,Movie,Title_1748,Brazil,2015,2020,TV-MA,Comedies
s1749,Movie,Title_1749,India,2015,2011,TV-14,Sci-Fi & Fantasy
s1750,Movie,Title_1750,United Kingdom,2017,2014,TV-14,Comedies
s1751,Movie,Title_1751,United States,2016,2020,TV-14,Sci-Fi & Fantasy
s1752,Movie,Title_1752,United States,2016,2013,TV-PG,International Movies
s1753,TV Show,Title_1753,United States,2018,2018,TV-MA,Action & Adventure
s1754,TV Show,Title_1754,Japan,2019,2014,PG-13,Horror Movies
s1755,Movie,Title_1755,United States,2019,2018,TV-14,Children & Family Movies
s1756,TV Show,Title_1756,United States,2020,2016,PG,Comedies
s1757,Movie,Title_1757,India,2010,2012,TV-MA,Stand-Up Comedy
s1758,TV Show,Title_1758,France,2011,2018,TV-PG,Reality TV
s1759,Movie,Title_1759,Japan,2019,2019,TV-14,Anime Series
s1760,TV Show,Title_1760,United States,2018,2019,TV-14,Reality TV
s1761,TV Show,Title_1761,United States,2018,2018,R,Anime Series
s1762,Movie,Title_1762,Turkey,2011,2017,TV-MA,Horror Movies
s1763,Movie,Title_1763,United States,2015,2017,TV-MA,Dramas
s1764,Movie,Title_1764,Australia,2018,2018,TV-PG,Kids TV
s1765,Movie,Title_1765,Australia,2020,2019,TV-14,Dramas
s1766,Movie,Title_1766,Spain,2021,2018,TV-MA,Horror Movies
s1767,TV Show,Title_1767,United States,2017,2018,TV-14,Horror Movies
s1768,Movie,Title_1768,Mexico,2018,2013,TV-14,Children & Family Movies
s1769,Movie,Title_1769,Spain,2020,2014,TV-PG,Comedies
s1770,TV Show,Title_1770,Canada,2018,2015,TV-MA,Sci-Fi & Fantasy
s1771,Movie,Title_1771,United States,2017,2021,TV-14,Action & Adventure
s1772,Movie,Title_1772,United States,2020,2019,TV-PG,Children & Family Movies
s1773,Movie,Title_1773,United States,2019,2018,R,International TV Shows
s1774,Movie,Title_1774,United Kingdom,2020,2015,PG,Horror Movies
s1775,TV Show,Title_1775,Canada,2014,2013,TV-14,International TV Shows
s1776,Movie,Title_1776,India,2018,2020,TV-MA,Stand-Up Comedy
s1777,Movie,Title_1777,United Kingdom,2020,2020,TV-MA,Stand-Up Comedy
s1778,Movie,Title_1778,India,2013,2013,TV-MA,Dramas
s1779,Movie,Title_1779,France,2020,2020,TV-MA,Thrillers
s1780,Movie,Title_1780,Brazil,2014,2017,PG-13,Thrillers
s1781,Movie,Title_1781,United States,2020,2016,PG-13,International TV Shows
s1782,TV Show,Title_1782,India,2018,2019,TV-14,Documentaries
s1783,TV Show,Title_1783,United States,2014,2018,TV-MA,Crime TV Shows
s1784,TV Show,Title_1784,France,2017,2019,TV-MA,Dramas
s1785,TV Show,Title_1785,South Korea,2019,2012,PG-13,Comedies
s1786,Movie,Title_1786,Italy,2018,2016,PG,Kids TV
s1787,Movie,Title_1787,United States,2017,2016,TV-MA,Action & Adventure
s1788,Movie,Title_1788,Turkey,2020,2016,TV-PG,Reality TV
s1789,Movie,Title_1789,United States,2017,2017,TV-MA,Romantic Movies
s1790,Movie,Title_1790,Canada,2017,2015,TV-MA,Children & Family Movies
s1791,Movie,Title_1791,United States,2011,2017,TV-MA,Sci-Fi & Fantasy
s1792,Movie,Title_1792,Brazil,2021,2016,TV-14,International TV Shows
s1793,TV Show,Title_1793,United Kingdom,2014,2019,TV-MA,Sci-Fi & Fantasy
s1794,TV Show,Title_1794,Japan,2018,2018,TV-MA,Documentaries
s1795,Movie,Title_1795,Mexico,2020,2018,TV-MA,Sci-Fi & Fantasy
s1796,TV Show,Title_1796,United States,2014,2014,TV-MA,International Movies
s1797,Movie,Title_1797,United States,2018,2016,TV-PG,Sci-Fi & Fantasy
s1798,Movie,Title_1798,Brazil,2015,2010,TV-MA,Comedies
s1799,TV Show,Title_1799,United States,2019,2012,PG,Anime Series
s1800,TV Show,Title_1800,United States,2018,2015,TV-MA,Reality TV
s1801,TV Show,Title_1801,India,2020,2011,TV-MA,Dramas
s1802,Movie,Title_1802,Canada,2020,2018,TV-MA,Reality TV
s1803,TV Show,Title_1803,United States,2018,2021,TV-MA,Thrillers
s1804,Movie,Title_1804,United States,2019,2012,TV-MA,Anime Series
s1805,TV Show,Title_1805,United States,2018,2020,TV-MA,Anime Series
s1806,TV Show,Title_1806,India,2016,2013,PG-13,Stand-Up Comedy
s1807,TV Show,Title_1807,Brazil,2018,2019,TV-PG,Action & Adventure
s1808,TV Show,Title_1808,Nigeria,2020,2018,PG,International Movies
s1809,Movie,Title_1809,France,2017,2020,TV-MA,Kids TV
s1810,Movie,Title_1810,United States,2016,2013,TV-14,Action & Adventure
s1811,TV Show,Title_1811,Brazil,2016,2016,TV-MA,Romantic Movies
s1812,Movie,Title_1812,United Kingdom,2017,2012,R,Action & Adventure
s1813,Movie,Title_1813,United States,2012,2017,G,Documentaries
s1814,TV Show,Title_1814,Italy,2017,2021,PG-13,Comedies
s1815,Movie,Title_1815,South Korea,2017,2019,TV-MA,Horror Movies
s1816,Movie,Title_1816,South Korea,2018,2019,TV-MA,Children & Family Movies
s1817,Movie,Title_1817,Japan,2016,2018,TV-MA,Horror Movies
s1818,TV Show,Title_1818,United States,2018,2020,TV-MA,International TV Shows
s1819,Movie,Title_1819,United States,2020,2017,TV-MA,Children & Family Movies
s1820,TV Show,Title_1820,Japan,2021,2013,TV-MA,Kids TV
s1821,Movie,Title_1821,United States,2018,2020,TV-MA,Romantic Movies
s1822,Movie,Title_1822,India,2011,2015,TV-14,Anime Series
s1823,TV Show,Title_1823,Spain,2021,2011,TV-14,Action & Adventure
s1824,Movie,Title_1824,Spain,2019,2013,R,Documentaries
s1825,TV Show,Title_1825,India,2016,2018,TV-MA,Anime Series
s1826,Movie,Title_1826,Germany,2013,2018,TV-MA,Children & Family Movies
s1827,Movie,Title_1827,Mexico,2013,2015,TV-PG,International TV Shows
s1828,TV Show,Title_1828,France,2014,2019,TV-14,Thrillers
s1829,Movie,Title_1829,United States,2011,2019,TV-MA,International TV Shows
s1830,Movie,Title_1830,United States,2020,2021,PG-13,Horror Movies
s1831,Movie,Title_1831,United States,2018,2018,TV-MA,Comedies
s1832,Movie,Title_1832,United States,2019,2019,TV-14,Stand-Up Comedy
s1833,Movie,Title_1833,United States,2020,2019,TV-14,Sci-Fi & Fantasy
s1834,Movie,Title_1834,United States,2020,2015,TV-MA,Crime TV Shows
s1835,Movie,Title_1835,India,2020,2016,TV-14,Romantic Movies
s1836,Movie,Title_1836,Brazil,2021,2017,TV-14,Crime TV Shows
s1837,Movie,Title_1837,United States,2017,2009,TV-MA,Action & Adventure
s1838,Movie,Title_1838,South Korea,2021,2015,PG,Horror Movies
s1839,TV Show,Title_1839,Japan,2019,2017,TV-MA,Dramas
s1840,Movie,Title_1840,United States,2012,2012,TV-PG,Documentaries
s1841,TV Show,Title_1841,Italy,2019,2013,TV-MA,Kids TV
s1842,TV Show,Title_1842,Canada,2019,2017,TV-14,Action & Adventure
s1843,Movie,Title_1843,India,2020,2019,TV-MA,Documentaries
s1844,Movie,Title_1844,South Korea,2016,2020,R,Thrillers
s1845,Movie,Title_1845,United States,2018,2018,R,Reality TV
s1846,Movie,Title_1846,Japan,2009,2017,TV-MA,Anime Series
s1847,Movie,Title_1847,United States,2016,2016,TV-MA,Dramas
s1848,TV Show,Title_1848,Mexico,2011,2014,NR,Stand-Up Comedy
s1849,Movie,Title_1849,India,2018,2013,PG,International TV Shows
s1850,Movie,Title_1850,France,2020,2020,TV-14,Kids TV
s1851,Movie,Title_1851,United States,2014,2017,TV-14,Crime TV Shows
s1852,TV Show,Title_1852,Japan,2018,2020,PG-13,Comedies
s1853,Movie,Title_1853,Spain,2014,2019,TV-MA,Children & Family Movies
s1854,Movie,Title_1854,India,2013,2014,TV-PG,Children & Family Movies
s1855,TV Show,Title_1855,France,2017,2017,TV-14,Horror Movies
s1856,Movie,Title_1856,India,2012,2017,R,Crime TV Shows
s1857,Movie,Title_1857,Brazil,2018,2017,TV-MA,Crime TV Shows
s1858,Movie,Title_1858,United Kingdom,2010,2018,TV-14,Children & Family Movies
s1859,Movie,Title_1859,Mexico,2012,2021,TV-14,Kids TV
s1860,TV Show,Title_1860,Germany,2018,2020,PG-13,Stand-Up Comedy
s1861,Movie,Title_1861,India,2018,2020,TV-PG,Action & Adventure
s1862,TV Show,Title_1862,United States,2010,2010,PG,Romantic Movies
s1863,Movie,Title_1863,India,2018,2013,PG,Action & Adventure
s1864,TV Show,Title_1864,Mexico,2020,2012,TV-14,Romantic Movies
s1865,TV Show,Title_1865,United States,2019,2015,TV-MA,Stand-Up Comedy
s1866,TV Show,Title_1866,United Kingdom,2013,2017,TV-PG,Reality TV
s1867,Movie,Title_1867,Germany,2018,2018,PG,Action & Adventure
s1868,Movie,Title_1868,United States,2019,2017,TV-MA,Anime Series
s1869,Movie,Title_1869,France,2010,2020,TV-14,Action & Adventure
s1870,Movie,Title_1870,United States,2020,2021,TV-MA,Romantic Movies
s1871,Movie,Title_1871,United States,2020,2014,TV-MA,Comedies
s1872,Movie,Title_1872,Germany,2020,2020,TV-PG,Kids TV
s1873,TV Show,Title_1873,United States,2020,2017,TV-PG,Comedies
s1874,TV Show,Title_1874,United States,2019,2017,TV-PG,Crime TV Shows
s1875,Movie,Title_1875,Australia,2018,2019,PG-13,Action & Adventure
s1876,Movie,Title_1876,United States,2019,2012,TV-MA,Kids TV
s1877,Movie,Title_1877,Nigeria,2020,2020,TV-MA,Anime Series
s1878,Movie,Title_1878,Nigeria,2019,2019,PG-13,Reality TV
s1879,Movie,Title_1879,United States,2016,2020,TV-14,Sci-Fi & Fantasy
s1880,Movie,Title_1880,United States,2016,2021,TV-MA,International Movies
s1881,Movie,Title_1881,Japan,2020,2017,R,Kids TV
s1882,TV Show,Title_1882,India,2009,2012,PG,Comedies
s1883,Movie,Title_1883,United States,2019,2014,TV-PG,Crime TV Shows
s1884,TV Show,Title_1884,Japan,2021,2016,R,Kids TV
s1885,TV Show,Title_1885,United States,2019,2012,TV-MA,International Movies
s1886,Movie,Title_1886,Australia,2021,2020,TV-MA,Reality TV
s1887,Movie,Title_1887,United States,2019,2015,PG-13,Crime TV Shows
s1888,Movie,Title_1888,United States,2010,2021,TV-PG,Reality TV
s1889,Movie,Title_1889,United States,2020,2019,TV-MA,Thrillers
s1890,Movie,Title_1890,Turkey,2015,2014,TV-14,Anime Series
s1891,Movie,Title_1891,Japan,2017,2017,TV-PG,Comedies
s1892,TV Show,Title_1892,Germany,2016,2017,TV-MA,International Movies
s1893,Movie,Title_1893,India,2015,2017,TV-PG,Horror Movies
s1894,Movie,Title_1894,United States,2017,2018,TV-MA,Stand-Up Comedy
s1895,TV Show,Title_1895,United States,2016,2010,TV-MA,Documentaries
s1896,TV Show,Title_1896,United Kingdom,2018,2019,TV-PG,Anime Series
s1897,Movie,Title_1897,United Kingdom,2020,2017,TV-MA,Horror Movies
s1898,Movie,Title_1898,France,2015,2020,TV-MA,Documentaries
s1899,Movie,Title_1899,United States,2014,2020,PG,Documentaries
s1900,TV Show,Title_1900,Turkey,2019,2015,TV-PG,Anime Series
s1901,TV Show,Title_1901,United States,2019,2011,TV-14,Sci-Fi & Fantasy
s1902,TV Show,Title_1902,Turkey,2020,2019,TV-MA,Sci-Fi & Fantasy
s1903,TV Show,Title_1903,United States,2009,2021,TV-MA,Crime TV Shows
s1904,TV Show,Title_1904,United Kingdom,2020,2017,TV-14,Crime TV Shows
s1905,TV Show,Title_1905,United States,2018,2015,TV-MA,Action & Adventure
s1906,Movie,Title_1906,India,2018,2013,TV-14,Kids TV
s1907,TV Show,Title_1907,Canada,2012,2015,TV-14,Comedies
s1908,Movie,Title_1908,India,2017,2016,TV-14,Anime Series
s1909,Movie,Title_1909,India,2015,2017,TV-MA,Romantic Movies
s1910,TV Show,Title_1910,South Korea,2015,2018,TV-MA,Horror Movies
s1911,Movie,Title_1911,Japan,2017,2015,TV-G,Action & Adventure
s1912,Movie,Title_1912,Mexico,2020,2011,G,Children & Family Movies
s1913,Movie,Title_1913,United States,2019,2016,TV-14,International TV Shows
s1914,Movie,Title_1914,Canada,2018,2020,R,Documentaries
s1915,TV Show,Title_1915,Canada,2018,2017,TV-PG,Children & Family Movies
s1916,Movie,Title_1916,India,2017,2021,TV-MA,Kids TV
s1917,Movie,Title_1917,United Kingdom,2021,2017,TV-MA,Stand-Up Comedy
s1918,Movie,Title_1918,United States,2018,2015,TV-MA,Reality TV
s1919,TV Show,Title_1919,United States,2015,2014,TV-14,Stand-Up Comedy
s1920,Movie,Title_1920,United States,2015,2019,TV-14,Romantic Movies
s1921,Movie,Title_1921,United States,2018,2018,NR,Thrillers
s1922,Movie,Title_1922,Japan,2018,2018,R,Documentaries
s1923,Movie,Title_1923,France,2008,2019,PG-13,International TV Shows
s1924,TV Show,Title_1924,Turkey,2020,2019,PG,Sci-Fi & Fantasy
s1925,TV Show,Title_1925,South Korea,2019,2011,PG-13,Crime TV Shows
s1926,Movie,Title_1926,United States,2019,2020,TV-MA,International Movies
s1927,TV Show,Title_1927,Brazil,2011,2018,TV-MA,Kids TV
s1928,Movie,Title_1928,Australia,2016,2016,TV-14,International TV Shows
s1929,Movie,Title_1929,India,2021,2018,TV-PG,Stand-Up Comedy
s1930,Movie,Title_1930,Canada,2020,2018,TV-14,Documentaries
s1931,TV Show,Title_1931,Nigeria,2015,2013,PG-13,Stand-Up Comedy
s1932,Movie,Title_1932,United Kingdom,2013,2017,TV-G,Thrillers
s1933,Movie,Title_1933,Brazil,2017,2016,TV-14,Stand-Up Comedy
s1934,Movie,Title_1934,United States,2016,2016,TV-14,Anime Series
s1935,TV Show,Title_1935,United States,2019,2012,PG-13,Dramas
s1936,Movie,Title_1936,India,2021,2013,TV-MA,International TV Shows
s1937,Movie,Title_1937,Canada,2016,2014,TV-MA,Horror Movies
s1938,Movie,Title_1938,Germany,2011,2016,PG-13,Reality TV
s1939,TV Show,Title_1939,Nigeria,2020,2020,R,Horror Movies
s1940,Movie,Title_1940,India,2010,2014,TV-14,Comedies
s1941,TV Show,Title_1941,United States,2021,2017,PG,Anime Series
s1942,Movie,Title_1942,Germany,2019,2016,TV-MA,Documentaries
s1943,Movie,Title_1943,Canada,2021,2019,TV-PG,Kids TV
s1944,TV Show,Title_1944,United States,2014,2011,TV-PG,Children & Family Movies
s1945,TV Show,Title_1945,United Kingdom,2011,2014,TV-MA,Stand-Up Comedy
s1946,Movie,Title_1946,South Korea,2017,2014,TV-MA,International TV Shows
s1947,Movie,Title_1947,Spain,2017,2021,PG,Children & Family Movies
s1948,TV Show,Title_1948,United Kingdom,2016,2018,TV-MA,Comedies
s1949,TV Show,Title_1949,United States,2021,2013,TV-MA,International TV Shows
s1950,Movie,Title_1950,Nigeria,2020,2015,TV-14,International TV Shows
s1951,TV Show,Title_1951,France,2019,2014,TV-MA,Children & Family Movies
s1952,TV Show,Title_1952,India,2014,2013,PG,Dramas
s1953,Movie,Title_1953,United States,2019,2020,TV-MA,Documentaries
s1954,TV Show,Title_1954,South Korea,2019,2017,TV-PG,Horror Movies
s1955,TV Show,Title_1955,United States,2017,2018,TV-MA,International Movies
s1956,Movie,Title_1956,United States,2021,2016,PG-13,Comedies
s1957,Movie,Title_1957,United Kingdom,2014,2018,TV-14,Horror Movies
s1958,Movie,Title_1958,United States,2015,2015,TV-14,Comedies
s1959,Movie,Title_1959,France,2011,2016,TV-Y,Stand-Up Comedy
s1960,Movie,Title_1960,United States,2020,2018,TV-MA,Thrillers
s1961,Movie,Title_1961,France,2018,2013,TV-14,Children & Family Movies
s1962,TV Show,Title_1962,United States,2016,2018,TV-Y,Documentaries
s1963,TV Show,Title_1963,United States,2014,2020,TV-PG,Romantic Movies
s1964,Movie,Title_1964,United States,2011,2013,R,Kids TV
s1965,Movie,Title_1965,Italy,2014,2020,TV-MA,Children & Family Movies
s1966,Movie,Title_1966,Australia,2017,2012,TV-MA,Romantic Movies
s1967,Movie,Title_1967,United States,2015,2016,TV-MA,Crime TV Shows
s1968,Movie,Title_1968,Spain,2015,2018,TV-Y7,Romantic Movies
s1969,Movie,Title_1969,Canada,2020,2018,G,Anime Series
s1970,Movie,Title_1970,Nigeria,2017,2012,TV-MA,Comedies
s1971,Movie,Title_1971,India,2019,2020,TV-MA,International TV Shows
s1972,Movie,Title_1972,Japan,2010,2021,TV-MA,Crime TV Shows
s1973,Movie,Title_1973,United States,2016,2014,TV-MA,Documentaries
s1974,Movie,Title_1974,India,2017,2020,TV-14,Thrillers
s1975,Movie,Title_1975,Turkey,2014,2018,R,Horror Movies
s1976,Movie,Title_1976,United Kingdom,2013,2021,PG-13,Sci-Fi & Fantasy
s1977,Movie,Title_1977,United States,2020,2014,R,Action & Adventure
s1978,Movie,Title_1978,United States,2021,2020,TV-PG,Stand-Up Comedy
s1979,TV Show,Title_1979,Japan,2012,2011,R,Reality TV
s1980,TV Show,Title_1980,France,2016,2020,R,International TV Shows
s1981,Movie,Title_1981,India,2021,2019,TV-14,Reality TV
s1982,Movie,Title_1982,Turkey,2012,2016,TV-MA,Stand-Up Comedy
s1983,Movie,Title_1983,United States,2018,2014,TV-MA,Romantic Movies
s1984,Movie,Title_1984,United States,2021,2020,TV-PG,International TV Shows
s1985,Movie,Title_1985,Italy,2021,2018,TV-G,International TV Shows
s1986,TV Show,Title_1986,United States,2017,2016,TV-14,Thrillers
s1987,Movie,Title_1987,United States,2014,2017,PG,Kids TV
s1988,Movie,Title_1988,United Kingdom,2014,2020,TV-MA,International TV Shows
s1989,Movie,Title_1989,Mexico,2020,2016,R,Stand-Up Comedy
s1990,Movie,Title_1990,United States,2021,2012,PG-13,International TV Shows
s1991,Movie,Title_1991,Turkey,2018,2021,TV-PG,Kids TV
s1992,Movie,Title_1992,Germany,2019,2016,NR,Reality TV
s1993,TV Show,Title_1993,United States,2019,2016,TV-14,Documentaries
s1994,Movie,Title_1994,Japan,2019,2014,TV-MA,Dramas
s1995,Movie,Title_1995,India,2020,2020,TV-MA,Action & Adventure
s1996,Movie,Title_1996,India,2019,2014,TV-14,Crime TV Shows
s1997,Movie,Title_1997,Spain,2018,2018,PG,Thrillers
s1998,Movie,Title_1998,Turkey,2015,2020,TV-MA,International TV Shows
s1999,Movie,Title_1999,United States,2019,2010,TV-PG,Horror Movies
s2000,TV Show,Title_2000,India,2017,2020,R,Anime Series
s2001,TV Show,Title_2001,United Kingdom,2015,2017,TV-MA,Reality TV
s2002,Movie,Title_2002,India,2020,2018,TV-MA,Action & Adventure
s2003,Movie,Title_2003,India,2019,2016,TV-14,Thrillers
s2004,TV Show,Title_2004,United States,2021,2019,TV-MA,Anime Series
s2005,Movie,Title_2005,Japan,2014,2015,TV-MA,Romantic Movies
s2006,Movie,Title_2006,India,2018,2010,TV-MA,Anime Series
s2007,Movie,Title_2007,United States,2015,2021,TV-MA,Crime TV Shows
s2008,Movie,Title_2008,Germany,2020,2009,TV-PG,Documentaries
s2009,TV Show,Title_2009,Germany,2012,2020,TV-PG,Horror Movies
s2010,Movie,Title_2010,United Kingdom,2018,2014,TV-PG,Romantic Movies
s2011,Movie,Title_2011,United States,2020,2016,TV-14,Reality TV
s2012,TV Show,Title_2012,France,2016,2020,TV-G,Thrillers
s2013,Movie,Title_2013,United States,2021,2014,PG,Comedies
s2014,Movie,Title_2014,United States,2020,2020,TV-G,International Movies
s2015,Movie,Title_2015,South Korea,2015,2017,TV-14,Comedies
s2016,Movie,Title_2016,United States,2008,2016,PG,Sci-Fi & Fantasy
s2017,Movie,Title_2017,United States,2015,2019,R,Thrillers
s2018,Movie,Title_2018,United States,2015,2016,TV-MA,Romantic Movies
s2019,Movie,Title_2019,United States,2020,2016,TV-MA,Stand-Up Comedy
s2020,Movie,Title_2020,United States,2021,2019,TV-PG,Stand-Up Comedy
s2021,Movie,Title_2021,Nigeria,2012,2016,TV-MA,Kids TV
s2022,Movie,Title_2022,United States,2017,2014,TV-MA,Documentaries
s2023,Movie,Title_2023,United States,2018,2020,TV-14,Dramas
s2024,Movie,Title_2024,United States,2012,2020,TV-PG,Dramas
s2025,TV Show,Title_2025,Italy,2016,2017,NR,Kids TV
s2026,Movie,Title_2026,United Kingdom,2016,2018,TV-14,Children & Family Movies
s2027,Movie,Title_2027,India,2018,2019,TV-PG,International Movies
s2028,TV Show,Title_2028,Australia,2019,2017,TV-MA,Anime Series
s2029,Movie,Title_2029,India,2019,2017,TV-PG,Action & Adventure
s2030,TV Show,Title_2030,United States,2013,2021,TV-14,Romantic Movies
s2031,Movie,Title_2031,United States,2020,2013,PG-13,Documentaries
s2032,TV Show,Title_2032,India,2019,2018,TV-14,Stand-Up Comedy
s2033,TV Show,Title_2033,United States,2020,2020,TV-14,Romantic Movies
s2034,Movie,Title_2034,Japan,2017,2019,TV-14,Horror Movies
s2035,TV Show,Title_2035,United States,2020,2020,PG-13,Anime Series
s2036,Movie,Title_2036,Canada,2020,2016,TV-G,Dramas
s2037,TV Show,Title_2037,United States,2017,2015,TV-MA,Horror Movies
s2038,Movie,Title_2038,United States,2016,2020,TV-14,Documentaries
s2039,Movie,Title_2039,India,2021,2016,TV-PG,Action & Adventure
s2040,Movie,Title_2040,Italy,2019,2019,PG,Romantic Movies
s2041,Movie,Title_2041,India,2021,2013,TV-14,Documentaries
s2042,TV Show,Title_2042,France,2020,2019,TV-MA,Reality TV
s2043,Movie,Title_2043,United States,2018,2018,TV-14,Horror Movies
s2044,Movie,Title_2044,United States,2013,2015,TV-14,Sci-Fi & Fantasy
s2045,Movie,Title_2045,United States,2015,2017,TV-14,Stand-Up Comedy
s2046,Movie,Title_2046,United States,2021,2019,TV-MA,Romantic Movies
s2047,Movie,Title_2047,United States,2016,2009,TV-MA,Anime Series
s2048,TV Show,Title_2048,United States,2012,2018,TV-PG,Kids TV
s2049,Movie,Title_2049,Spain,2019,2018,TV-Y7,Documentaries
s2050,Movie,Title_2050,United States,2019,2015,PG,Anime Series
s2051,Movie,Title_2051,Canada,2015,2019,TV-PG,Crime TV Shows
s2052,Movie,Title_2052,India,2015,2016,PG-13,Sci-Fi & Fantasy
s2053,Movie,Title_2053,United Kingdom,2017,2015,TV-MA,Reality TV
s2054,TV Show,Title_2054,Canada,2010,2017,TV-PG,Romantic Movies
s2055,Movie,Title_2055,United States,2019,2019,TV-MA,Documentaries
s2056,Movie,Title_2056,United States,2016,2021,TV-PG,Dramas
s2057,Movie,Title_2057,South Korea,2020,2013,TV-G,Horror Movies
s2058,Movie,Title_2058,Australia,2020,2016,PG-13,Comedies
s2059,Movie,Title_2059,United States,2019,2011,TV-14,Dramas
s2060,Movie,Title_2060,United States,2016,2019,R,Documentaries
s2061,Movie,Title_2061,Brazil,2017,2017,NR,Romantic Movies
s2062,Movie,Title_2062,United States,2017,2019,TV-MA,Comedies
s2063,Movie,Title_2063,United Kingdom,2016,2016,R,Thrillers
s2064,Movie,Title_2064,India,2020,2020,TV-MA,Children & Family Movies
s2065,Movie,Title_2065,United States,2017,2018,PG,Crime TV Shows
s2066,Movie,Title_2066,Canada,2020,2021,TV-MA,Sci-Fi & Fantasy
s2067,Movie,Title_2067,United Kingdom,2012,2012,TV-MA,Action & Adventure
s2068,TV Show,Title_2068,United States,2013,2017,R,Action & Adventure
s2069,Movie,Title_2069,India,2021,2019,TV-MA,International Movies
s2070,Movie,Title_2070,Germany,2018,2018,TV-MA,Sci-Fi & Fantasy
s2071,Movie,Title_2071,Canada,2017,2010,TV-14,Sci-Fi & Fantasy
s2072,Movie,Title_2072,United States,2018,2021,PG-13,International Movies
s2073,TV Show,Title_2073,United Kingdom,2014,2015,TV-MA,Children & Family Movies
s2074,Movie,Title_2074,Japan,2019,2015,PG-13,Crime TV Shows
s2075,Movie,Title_2075,Germany,2012,2017,PG-13,Documentaries
s2076,Movie,Title_2076,France,2018,2018,TV-14,Documentaries
s2077,Movie,Title_2077,United States,2018,2019,TV-PG,Kids TV
s2078,Movie,Title_2078,Japan,2021,2016,TV-MA,International Movies
s2079,Movie,Title_2079,Japan,2018,2017,TV-14,Children & Family Movies
s2080,Movie,Title_2080,United States,2013,2018,TV-MA,International Movies
s2081,Movie,Title_2081,India,2018,2016,TV-MA,Anime Series
s2082,Movie,Title_2082,United States,2012,2021,TV-14,Kids TV
s2083,TV Show,Title_2083,Japan,2014,2020,TV-MA,Documentaries
s2084,Movie,Title_2084,United States,2010,2017,R,Documentaries
s2085,TV Show,Title_2085,Canada,2017,2008,TV-14,Comedies
s2086,Movie,Title_2086,Italy,2012,2020,PG,International Movies
s2087,Movie,Title_2087,Germany,2017,2013,TV-MA,Comedies
s2088,Movie,Title_2088,Italy,2021,2015,TV-MA,Crime TV Shows
s2089,Movie,Title_2089,Nigeria,2019,2013,TV-14,Documentaries
s2090,TV Show,Title_2090,United States,2012,2014,TV-MA,Kids TV
s2091,Movie,Title_2091,France,2015,2020,R,Anime Series
s2092,TV Show,Title_2092,India,2019,2018,TV-14,Thrillers
s2093,TV Show,Title_2093,Australia,2020,2021,TV-14,Action & Adventure
s2094,Movie,Title_2094,United States,2010,2015,TV-14,Children & Family Movies
s2095,Movie,Title_2095,Nigeria,2020,2017,TV-14,International Movies
s2096,TV Show,Title_2096,Canada,2018,2021,TV-14,Reality TV
s2097,Movie,Title_2097,Germany,2018,2020,TV-MA,Thrillers
s2098,Movie,Title_2098,United States,2021,2019,TV-MA,Reality TV
s2099,Movie,Title_2099,United States,2019,2014,TV-14,Horror Movies
s2100,Movie,Title_2100,Spain,2020,2019,TV-MA,Romantic Movies
s2101,Movie,Title_2101,United States,2016,2016,R,Documentaries
s2102,Movie,Title_2102,Germany,2018,2018,TV-MA,Action & Adventure
s2103,Movie,Title_2103,United States,2018,2018,TV-MA,Reality TV
s2104,Movie,Title_2104,France,2016,2018,TV-MA,Horror Movies
s2105,Movie,Title_2105,India,2018,2019,TV-MA,Thrillers
s2106,Movie,Title_2106,Canada,2015,2019,TV-MA,Kids TV
s2107,TV Show,Title_2107,Japan,2013,2011,TV-MA,International TV Shows
s2108,TV Show,Title_2108,United States,2016,2017,TV-MA,Action & Adventure
s2109,TV Show,Title_2109,United States,2019,2019,TV-MA,International TV Shows
s2110,Movie,Title_2110,United States,2021,2015,PG-13,Dramas
s2111,Movie,Title_2111,Canada,2017,2016,PG-13,Sci-Fi & Fantasy
s2112,Movie,Title_2112,United Kingdom,2018,2013,TV-MA,Horror Movies
s2113,Movie,Title_2113,South Korea,2012,2017,TV-MA,Sci-Fi & Fantasy
s2114,TV Show,Title_2114,United Kingdom,2020,2021,TV-PG,Romantic Movies
s2115,TV Show,Title_2115,India,2018,2015,PG-13,Comedies
s2116,Movie,Title_2116,India,2019,2018,TV-G,Thrillers
s2117,Movie,Title_2117,United States,2020,2019,TV-MA,Dramas
s2118,Movie,Title_2118,United States,2015,2009,TV-14,Thrillers
s2119,Movie,Title_2119,Nigeria,2018,2020,R,Comedies
s2120,Movie,Title_2120,Australia,2021,2016,PG-13,Comedies
s2121,Movie,Title_2121,United States,2012,2020,TV-MA,Crime TV Shows
s2122,Movie,Title_2122,Canada,2019,2010,TV-PG,Children & Family Movies
s2123,Movie,Title_2123,Mexico,2021,2013,TV-MA,Crime TV Shows
s2124,TV Show,Title_2124,India,2016,2016,TV-MA,Horror Movies
s2125,TV Show,Title_2125,United States,2020,2016,TV-14,Thrillers
s2126,TV Show,Title_2126,United States,2021,2020,TV-MA,Kids TV
s2127,Movie,Title_2127,United Kingdom,2019,2009,R,Reality TV
s2128,Movie,Title_2128,Turkey,2015,2018,R,Reality TV
s2129,Movie,Title_2129,Japan,2016,2013,PG-13,Dramas
s2130,Movie,Title_2130,United States,2010,2020,TV-14,Horror Movies
s2131,Movie,Title_2131,United States,2020,2019,TV-MA,Anime Series
s2132,Movie,Title_2132,Spain,2020,2017,TV-MA,Documentaries
s2133,Movie,Title_2133,Mexico,2018,2014,TV-14,International Movies
s2134,TV Show,Title_2134,France,2016,2018,TV-PG,Comedies
s2135,Movie,Title_2135,France,2012,2013,TV-14,Crime TV Shows
s2136,TV Show,Title_2136,United States,2019,2014,TV-14,Documentaries
s2137,Movie,Title_2137,Mexico,2019,2018,TV-14,Kids TV
s2138,Movie,Title_2138,Germany,2021,2021,TV-MA,International Movies
s2139,Movie,Title_2139,United States,2019,2020,TV-PG,Reality TV
s2140,Movie,Title_2140,Japan,2020,2018,TV-14,Kids TV
s2141,Movie,Title_2141,United States,2019,2018,PG-13,Anime Series
s2142,Movie,Title_2142,United States,2018,2021,TV-PG,Reality TV
s2143,Movie,Title_2143,United States,2017,2018,TV-MA,Kids TV
s2144,TV Show,Title_2144,United States,2020,2017,TV-14,Comedies
s2145,Movie,Title_2145,United States,2018,2020,TV-PG,Stand-Up Comedy
s2146,TV Show,Title_2146,India,2016,2015,TV-MA,Sci-Fi & Fantasy
s2147,Movie,Title_2147,United Kingdom,2012,2012,R,Anime Series
s2148,Movie,Title_2148,United Kingdom,2015,2018,TV-MA,Thrillers
s2149,TV Show,Title_2149,United States,2018,2012,TV-14,Kids TV
s2150,Movie,Title_2150,United States,2015,2016,NR,International Movies
s2151,Movie,Title_2151,Canada,2015,2017,TV-14,International Movies
s2152,TV Show,Title_2152,India,2018,2018,TV-14,Dramas
s2153,Movie,Title_2153,United States,2014,2021,TV-MA,Children & Family Movies
s2154,TV Show,Title_2154,Australia,2020,2015,TV-MA,Thrillers
s2155,TV Show,Title_2155,South Korea,2017,2016,TV-14,Anime Series
s2156,TV Show,Title_2156,Australia,2018,2013,TV-14,Anime Series
s2157,TV Show,Title_2157,United Kingdom,2013,2018,TV-14,Sci-Fi & Fantasy
s2158,Movie,Title_2158,United States,2016,2019,NR,Thrillers
s2159,TV Show,Title_2159,Japan,2017,2017,TV-MA,Documentaries
s2160,Movie,Title_2160,United States,2020,2015,TV-14,Comedies
s2161,Movie,Title_2161,India,2019,2018,TV-14,Stand-Up Comedy
s2162,TV Show,Title_2162,United States,2015,2018,TV-14,Comedies
s2163,Movie,Title_2163,Mexico,2018,2014,TV-14,Documentaries
s2164,Movie,Title_2164,United States,2015,2017,TV-MA,Stand-Up Comedy
s2165,Movie,Title_2165,Brazil,2021,2017,PG,Reality TV
s2166,TV Show,Title_2166,Australia,2021,2021,TV-14,Kids TV
s2167,TV Show,Title_2167,India,2018,2020,TV-14,Sci-Fi & Fantasy
s2168,Movie,Title_2168,South Korea,2019,2019,TV-PG,Comedies
s2169,Movie,Title_2169,France,2020,2020,TV-MA,Reality TV
s2170,TV Show,Title_2170,Germany,2019,2019,R,Documentaries
s2171,Movie,Title_2171,India,2019,2020,TV-14,Crime TV Shows
s2172,Movie,Title_2172,Spain,2021,2011,TV-PG,Thrillers
s2173,Movie,Title_2173,India,2018,2017,R,Dramas
s2174,Movie,Title_2174,Turkey,2018,2019,PG,Sci-Fi & Fantasy
s2175,TV Show,Title_2175,United Kingdom,2020,2018,TV-14,International Movies
s2176,Movie,Title_2176,India,2019,2014,PG-13,Children & Family Movies
s2177,Movie,Title_2177,Spain,2019,2016,TV-MA,Horror Movies
s2178,TV Show,Title_2178,Mexico,2015,2016,TV-PG,Anime Series
s2179,TV Show,Title_2179,United Kingdom,2016,2015,TV-MA,Reality TV
s2180,TV Show,Title_2180,United States,2013,2016,TV-MA,Romantic Movies
s2181,Movie,Title_2181,India,2017,2017,TV-MA,Action & Adventure
s2182,Movie,Title_2182,Turkey,2017,2020,TV-MA,Documentaries
s2183,TV Show,Title_2183,South Korea,2021,2019,TV-MA,Kids TV
s2184,Movie,Title_2184,Germany,2018,2020,TV-PG,Action & Adventure
s2185,Movie,Title_2185,United States,2019,2020,TV-MA,Crime TV Shows
s2186,TV Show,Title_2186,India,2016,2017,R,Comedies
s2187,Movie,Title_2187,France,2020,2016,TV-MA,Romantic Movies
s2188,Movie,Title_2188,Mexico,2018,2011,TV-MA,International Movies
s2189,TV Show,Title_2189,United States,2019,2021,TV-14,Reality TV
s2190,Movie,Title_2190,Australia,2015,2011,TV-14,Comedies
s2191,Movie,Title_2191,United Kingdom,2018,2019,TV-MA,Sci-Fi & Fantasy
s2192,Movie,Title_2192,United States,2018,2016,TV-Y7,Sci-Fi & Fantasy
s2193,Movie,Title_2193,United States,2018,2021,TV-MA,International TV Shows
s2194,Movie,Title_2194,United States,2021,2017,R,International Movies
s2195,Movie,Title_2195,United Kingdom,2020,2020,TV-MA,Reality TV
s2196,Movie,Title_2196,United States,2021,2015,PG,Stand-Up Comedy
s2197,Movie,Title_2197,United States,2019,2015,TV-14,Dramas
s2198,Movie,Title_2198,Germany,2021,2018,PG,Documentaries
s2199,Movie,Title_2199,United States,2020,2021,TV-MA,Dramas
s2200,Movie,Title_2200,United States,2015,2017,TV-MA,Documentaries
s2201,Movie,Title_2201,India,2017,2021,TV-14,Reality TV
s2202,Movie,Title_2202,United Kingdom,2015,2019,TV-14,Comedies
s2203,TV Show,Title_2203,Spain,2008,2020,TV-MA,International TV Shows
s2204,Movie,Title_2204,India,2014,2017,TV-MA,Horror Movies
s2205,Movie,Title_2205,Germany,2008,2016,R,International TV Shows
s2206,Movie,Title_2206,France,2019,2014,TV-MA,Kids TV
s2207,Movie,Title_2207,United States,2017,2021,TV-14,Dramas
s2208,Movie,Title_2208,United States,2016,2021,TV-14,Romantic Movies
s2209,Movie,Title_2209,India,2019,2019,TV-PG,Dramas
s2210,Movie,Title_2210,India,2020,2015,TV-MA,Stand-Up Comedy
s2211,Movie,Title_2211,South Korea,2021,2015,TV-14,Comedies
s2212,Movie,Title_2212,Canada,2018,2021,TV-MA,Crime TV Shows
s2213,Movie,Title_2213,India,2017,2011,TV-MA,Children & Family Movies
s2214,Movie,Title_2214,United States,2016,2020,TV-14,Romantic Movies
s2215,Movie,Title_2215,United States,2015,2016,PG,Documentaries
s2216,Movie,Title_2216,Canada,2014,2017,TV-MA,International Movies
s2217,Movie,Title_2217,India,2017,2020,TV-MA,Sci-Fi & Fantasy
s2218,Movie,Title_2218,United Kingdom,2021,2012,TV-PG,Reality TV
s2219,TV Show,Title_2219,United States,2008,2016,TV-14,Anime Series
s2220,TV Show,Title_2220,France,2014,2021,TV-PG,Crime TV Shows
s2221,Movie,Title_2221,Australia,2014,2019,TV-Y7,Children & Family Movies
s2222,Movie,Title_2222,United States,2019,2019,TV-Y,Children & Family Movies
s2223,Movie,Title_2223,United Kingdom,2016,2019,TV-MA,Comedies
s2224,Movie,Title_2224,Nigeria,2017,2011,TV-14,Thrillers
s2225,Movie,Title_2225,United States,2013,2014,PG,Documentaries
s2226,Movie,Title_2226,Canada,2017,2017,TV-MA,Dramas
s2227,Movie,Title_2227,United States,2012,2016,TV-14,Dramas
s2228,TV Show,Title_2228,Canada,2018,2017,TV-14,International Movies
s2229,Movie,Title_2229,United States,2012,2019,TV-MA,Children & Family Movies
s2230,TV Show,Title_2230,Turkey,2020,2009,TV-Y7,Comedies
s2231,Movie,Title_2231,Japan,2018,2019,R,Horror Movies
s2232,Movie,Title_2232,Germany,2019,2008,TV-14,Comedies
s2233,Movie,Title_2233,Japan,2017,2011,PG-13,Romantic Movies
s2234,Movie,Title_2234,Canada,2016,2017,TV-14,Action & Adventure
s2235,TV Show,Title_2235,India,2012,2020,PG,Crime TV Shows
s2236,Movie,Title_2236,Australia,2018,2013,TV-MA,Sci-Fi & Fantasy
s2237,TV Show,Title_2237,Turkey,2017,2018,TV-MA,Stand-Up Comedy
s2238,Movie,Title_2238,United Kingdom,2017,2019,TV-MA,Action & Adventure
s2239,TV Show,Title_2239,Italy,2019,2015,TV-14,Children & Family Movies
s2240,Movie,Title_2240,Canada,2020,2017,TV-MA,Sci-Fi & Fantasy
s2241,Movie,Title_2241,United Kingdom,2019,2021,TV-MA,Crime TV Shows
s2242,Movie,Title_2242,India,2013,2017,TV-Y7,Documentaries
s2243,TV Show,Title_2243,United States,2018,2013,PG,Thrillers
s2244,Movie,Title_2244,United States,2012,2018,TV-PG,Stand-Up Comedy
s2245,TV Show,Title_2245,United States,2019,2018,PG,Action & Adventure
s2246,Movie,Title_2246,United Kingdom,2016,2010,NR,Anime Series
s2247,Movie,Title_2247,India,2013,2012,TV-PG,Thrillers
s2248,Movie,Title_2248,India,2020,2013,TV-14,Anime Series
s2249,Movie,Title_2249,Nigeria,2018,2013,PG,Romantic Movies
s2250,Movie,Title_2250,United States,2016,2015,TV-14,Sci-Fi & Fantasy
s2251,TV Show,Title_2251,India,2010,2017,TV-MA,International Movies
s2252,Movie,Title_2252,United States,2018,2016,TV-14,Horror Movies
s2253,Movie,Title_2253,United States,2021,2020,TV-14,Kids TV
s2254,Movie,Title_2254,Spain,2018,2018,NR,Horror Movies
s2255,Movie,Title_2255,Canada,2021,2020,TV-PG,Sci-Fi & Fantasy
s2256,Movie,Title_2256,Spain,2013,2018,PG,International TV Shows
s2257,Movie,Title_2257,United States,2018,2012,R,Kids TV
s2258,Movie,Title_2258,Canada,2020,2017,TV-MA,Romantic Movies
s2259,TV Show,Title_2259,United States,2018,2020,TV-PG,Romantic Movies
s2260,Movie,Title_2260,United States,2012,2014,TV-MA,Thrillers
s2261,Movie,Title_2261,United States,2018,2012,TV-14,Thrillers
s2262,TV Show,Title_2262,United States,2018,2016,PG-13,Romantic Movies
s2263,TV Show,Title_2263,United States,2019,2016,TV-PG,Children & Family Movies
s2264,Movie,Title_2264,United States,2019,2016,PG-13,Action & Adventure
s2265,Movie,Title_2265,Nigeria,2019,2013,TV-MA,Sci-Fi & Fantasy
s2266,Movie,Title_2266,United States,2019,2015,R,Children & Family Movies
s2267,TV Show,Title_2267,United States,2014,2019,TV-MA,International TV Shows
s2268,Movie,Title_2268,United States,2017,2016,TV-14,Romantic Movies
s2269,Movie,Title_2269,Canada,2019,2018,TV-14,Dramas
s2270,TV Show,Title_2270,United States,2021,2018,TV-14,Anime Series
s2271,Movie,Title_2271,Australia,2012,2018,TV-MA,Reality TV
s2272,Movie,Title_2272,Turkey,2018,2015,TV-14,Children & Family Movies
s2273,TV Show,Title_2273,United States,2016,2018,TV-PG,Kids TV
s2274,Movie,Title_2274,India,2015,2010,TV-14,Anime Series
s2275,Movie,Title_2275,United States,2017,2017,TV-14,Dramas
s2276,Movie,Title_2276,France,2018,2018,TV-14,Crime TV Shows
s2277,Movie,Title_2277,India,2008,2014,NR,Reality TV
s2278,TV Show,Title_2278,United States,2019,2015,NR,Stand-Up Comedy
s2279,Movie,Title_2279,United States,2020,2014,TV-14,Romantic Movies
s2280,TV Show,Title_2280,France,2021,2012,TV-MA,Thrillers
s2281,Movie,Title_2281,India,2014,2016,TV-14,Reality TV
s2282,TV Show,Title_2282,United States,2018,2021,TV-MA,Reality TV
s2283,TV Show,Title_2283,Japan,2017,2016,TV-MA,Dramas
s2284,TV Show,Title_2284,Canada,2016,2017,TV-MA,Crime TV Shows
s2285,TV Show,Title_2285,Australia,2018,2018,TV-MA,Kids TV
s2286,Movie,Title_2286,United States,2019,2018,TV-PG,Dramas
s2287,Movie,Title_2287,Spain,2010,2021,TV-14,Sci-Fi & Fantasy
s2288,Movie,Title_2288,Japan,2021,2020,TV-MA,Kids TV
s2289,Movie,Title_2289,United States,2020,2020,PG,Anime Series
s2290,TV Show,Title_2290,Japan,2019,2021,PG,Anime Series
s2291,TV Show,Title_2291,India,2019,2015,PG-13,Sci-Fi & Fantasy
s2292,TV Show,Title_2292,Turkey,2016,2018,TV-14,Action & Adventure
s2293,Movie,Title_2293,United States,2019,2020,TV-MA,Children & Family Movies
s2294,Movie,Title_2294,France,2016,2018,TV-MA,Documentaries
s2295,Movie,Title_2295,India,2020,2021,TV-MA,Documentaries
s2296,Movie,Title_2296,Turkey,2014,2012,TV-MA,Stand-Up Comedy
s2297,Movie,Title_2297,United States,2015,2017,PG,Sci-Fi & Fantasy
s2298,TV Show,Title_2298,Turkey,2018,2021,TV-Y,International Movies
s2299,Movie,Title_2299,Brazil,2016,2016,PG-13,Action & Adventure
s2300,Movie,Title_2300,United States,2017,2019,R,Action & Adventure
s2301,TV Show,Title_2301,Germany,2017,2010,TV-14,Crime TV Shows
s2302,Movie,Title_2302,Nigeria,2020,2019,R,Stand-Up Comedy
s2303,Movie,Title_2303,United States,2018,2021,NR,Thrillers
s2304,TV Show,Title_2304,India,2016,2016,TV-PG,Romantic Movies
s2305,Movie,Title_2305,United Kingdom,2015,2010,TV-MA,Horror Movies
s2306,Movie,Title_2306,United States,2017,2010,TV-MA,Romantic Movies
s2307,TV Show,Title_2307,United States,2017,2020,TV-14,Horror Movies
s2308,Movie,Title_2308,United States,2019,2019,TV-MA,Action & Adventure
s2309,Movie,Title_2309,United States,2013,2012,PG,Romantic Movies
s2310,TV Show,Title_2310,India,2015,2011,TV-PG,Children & Family Movies
s2311,TV Show,Title_2311,United States,2016,2020,TV-PG,Comedies
s2312,Movie,Title_2312,Australia,2016,2020,TV-MA,Thrillers
s2313,Movie,Title_2313,Japan,2016,2013,TV-14,Anime Series
s2314,TV Show,Title_2314,United States,2020,2016,TV-14,Dramas
s2315,Movie,Title_2315,France,2016,2019,TV-PG,Documentaries
s2316,Movie,Title_2316,France,2017,2018,TV-14,Thrillers
s2317,Movie,Title_2317,Turkey,2018,2021,G,Kids TV
s2318,Movie,Title_2318,United States,2015,2017,TV-PG,Kids TV
s2319,TV Show,Title_2319,United States,2019,2019,TV-PG,Kids TV
s2320,Movie,Title_2320,Italy,2018,2017,PG,Documentaries
s2321,Movie,Title_2321,Italy,2017,2021,TV-Y7,Reality TV
s2322,Movie,Title_2322,South Korea,2020,2016,TV-MA,Children & Family Movies
s2323,TV Show,Title_2323,Spain,2015,2015,PG-13,Kids TV
s2324,Movie,Title_2324,United States,2020,2016,TV-MA,Action & Adventure
s2325,Movie,Title_2325,United Kingdom,2018,2020,TV-14,Documentaries
s2326,TV Show,Title_2326,United States,2018,2017,TV-MA,Action & Adventure
s2327,TV Show,Title_2327,United States,2020,2016,TV-PG,Reality TV
s2328,Movie,Title_2328,Germany,2020,2018,TV-14,Sci-Fi & Fantasy
s2329,TV Show,Title_2329,United States,2018,2013,TV-PG,Horror Movies
s2330,TV Show,Title_2330,India,2019,2008,TV-PG,International Movies
s2331,TV Show,Title_2331,Italy,2017,2015,TV-PG,Dramas
s2332,TV Show,Title_2332,United States,2018,2018,TV-MA,International TV Shows
s2333,Movie,Title_2333,Nigeria,2011,2019,PG-13,Action & Adventure
s2334,Movie,Title_2334,Nigeria,2012,2020,TV-14,Reality TV
s2335,Movie,Title_2335,Canada,2020,2021,TV-14,Reality TV
s2336,Movie,Title_2336,United States,2011,2017,TV-Y,Kids TV
s2337,TV Show,Title_2337,United States,2014,2019,TV-MA,International TV Shows
s2338,TV Show,Title_2338,India,2020,2012,TV-14,International TV Shows
s2339,Movie,Title_2339,United States,2008,2011,TV-PG,Sci-Fi & Fantasy
s2340,Movie,Title_2340,United States,2015,2013,TV-MA,Kids TV
s2341,TV Show,Title_2341,Nigeria,2018,2017,TV-MA,Kids TV
s2342,Movie,Title_2342,United States,2018,2014,PG-13,Anime Series
s2343,TV Show,Title_2343,South Korea,2019,2015,TV-MA,Thrillers
s2344,Movie,Title_2344,United States,2017,2018,TV-14,Romantic Movies
s2345,TV Show,Title_2345,Canada,2017,2016,TV-PG,Sci-Fi & Fantasy
s2346,Movie,Title_2346,Italy,2019,2018,TV-PG,Anime Series
s2347,Movie,Title_2347,United States,2017,2017,R,Anime Series
s2348,TV Show,Title_2348,United States,2018,2014,PG-13,Reality TV
s2349,Movie,Title_2349,France,2020,2012,TV-14,International TV Shows
s2350,Movie,Title_2350,Japan,2017,2015,TV-PG,Stand-Up Comedy
s2351,Movie,Title_2351,Japan,2016,2011,R,Action & Adventure
s2352,Movie,Title_2352,United States,2008,2018,TV-MA,Dramas
s2353,Movie,Title_2353,United States,2018,2020,TV-G,Reality TV
s2354,Movie,Title_2354,Turkey,2010,2016,PG-13,Horror Movies
s2355,Movie,Title_2355,Italy,2017,2016,TV-MA,Comedies
s2356,Movie,Title_2356,India,2020,2020,TV-PG,Thrillers
s2357,Movie,Title_2357,Mexico,2018,2015,TV-PG,Sci-Fi & Fantasy
s2358,Movie,Title_2358,India,2015,2013,TV-14,Romantic Movies
s2359,Movie,Title_2359,India,2019,2017,PG-13,Reality TV
s2360,Movie,Title_2360,United States,2015,2018,TV-PG,Stand-Up Comedy
s2361,TV Show,Title_2361,India,2019,2018,TV-PG,Crime TV Shows
s2362,Movie,Title_2362,United Kingdom,2018,2019,TV-MA,Documentaries
s2363,Movie,Title_2363,United States,2014,2011,TV-14,Crime TV Shows
s2364,Movie,Title_2364,India,2020,2017,TV-14,Children & Family Movies
s2365,Movie,Title_2365,Spain,2014,2015,R,Crime TV Shows
s2366,TV Show,Title_2366,Japan,2021,2019,TV-PG,Reality TV
s2367,Movie,Title_2367,France,2008,2020,TV-MA,Crime TV Shows
s2368,TV Show,Title_2368,Italy,2015,2015,TV-MA,Romantic Movies
s2369,Movie,Title_2369,United States,2014,2012,TV-14,Reality TV
s2370,Movie,Title_2370,Canada,2009,2015,R,Horror Movies
s2371,Movie,Title_2371,Spain,2019,2012,R,Dramas
s2372,Movie,Title_2372,United Kingdom,2019,2016,TV-14,Crime TV Shows
s2373,TV Show,Title_2373,United States,2020,2018,TV-MA,Reality TV
s2374,Movie,Title_2374,United States,2015,2021,TV-MA,Stand-Up Comedy
s2375,Movie,Title_2375,Brazil,2017,2016,TV-MA,International Movies
s2376,Movie,Title_2376,India,2018,2015,R,Dramas
s2377,Movie,Title_2377,Australia,2017,2014,TV-MA,Action & Adventure
s2378,Movie,Title_2378,Canada,2019,2014,TV-14,Thrillers
s2379,Movie,Title_2379,Japan,2018,2014,TV-PG,International TV Shows
s2380,Movie,Title_2380,Germany,2013,2019,TV-G,Reality TV
s2381,TV Show,Title_2381,France,2019,2011,TV-Y7,Stand-Up Comedy
s2382,Movie,Title_2382,India,2019,2021,TV-G,International TV Shows
s2383,Movie,Title_2383,United Kingdom,2018,2018,TV-PG,Sci-Fi & Fantasy
s2384,Movie,Title_2384,Germany,2013,2018,R,Dramas
s2385,Movie,Title_2385,India,2015,2016,R,Dramas
s2386,Movie,Title_2386,India,2016,2019,PG-13,Romantic Movies
s2387,TV Show,Title_2387,United States,2015,2017,TV-G,International Movies
s2388,Movie,Title_2388,Italy,2015,2016,TV-14,Horror Movies
s2389,Movie,Title_2389,United States,2020,2015,TV-14,Kids TV
s2390,Movie,Title_2390,France,2018,2021,TV-14,Action & Adventure
s2391,Movie,Title_2391,India,2018,2015,TV-PG,Children & Family Movies
s2392,Movie,Title_2392,India,2015,2017,R,Comedies
s2393,TV Show,Title_2393,Japan,2021,2016,PG,Crime TV Shows
s2394,Movie,Title_2394,United States,2014,2012,TV-14,Dramas
s2395,TV Show,Title_2395,Canada,2020,2014,TV-14,Dramas
s2396,Movie,Title_2396,Spain,2021,2014,TV-Y,Horror Movies
s2397,Movie,Title_2397,Mexico,2019,2019,TV-MA,Reality TV
s2398,TV Show,Title_2398,United States,2021,2017,TV-MA,Action & Adventure
s2399,Movie,Title_2399,Brazil,2018,2019,TV-PG,Anime Series
s2400,Movie,Title_2400,France,2014,2019,TV-MA,Crime TV Shows
s2401,Movie,Title_2401,Brazil,2014,2014,TV-14,Comedies
s2402,TV Show,Title_2402,United Kingdom,2016,2018,TV-MA,Documentaries
s2403,Movie,Title_2403,United Kingdom,2008,2019,TV-MA,Dramas
s2404,Movie,Title_2404,Italy,2019,2018,TV-14,Sci-Fi & Fantasy
s2405,Movie,Title_2405,Brazil,2015,2018,TV-14,Comedies
s2406,Movie,Title_2406,India,2020,2019,TV-14,Action & Adventure
s2407,Movie,Title_2407,United States,2016,2011,TV-MA,Anime Series
s2408,Movie,Title_2408,India,2017,2019,R,Kids TV
s2409,TV Show,Title_2409,India,2021,2015,TV-MA,Thrillers
s2410,TV Show,Title_2410,United States,2015,2018,TV-MA,Horror Movies
s2411,Movie,Title_2411,United States,2019,2015,TV-MA,Comedies
s2412,TV Show,Title_2412,Australia,2019,2020,TV-14,International TV Shows
s2413,Movie,Title_2413,United States,2015,2017,TV-14,Action & Adventure
s2414,Movie,Title_2414,Japan,2017,2018,TV-14,Documentaries
s2415,TV Show,Title_2415,United States,2016,2020,TV-G,International TV Shows
s2416,Movie,Title_2416,United States,2019,2020,PG,Stand-Up Comedy
s2417,Movie,Title_2417,United States,2018,2019,TV-PG,Sci-Fi & Fantasy
s2418,TV Show,Title_2418,United States,2017,2013,TV-MA,Horror Movies
s2419,Movie,Title_2419,Spain,2019,2020,TV-PG,Comedies
s2420,Movie,Title_2420,Brazil,2015,2018,TV-MA,Comedies
s2421,Movie,Title_2421,United States,2019,2018,TV-PG,Children & Family Movies
s2422,Movie,Title_2422,India,2020,2021,TV-14,Horror Movies
s2423,Movie,Title_2423,India,2020,2015,PG-13,Dramas
s2424,Movie,Title_2424,Australia,2019,2015,NR,Dramas
s2425,Movie,Title_2425,Spain,2017,2017,TV-14,Reality TV
s2426,TV Show,Title_2426,United Kingdom,2021,2019,TV-14,Kids TV
s2427,Movie,Title_2427,Japan,2016,2017,TV-14,International Movies
s2428,Movie,Title_2428,Mexico,2018,2018,TV-MA,Thrillers
s2429,TV Show,Title_2429,United States,2014,2017,NR,Comedies
s2430,Movie,Title_2430,India,2021,2018,TV-14,International TV Shows
s2431,Movie,Title_2431,Brazil,2019,2020,TV-MA,Kids TV
s2432,Movie,Title_2432,South Korea,2019,2014,R,Stand-Up Comedy
s2433,Movie,Title_2433,United Kingdom,2011,2019,TV-MA,Documentaries
s2434,Movie,Title_2434,United Kingdom,2019,2019,TV-MA,Comedies
s2435,TV Show,Title_2435,United States,2019,2017,TV-14,Reality TV
s2436,Movie,Title_2436,United Kingdom,2019,2016,TV-PG,Stand-Up Comedy
s2437,Movie,Title_2437,France,2015,2009,TV-14,Stand-Up Comedy
s2438,Movie,Title_2438,India,2017,2020,TV-PG,International Movies
s2439,TV Show,Title_2439,Japan,2013,2016,TV-MA,Documentaries
s2440,TV Show,Title_2440,Australia,2017,2016,TV-14,Comedies
s2441,Movie,Title_2441,United States,2015,2016,TV-MA,Children & Family Movies
s2442,TV Show,Title_2442,India,2016,2017,G,International Movies
s2443,Movie,Title_2443,India,2014,2019,TV-MA,Horror Movies
s2444,Movie,Title_2444,Japan,2015,2019,TV-MA,International Movies
s2445,TV Show,Title_2445,United States,2012,2016,NR,Crime TV Shows
s2446,Movie,Title_2446,France,2021,2019,TV-Y,International Movies
s2447,Movie,Title_2447,Australia,2018,2019,PG-13,Thrillers
s2448,Movie,Title_2448,India,2016,2015,TV-MA,Comedies
s2449,TV Show,Title_2449,Italy,2018,2012,TV-14,Comedies
s2450,TV Show,Title_2450,Nigeria,2018,2020,TV-14,International TV Shows
s2451,TV Show,Title_2451,United States,2021,2019,PG-13,Romantic Movies
s2452,TV Show,Title_2452,United States,2014,2018,TV-MA,International Movies
s2453,Movie,Title_2453,Turkey,2015,2011,TV-MA,Reality TV
s2454,Movie,Title_2454,Turkey,2021,2020,TV-14,Anime Series
s2455,Movie,Title_2455,United States,2016,2018,TV-MA,Sci-Fi & Fantasy
s2456,TV Show,Title_2456,United States,2010,2020,TV-PG,Documentaries
s2457,TV Show,Title_2457,United States,2013,2021,PG-13,Kids TV
s2458,Movie,Title_2458,Nigeria,2010,2021,TV-PG,Crime TV Shows
s2459,Movie,Title_2459,United States,2021,2020,TV-14,Sci-Fi & Fantasy
s2460,Movie,Title_2460,United Kingdom,2015,2009,PG,Documentaries
s2461,Movie,Title_2461,Mexico,2021,2020,TV-MA,Children & Family Movies
s2462,TV Show,Title_2462,United States,2021,2012,TV-MA,Stand-Up Comedy
s2463,TV Show,Title_2463,Canada,2018,2020,TV-14,Stand-Up Comedy
s2464,Movie,Title_2464,United States,2010,2015,TV-MA,Kids TV
s2465,Movie,Title_2465,Australia,2012,2018,TV-MA,Reality TV
s2466,Movie,Title_2466,United States,2017,2010,TV-14,Comedies
s2467,Movie,Title_2467,Japan,2017,2019,NR,Thrillers
s2468,Movie,Title_2468,Japan,2018,2013,PG,International TV Shows
s2469,Movie,Title_2469,United States,2017,2017,TV-14,Sci-Fi & Fantasy
s2470,Movie,Title_2470,United States,2021,2020,TV-MA,Kids TV
s2471,TV Show,Title_2471,India,2018,2019,TV-MA,Documentaries
s2472,Movie,Title_2472,United States,2019,2008,TV-14,Action & Adventure
s2473,Movie,Title_2473,Germany,2020,2017,TV-MA,Romantic Movies
s2474,Movie,Title_2474,Germany,2013,2011,TV-MA,Thrillers
s2475,Movie,Title_2475,India,2015,2019,TV-PG,Action & Adventure
s2476,TV Show,Title_2476,Canada,2012,2021,TV-14,Reality TV
s2477,TV Show,Title_2477,Canada,2013,2018,TV-MA,Stand-Up Comedy
s2478,Movie,Title_2478,Mexico,2017,2015,R,Horror Movies
s2479,TV Show,Title_2479,India,2016,2016,R,Dramas
s2480,Movie,Title_2480,United States,2017,2021,TV-14,Kids TV
s2481,Movie,Title_2481,United States,2021,2015,TV-MA,Dramas
s2482,TV Show,Title_2482,United Kingdom,2013,2018,PG,Action & Adventure
s2483,TV Show,Title_2483,India,2018,2017,TV-PG,Thrillers
s2484,Movie,Title_2484,India,2012,2019,TV-MA,Stand-Up Comedy
s2485,Movie,Title_2485,United States,2016,2020,TV-PG,International TV Shows
s2486,TV Show,Title_2486,South Korea,2018,2016,TV-14,International TV Shows
s2487,Movie,Title_2487,United States,2021,2019,TV-PG,Kids TV
s2488,Movie,Title_2488,United States,2016,2018,TV-14,Kids TV
s2489,Movie,Title_2489,India,2011,2015,TV-14,Sci-Fi & Fantasy
s2490,Movie,Title_2490,United States,2016,2015,R,Dramas
s2491,Movie,Title_2491,Canada,2013,2018,TV-PG,Comedies
s2492,Movie,Title_2492,India,2015,2013,TV-MA,Kids TV
s2493,TV Show,Title_2493,India,2018,2020,TV-MA,Action & Adventure
s2494,Movie,Title_2494,United Kingdom,2011,2011,TV-MA,Romantic Movies
s2495,TV Show,Title_2495,United States,2017,2012,TV-14,International Movies
s2496,Movie,Title_2496,United States,2018,2016,TV-MA,Anime Series
s2497,Movie,Title_2497,Brazil,2017,2013,TV-PG,Horror Movies
s2498,TV Show,Title_2498,India,2009,2017,TV-MA,Comedies
s2499,Movie,Title_2499,India,2021,2016,TV-PG,International TV Shows
s2500,Movie,Title_2500,United States,2016,2019,R,Action & Adventure
s2501,Movie,Title_2501,United Kingdom,2019,2021,TV-MA,International TV Shows
s2502,Movie,Title_2502,United Kingdom,2016,2019,TV-PG,Action & Adventure
s2503,Movie,Title_2503,Canada,2017,2014,TV-G,Dramas
s2504,Movie,Title_2504,Japan,2016,2021,TV-MA,Documentaries
s2505,TV Show,Title_2505,United States,2016,2016,PG,Documentaries
s2506,Movie,Title_2506,United States,2010,2017,TV-PG,International Movies
s2507,TV Show,Title_2507,Germany,2016,2017,TV-14,International TV Shows
s2508,TV Show,Title_2508,Turkey,2020,2015,TV-MA,Dramas
s2509,Movie,Title_2509,United States,2019,2020,R,Documentaries
s2510,Movie,Title_2510,United Kingdom,2013,2016,TV-14,Documentaries
s2511,Movie,Title_2511,United States,2018,2018,R,Children & Family Movies
s2512,Movie,Title_2512,United States,2020,2015,PG-13,Crime TV Shows
s2513,TV Show,Title_2513,United States,2019,2020,TV-14,Romantic Movies
s2514,Movie,Title_2514,United States,2013,2019,TV-MA,Romantic Movies
s2515,Movie,Title_2515,Japan,2020,2015,TV-MA,International Movies
s2516,TV Show,Title_2516,United Kingdom,2016,2019,TV-MA,Reality TV
s2517,Movie,Title_2517,United States,2017,2019,PG-13,Anime Series
s2518,Movie,Title_2518,United States,2018,2018,TV-MA,Kids TV
s2519,Movie,Title_2519,Germany,2020,2018,TV-14,Reality TV
s2520,TV Show,Title_2520,United States,2021,2018,TV-MA,Stand-Up Comedy
s2521,TV Show,Title_2521,Canada,2021,2012,PG-13,Documentaries
s2522,Movie,Title_2522,United States,2008,2019,TV-14,Documentaries
s2523,Movie,Title_2523,Canada,2021,2017,TV-Y7,International TV Shows
s2524,Movie,Title_2524,United States,2011,2017,R,Sci-Fi & Fantasy
s2525,TV Show,Title_2525,United States,2015,2020,PG-13,Sci-Fi & Fantasy
s2526,Movie,Title_2526,United States,2017,2010,TV-MA,Horror Movies
s2527,Movie,Title_2527,United States,2017,2015,TV-MA,International TV Shows
s2528,Movie,Title_2528,India,2018,2013,TV-MA,International Movies
s2529,Movie,Title_2529,France,2017,2010,TV-14,Romantic Movies
s2530,Movie,Title_2530,United States,2021,2015,TV-PG,International TV Shows
s2531,Movie,Title_2531,United States,2015,2021,TV-MA,Crime TV Shows
s2532,Movie,Title_2532,United Kingdom,2015,2015,TV-MA,International Movies
s2533,Movie,Title_2533,Canada,2021,2019,TV-PG,Documentaries
s2534,Movie,Title_2534,Turkey,2012,2013,TV-MA,Dramas
s2535,Movie,Title_2535,Canada,2018,2018,TV-14,Crime TV Shows
s2536,Movie,Title_2536,India,2019,2021,TV-MA,Documentaries
s2537,TV Show,Title_2537,Canada,2017,2015,TV-PG,Documentaries
s2538,TV Show,Title_2538,Italy,2019,2020,TV-14,Stand-Up Comedy
s2539,Movie,Title_2539,Mexico,2014,2021,TV-PG,Thrillers
s2540,Movie,Title_2540,United States,2020,2018,TV-MA,Crime TV Shows
s2541,TV Show,Title_2541,United States,2013,2016,TV-MA,Thrillers
s2542,Movie,Title_2542,United States,2017,2019,PG-13,Sci-Fi & Fantasy
s2543,Movie,Title_2543,United Kingdom,2012,2020,TV-PG,Documentaries
s2544,Movie,Title_2544,South Korea,2018,2014,TV-14,Documentaries
s2545,Movie,Title_2545,United Kingdom,2019,2017,TV-PG,Stand-Up Comedy
s2546,TV Show,Title_2546,United States,2021,2016,TV-MA,Reality TV
s2547,TV Show,Title_2547,South Korea,2019,2015,PG-13,Sci-Fi & Fantasy
s2548,Movie,Title_2548,Germany,2018,2020,R,Dramas
s2549,Movie,Title_2549,United States,2021,2017,TV-14,Horror Movies
s2550,Movie,Title_2550,France,2017,2016,PG,Thrillers
s2551,TV Show,Title_2551,India,2018,2018,TV-MA,Horror Movies
s2552,TV Show,Title_2552,Brazil,2018,2014,TV-PG,International Movies
s2553,Movie,Title_2553,Mexico,2017,2015,TV-G,Comedies
s2554,Movie,Title_2554,United Kingdom,2020,2018,TV-MA,Dramas
s2555,Movie,Title_2555,Japan,2014,2017,TV-MA,Documentaries
s2556,Movie,Title_2556,Brazil,2018,2015,R,International Movies
s2557,TV Show,Title_2557,United Kingdom,2019,2011,TV-MA,Crime TV Shows
s2558,TV Show,Title_2558,United States,2020,2018,PG,Dramas
s2559,TV Show,Title_2559,South Korea,2020,2020,TV-MA,Horror Movies
s2560,Movie,Title_2560,United States,2017,2020,TV-PG,Crime TV Shows
s2561,TV Show,Title_2561,India,2018,2015,TV-14,Horror Movies
s2562,Movie,Title_2562,Australia,2016,2018,TV-MA,Thrillers
s2563,TV Show,Title_2563,South Korea,2017,2020,PG,Crime TV Shows
s2564,Movie,Title_2564,India,2020,2017,R,Crime TV Shows
s2565,Movie,Title_2565,United States,2021,2021,TV-MA,Stand-Up Comedy
s2566,Movie,Title_2566,India,2020,2020,TV-MA,Anime Series
s2567,Movie,Title_2567,United States,2013,2014,R,International TV Shows
s2568,TV Show,Title_2568,United States,2020,2015,PG-13,Crime TV Shows
s2569,TV Show,Title_2569,South Korea,2021,2014,TV-PG,International TV Shows
s2570,Movie,Title_2570,United States,2016,2014,TV-PG,Kids TV
s2571,TV Show,Title_2571,India,2017,2020,TV-MA,Horror Movies
s2572,Movie,Title_2572,India,2019,2021,PG-13,International TV Shows
s2573,Movie,Title_2573,Nigeria,2018,2011,R,Documentaries
s2574,Movie,Title_2574,India,2021,2018,TV-14,International TV Shows
s2575,Movie,Title_2575,United States,2017,2018,TV-14,International Movies
s2576,TV Show,Title_2576,United States,2019,2016,TV-14,International TV Shows
s2577,Movie,Title_2577,Canada,2020,2018,PG-13,International TV Shows
s2578,Movie,Title_2578,Canada,2017,2021,R,Action & Adventure
s2579,Movie,Title_2579,India,2020,2014,PG-13,Comedies
s2580,Movie,Title_2580,India,2018,2013,TV-14,Romantic Movies
s2581,Movie,Title_2581,United States,2017,2010,TV-PG,Children & Family Movies
s2582,TV Show,Title_2582,United Kingdom,2012,2016,PG-13,Romantic Movies
s2583,Movie,Title_2583,United Kingdom,2016,2016,TV-MA,Romantic Movies
s2584,Movie,Title_2584,United States,2019,2017,TV-14,Romantic Movies
s2585,TV Show,Title_2585,United States,2021,2017,TV-PG,Stand-Up Comedy
s2586,Movie,Title_2586,United States,2015,2019,PG,Anime Series
s2587,Movie,Title_2587,United States,2016,2016,TV-MA,Documentaries
s2588,TV Show,Title_2588,Canada,2013,2016,TV-MA,International Movies
s2589,TV Show,Title_2589,United States,2019,2020,TV-MA,Kids TV
s2590,Movie,Title_2590,United States,2021,2020,TV-MA,Sci-Fi & Fantasy
s2591,Movie,Title_2591,United States,2018,2015,TV-MA,Horror Movies
s2592,Movie,Title_2592,Turkey,2018,2016,TV-14,Reality TV
s2593,Movie,Title_2593,Australia,2018,2020,PG,Dramas
s2594,Movie,Title_2594,United States,2012,2012,TV-PG,Documentaries
s2595,Movie,Title_2595,United States,2019,2016,TV-MA,Kids TV
s2596,Movie,Title_2596,United States,2018,2017,PG-13,Kids TV
s2597,Movie,Title_2597,United Kingdom,2019,2014,TV-PG,Comedies
s2598,TV Show,Title_2598,United States,2020,2014,TV-MA,Stand-Up Comedy
s2599,Movie,Title_2599,Japan,2019,2017,TV-14,Stand-Up Comedy
s2600,Movie,Title_2600,United Kingdom,2019,2019,R,Anime Series
s2601,Movie,Title_2601,Brazil,2021,2020,R,Kids TV
s2602,Movie,Title_2602,United States,2021,2021,TV-14,Kids TV
s2603,TV Show,Title_2603,Germany,2018,2012,TV-MA,Dramas
s2604,Movie,Title_2604,Germany,2012,2014,PG-13,Action & Adventure
s2605,Movie,Title_2605,United States,2017,2019,TV-MA,Kids TV
s2606,Movie,Title_2606,India,2019,2018,R,International TV Shows
s2607,TV Show,Title_2607,United States,2010,2016,TV-PG,Romantic Movies
s2608,TV Show,Title_2608,United States,2011,2014,TV-MA,International TV Shows
s2609,Movie,Title_2609,United States,2011,2015,TV-MA,Stand-Up Comedy
s2610,Movie,Title_2610,Canada,2019,2017,TV-MA,Horror Movies
s2611,Movie,Title_2611,India,2017,2014,TV-MA,Horror Movies
s2612,Movie,Title_2612,Turkey,2016,2021,TV-MA,International Movies
s2613,Movie,Title_2613,United States,2012,2012,TV-PG,Horror Movies
s2614,TV Show,Title_2614,Nigeria,2019,2021,TV-14,Stand-Up Comedy
s2615,TV Show,Title_2615,United States,2016,2020,TV-14,Crime TV Shows
s2616,Movie,Title_2616,Spain,2015,2017,TV-PG,Reality TV
s2617,Movie,Title_2617,United States,2018,2019,PG-13,Crime TV Shows
s2618,TV Show,Title_2618,United States,2018,2019,PG,Anime Series
s2619,TV Show,Title_2619,Australia,2016,2014,TV-MA,Sci-Fi & Fantasy
s2620,Movie,Title_2620,United States,2018,2016,TV-14,Reality TV
s2621,TV Show,Title_2621,France,2015,2017,TV-MA,Horror Movies
s2622,Movie,Title_2622,Canada,2020,2018,TV-MA,Horror Movies
s2623,TV Show,Title_2623,India,2015,2018,TV-PG,Comedies
s2624,TV Show,Title_2624,United Kingdom,2013,2017,TV-14,Documentaries
s2625,Movie,Title_2625,South Korea,2019,2017,R,International TV Shows
s2626,TV Show,Title_2626,United States,2019,2017,TV-14,Anime Series
s2627,TV Show,Title_2627,Japan,2014,2017,TV-MA,Crime TV Shows
s2628,Movie,Title_2628,Brazil,2013,2018,PG,Comedies
s2629,TV Show,Title_2629,United States,2020,2020,TV-MA,Sci-Fi & Fantasy
s2630,Movie,Title_2630,United States,2019,2018,TV-MA,Thrillers
s2631,TV Show,Title_2631,Japan,2016,2019,TV-MA,Romantic Movies
s2632,Movie,Title_2632,India,2018,2018,TV-Y7,Sci-Fi & Fantasy
s2633,Movie,Title_2633,India,2013,2018,TV-14,Anime Series
s2634,TV Show,Title_2634,United States,2017,2018,TV-14,Documentaries
s2635,Movie,Title_2635,United Kingdom,2009,2010,R,International Movies
s2636,TV Show,Title_2636,United States,2016,2021,TV-PG,Comedies
s2637,Movie,Title_2637,United Kingdom,2012,2010,PG-13,Children & Family Movies
s2638,Movie,Title_2638,Spain,2017,2016,TV-14,Romantic Movies
s2639,Movie,Title_2639,United States,2017,2012,G,Romantic Movies
s2640,TV Show,Title_2640,United Kingdom,2017,2012,R,Kids TV
s2641,Movie,Title_2641,Nigeria,2011,2020,TV-14,Documentaries
s2642,Movie,Title_2642,Japan,2016,2017,TV-14,Comedies
s2643,Movie,Title_2643,Mexico,2019,2020,NR,Action & Adventure
s2644,Movie,Title_2644,India,2016,2015,TV-PG,Thrillers
s2645,TV Show,Title_2645,Spain,2019,2015,TV-PG,Stand-Up Comedy
s2646,Movie,Title_2646,United States,2016,2015,R,Kids TV
s2647,Movie,Title_2647,United States,2017,2018,TV-14,Children & Family Movies
s2648,Movie,Title_2648,United States,2018,2020,TV-MA,Kids TV
s2649,Movie,Title_2649,India,2021,2017,TV-MA,Comedies
s2650,Movie,Title_2650,Mexico,2012,2016,TV-14,International Movies
s2651,Movie,Title_2651,United States,2010,2021,TV-MA,Comedies
s2652,TV Show,Title_2652,France,2018,2013,TV-14,Documentaries
s2653,Movie,Title_2653,Japan,2021,2017,R,Reality TV
s2654,Movie,Title_2654,Canada,2021,2017,TV-MA,Children & Family Movies
s2655,Movie,Title_2655,India,2017,2012,TV-MA,Reality TV
s2656,Movie,Title_2656,Canada,2017,2015,PG-13,Stand-Up Comedy
s2657,TV Show,Title_2657,United States,2018,2010,TV-PG,Thrillers
s2658,TV Show,Title_2658,United States,2018,2020,TV-MA,International TV Shows
s2659,TV Show,Title_2659,Nigeria,2018,2018,PG-13,Sci-Fi & Fantasy
s2660,TV Show,Title_2660,United States,2020,2020,TV-PG,Anime Series
s2661,Movie,Title_2661,United States,2019,2018,TV-MA,International Movies
s2662,TV Show,Title_2662,Australia,2017,2018,TV-14,Crime TV Shows
s2663,Movie,Title_2663,United States,2017,2019,TV-MA,International Movies
s2664,Movie,Title_2664,France,2018,2020,PG-13,Romantic Movies
s2665,Movie,Title_2665,United States,2017,2012,TV-14,Crime TV Shows
s2666,Movie,Title_2666,India,2017,2016,TV-14,Documentaries
s2667,Movie,Title_2667,United States,2009,2019,PG,Crime TV Shows
s2668,Movie,Title_2668,United States,2014,2021,TV-MA,Reality TV
s2669,Movie,Title_2669,India,2017,2021,TV-MA,Documentaries
s2670,Movie,Title_2670,South Korea,2020,2018,TV-MA,Dramas
s2671,TV Show,Title_2671,United Kingdom,2015,2014,TV-MA,Dramas
s2672,Movie,Title_2672,Turkey,2018,2013,TV-PG,Horror Movies
s2673,Movie,Title_2673,United States,2016,2021,TV-PG,Reality TV
s2674,Movie,Title_2674,United Kingdom,2012,2017,TV-MA,International TV Shows
s2675,Movie,Title_2675,Canada,2021,2014,TV-MA,Children & Family Movies
s2676,Movie,Title_2676,Italy,2020,2021,TV-MA,Stand-Up Comedy
s2677,TV Show,Title_2677,United States,2012,2012,TV-G,Kids TV
s2678,Movie,Title_2678,Canada,2019,2019,TV-PG,Sci-Fi & Fantasy
s2679,Movie,Title_2679,Australia,2016,2018,TV-14,Anime Series
s2680,Movie,Title_2680,United States,2021,2012,TV-MA,Documentaries
s2681,Movie,Title_2681,Australia,2016,2016,TV-14,Comedies
s2682,Movie,Title_2682,United States,2015,2013,TV-MA,Anime Series
s2683,Movie,Title_2683,South Korea,2018,2018,TV-Y7,Comedies
s2684,Movie,Title_2684,Italy,2020,2017,R,Kids TV
s2685,Movie,Title_2685,France,2014,2008,TV-PG,Comedies
s2686,Movie,Title_2686,India,2019,2021,TV-14,Dramas
s2687,TV Show,Title_2687,United States,2011,2016,TV-14,Crime TV Shows
s2688,Movie,Title_2688,Italy,2021,2015,TV-MA,Crime TV Shows
s2689,Movie,Title_2689,India,2012,2015,TV-MA,Comedies
s2690,Movie,Title_2690,United States,2021,2013,TV-14,Anime Series
s2691,Movie,Title_2691,Japan,2017,2021,TV-MA,International Movies
s2692,TV Show,Title_2692,United Kingdom,2017,2015,TV-MA,Stand-Up Comedy
s2693,Movie,Title_2693,United States,2021,2017,TV-14,Romantic Movies
s2694,Movie,Title_2694,United States,2021,2020,PG,Reality TV
s2695,Movie,Title_2695,United States,2018,2018,PG,Romantic Movies
s2696,Movie,Title_2696,Canada,2013,2016,TV-MA,Thrillers
s2697,TV Show,Title_2697,France,2017,2020,TV-MA,Documentaries
s2698,Movie,Title_2698,United Kingdom,2018,2019,TV-14,Dramas
s2699,Movie,Title_2699,Germany,2017,2015,PG-13,International Movies
s2700,Movie,Title_2700,Australia,2018,2018,TV-G,International Movies
s2701,Movie,Title_2701,Canada,2009,2021,PG-13,Children & Family Movies
s2702,Movie,Title_2702,United States,2019,2017,TV-PG,International TV Shows
s2703,Movie,Title_2703,Japan,2019,2019,TV-MA,Kids TV
s2704,Movie,Title_2704,India,2013,2021,TV-MA,Sci-Fi & Fantasy
s2705,Movie,Title_2705,Canada,2018,2019,TV-MA,Sci-Fi & Fantasy
s2706,Movie,Title_2706,France,2018,2012,TV-PG,Children & Family Movies
s2707,Movie,Title_2707,United States,2019,2015,TV-MA,Thrillers
s2708,Movie,Title_2708,Italy,2012,2018,R,Reality TV
s2709,TV Show,Title_2709,United States,2018,2015,TV-PG,Stand-Up Comedy
s2710,Movie,Title_2710,Japan,2015,2021,TV-MA,Action & Adventure
s2711,TV Show,Title_2711,United States,2017,2017,PG,Horror Movies
s2712,Movie,Title_2712,Italy,2019,2017,TV-14,Stand-Up Comedy
s2713,Movie,Title_2713,United States,2019,2019,PG,Comedies
s2714,TV Show,Title_2714,United States,2013,2018,PG,Comedies
s2715,TV Show,Title_2715,United States,2018,2016,TV-MA,Kids TV
s2716,Movie,Title_2716,India,2021,2012,TV-14,Kids TV
s2717,Movie,Title_2717,United States,2013,2018,TV-MA,Horror Movies
s2718,Movie,Title_2718,Canada,2020,2020,R,Horror Movies
s2719,TV Show,Title_2719,India,2019,2019,TV-14,Anime Series
s2720,Movie,Title_2720,United States,2019,2016,NR,Crime TV Shows
s2721,TV Show,Title_2721,United States,2015,2013,TV-MA,Documentaries
s2722,Movie,Title_2722,Germany,2015,2020,TV-PG,Romantic Movies
s2723,TV Show,Title_2723,Japan,2020,2021,TV-Y,Reality TV
s2724,Movie,Title_2724,South Korea,2016,2016,TV-PG,Reality TV
s2725,TV Show,Title_2725,Japan,2011,2019,TV-MA,Dramas
s2726,TV Show,Title_2726,United States,2018,2017,TV-14,Comedies
s2727,Movie,Title_2727,United States,2013,2017,TV-MA,Crime TV Shows
s2728,Movie,Title_2728,United States,2020,2020,TV-MA,Documentaries
s2729,Movie,Title_2729,Mexico,2018,2012,TV-MA,Action & Adventure
s2730,Movie,Title_2730,Nigeria,2020,2018,TV-MA,Action & Adventure
s2731,Movie,Title_2731,United Kingdom,2019,2014,R,Dramas
s2732,Movie,Title_2732,United States,2013,2016,TV-14,International TV Shows
s2733,Movie,Title_2733,United States,2016,2018,R,Thrillers
s2734,Movie,Title_2734,United States,2019,2010,TV-MA,Kids TV
s2735,Movie,Title_2735,Canada,2017,2018,TV-MA,Romantic Movies
s2736,Movie,Title_2736,United States,2021,2015,TV-MA,Crime TV Shows
s2737,Movie,Title_2737,Turkey,2019,2019,TV-MA,Action & Adventure
s2738,TV Show,Title_2738,India,2009,2013,TV-14,Dramas
s2739,Movie,Title_2739,Italy,2020,2019,TV-PG,Romantic Movies
s2740,Movie,Title_2740,Spain,2012,2018,TV-Y,Reality TV
s2741,Movie,Title_2741,South Korea,2013,2021,TV-MA,Thrillers
s2742,Movie,Title_2742,Canada,2019,2021,TV-MA,Documentaries
s2743,TV Show,Title_2743,France,2020,2015,TV-MA,Documentaries
s2744,Movie,Title_2744,France,2018,2010,PG,International Movies
s2745,TV Show,Title_2745,France,2015,2018,TV-PG,Dramas
s2746,TV Show,Title_2746,United Kingdom,2016,2018,R,Sci-Fi & Fantasy
s2747,Movie,Title_2747,Nigeria,2016,2010,TV-MA,Children & Family Movies
s2748,Movie,Title_2748,South Korea,2016,2013,TV-MA,Sci-Fi & Fantasy
s2749,TV Show,Title_2749,Spain,2015,2018,TV-MA,Documentaries
s2750,Movie,Title_2750,Australia,2018,2021,PG-13,Comedies
s2751,Movie,Title_2751,United States,2020,2020,TV-MA,Reality TV
s2752,Movie,Title_2752,United States,2016,2013,TV-PG,Thrillers
s2753,Movie,Title_2753,United Kingdom,2014,2016,TV-14,Comedies
s2754,Movie,Title_2754,United Kingdom,2020,2011,TV-14,Sci-Fi & Fantasy
s2755,TV Show,Title_2755,Mexico,2019,2017,TV-MA,Thrillers
s2756,Movie,Title_2756,India,2021,2019,TV-PG,Thrillers
s2757,TV Show,Title_2757,Canada,2014,2019,TV-MA,Reality TV
s2758,TV Show,Title_2758,United Kingdom,2013,2017,TV-Y7,Horror Movies
s2759,TV Show,Title_2759,United States,2018,2012,TV-MA,Stand-Up Comedy
s2760,Movie,Title_2760,Canada,2018,2016,TV-MA,Dramas
s2761,Movie,Title_2761,Mexico,2017,2021,TV-MA,Children & Family Movies
s2762,Movie,Title_2762,United States,2018,2015,PG-13,Crime TV Shows
s2763,TV Show,Title_2763,Canada,2014,2016,TV-MA,Horror Movies
s2764,Movie,Title_2764,Canada,2017,2019,TV-14,International Movies
s2765,TV Show,Title_2765,United States,2018,2019,TV-MA,Horror Movies
s2766,Movie,Title_2766,United States,2017,2021,TV-MA,Sci-Fi & Fantasy
s2767,Movie,Title_2767,Nigeria,2019,2016,TV-PG,Thrillers
s2768,Movie,Title_2768,India,2017,2017,TV-MA,Comedies
s2769,Movie,Title_2769,United States,2016,2017,TV-PG,Stand-Up Comedy
s2770,Movie,Title_2770,United States,2016,2021,R,Children & Family Movies
s2771,Movie,Title_2771,Japan,2017,2019,PG-13,Kids TV
s2772,Movie,Title_2772,Canada,2010,2020,TV-MA,Stand-Up Comedy
s2773,Movie,Title_2773,France,2019,2013,TV-14,Stand-Up Comedy
s2774,TV Show,Title_2774,United States,2020,2020,NR,Children & Family Movies
s2775,Movie,Title_2775,Brazil,2016,2017,R,Dramas
s2776,Movie,Title_2776,India,2011,2010,TV-MA,Anime Series
s2777,TV Show,Title_2777,United States,2021,2011,TV-14,Romantic Movies
s2778,Movie,Title_2778,India,2015,2019,NR,International TV Shows
s2779,TV Show,Title_2779,India,2013,2016,TV-14,Romantic Movies
s2780,TV Show,Title_2780,Australia,2016,2020,PG-13,Romantic Movies
s2781,Movie,Title_2781,Italy,2019,2019,TV-14,Stand-Up Comedy
s2782,Movie,Title_2782,United States,2015,2010,TV-MA,Sci-Fi & Fantasy
s2783,TV Show,Title_2783,Australia,2018,2019,TV-MA,Documentaries
s2784,Movie,Title_2784,Spain,2017,2014,TV-MA,Anime Series
s2785,Movie,Title_2785,Italy,2013,2017,TV-MA,International Movies
s2786,TV Show,Title_2786,United States,2016,2018,PG,International Movies
s2787,TV Show,Title_2787,Canada,2019,2020,TV-PG,International Movies
s2788,TV Show,Title_2788,United States,2018,2017,R,Horror Movies
s2789,Movie,Title_2789,Mexico,2013,2020,TV-PG,Reality TV
s2790,Movie,Title_2790,United States,2014,2019,TV-14,Documentaries
s2791,TV Show,Title_2791,Canada,2018,2017,TV-MA,Comedies
s2792,TV Show,Title_2792,United States,2020,2017,NR,International TV Shows
s2793,Movie,Title_2793,United States,2016,2019,TV-14,Thrillers
s2794,Movie,Title_2794,France,2018,2010,TV-14,Horror Movies
s2795,Movie,Title_2795,Australia,2014,2020,TV-Y7,Crime TV Shows
s2796,Movie,Title_2796,Canada,2016,2019,TV-14,Horror Movies
s2797,Movie,Title_2797,Australia,2010,2015,PG-13,Horror Movies
s2798,Movie,Title_2798,United States,2019,2021,PG-13,Crime TV Shows
s2799,Movie,Title_2799,United Kingdom,2017,2014,TV-MA,Romantic Movies
s2800,TV Show,Title_2800,India,2020,2021,TV-MA,Reality TV
s2801,TV Show,Title_2801,United States,2019,2016,G,Crime TV Shows
s2802,TV Show,Title_2802,Canada,2020,2019,TV-14,Action & Adventure
s2803,Movie,Title_2803,France,2015,2017,TV-MA,Documentaries
s2804,TV Show,Title_2804,Canada,2014,2019,TV-14,Kids TV
s2805,Movie,Title_2805,South Korea,2021,2013,TV-PG,Reality TV
s2806,Movie,Title_2806,Canada,2019,2015,R,Dramas
s2807,Movie,Title_2807,United States,2020,2012,NR,Crime TV Shows
s2808,TV Show,Title_2808,United States,2009,2020,PG,Romantic Movies
s2809,Movie,Title_2809,Canada,2016,2015,NR,Thrillers
s2810,Movie,Title_2810,United States,2019,2019,TV-MA,International Movies
s2811,Movie,Title_2811,United States,2012,2020,TV-PG,Children & Family Movies
s2812,TV Show,Title_2812,India,2018,2020,TV-MA,International TV Shows
s2813,TV Show,Title_2813,United Kingdom,2017,2012,TV-MA,Action & Adventure
s2814,Movie,Title_2814,United States,2009,2020,PG-13,International TV Shows
s2815,TV Show,Title_2815,South Korea,2015,2014,TV-14,Action & Adventure
s2816,Movie,Title_2816,France,2015,2019,PG,Horror Movies
s2817,Movie,Title_2817,United States,2013,2019,TV-MA,Anime Series
s2818,Movie,Title_2818,South Korea,2018,2008,PG-13,Dramas
s2819,Movie,Title_2819,France,2015,2015,TV-MA,Thrillers
s2820,Movie,Title_2820,France,2015,2017,TV-MA,International Movies
s2821,Movie,Title_2821,United Kingdom,2020,2017,TV-14,Thrillers
s2822,Movie,Title_2822,United States,2017,2021,TV-14,Children & Family Movies
s2823,Movie,Title_2823,Japan,2016,2016,TV-14,Comedies
s2824,Movie,Title_2824,India,2019,2021,NR,Action & Adventure
s2825,Movie,Title_2825,Turkey,2020,2017,TV-PG,International Movies
s2826,Movie,Title_2826,Germany,2010,2021,TV-MA,Children & Family Movies
s2827,Movie,Title_2827,Canada,2017,2019,TV-MA,Horror Movies
s2828,Movie,Title_2828,United States,2018,2020,TV-14,Documentaries
s2829,Movie,Title_2829,United States,2016,2012,TV-14,Crime TV Shows
s2830,Movie,Title_2830,United States,2019,2018,TV-PG,Documentaries
s2831,TV Show,Title_2831,United Kingdom,2021,2013,TV-MA,Horror Movies
s2832,Movie,Title_2832,United States,2021,2015,R,Stand-Up Comedy
s2833,Movie,Title_2833,United Kingdom,2015,2018,TV-MA,Dramas
s2834,TV Show,Title_2834,United States,2015,2019,TV-14,International Movies
s2835,Movie,Title_2835,Nigeria,2021,2010,TV-PG,Children & Family Movies
s2836,Movie,Title_2836,United States,2017,2018,TV-MA,Comedies
s2837,TV Show,Title_2837,Italy,2014,2018,PG-13,Thrillers
s2838,Movie,Title_2838,Italy,2019,2012,TV-PG,Dramas
s2839,TV Show,Title_2839,United Kingdom,2015,2017,TV-PG,Sci-Fi & Fantasy
s2840,TV Show,Title_2840,South Korea,2015,2019,TV-14,Stand-Up Comedy
s2841,Movie,Title_2841,India,2020,2011,PG,International Movies
s2842,Movie,Title_2842,France,2014,2019,TV-PG,Dramas
s2843,Movie,Title_2843,United States,2011,2018,TV-14,International Movies
s2844,Movie,Title_2844,United States,2015,2020,TV-MA,Stand-Up Comedy
s2845,Movie,Title_2845,Canada,2018,2014,TV-MA,Anime Series
s2846,TV Show,Title_2846,United Kingdom,2013,2020,TV-MA,Romantic Movies
s2847,Movie,Title_2847,Canada,2017,2012,TV-Y7,Reality TV
s2848,Movie,Title_2848,United States,2018,2017,TV-14,Documentaries
s2849,Movie,Title_2849,India,2020,2014,PG,Kids TV
s2850,Movie,Title_2850,United States,2015,2020,TV-MA,Horror Movies
s2851,Movie,Title_2851,United States,2020,2019,TV-14,Kids TV
s2852,TV Show,Title_2852,United States,2015,2010,TV-G,Comedies
s2853,TV Show,Title_2853,United States,2019,2008,TV-MA,Stand-Up Comedy
s2854,Movie,Title_2854,United States,2017,2015,TV-14,Action & Adventure
s2855,TV Show,Title_2855,Germany,2013,2013,PG,Children & Family Movies
s2856,TV Show,Title_2856,United States,2019,2018,NR,Romantic Movies
s2857,Movie,Title_2857,France,2014,2019,PG-13,Romantic Movies
s2858,Movie,Title_2858,United States,2014,2021,PG-13,Stand-Up Comedy
s2859,Movie,Title_2859,Australia,2016,2021,TV-PG,Comedies
s2860,TV Show,Title_2860,United Kingdom,2018,2018,TV-MA,Comedies
s2861,TV Show,Title_2861,United States,2015,2008,R,Dramas
s2862,TV Show,Title_2862,United Kingdom,2014,2016,G,Stand-Up Comedy
s2863,Movie,Title_2863,India,2008,2017,TV-14,International TV Shows
s2864,Movie,Title_2864,Canada,2017,2017,TV-MA,International Movies
s2865,TV Show,Title_2865,United States,2017,2018,TV-14,Children & Family Movies
s2866,TV Show,Title_2866,Nigeria,2015,2021,TV-PG,International TV Shows
s2867,Movie,Title_2867,India,2011,2020,TV-MA,Crime TV Shows
s2868,Movie,Title_2868,United States,2017,2012,TV-PG,Children & Family Movies
s2869,Movie,Title_2869,Japan,2019,2015,TV-14,Reality TV
s2870,Movie,Title_2870,India,2019,2020,TV-PG,Children & Family Movies
s2871,Movie,Title_2871,Mexico,2020,2020,TV-MA,Action & Adventure
s2872,TV Show,Title_2872,India,2008,2015,TV-MA,Children & Family Movies
s2873,TV Show,Title_2873,South Korea,2021,2019,TV-PG,Romantic Movies
s2874,Movie,Title_2874,United States,2016,2019,TV-14,Sci-Fi & Fantasy
s2875,TV Show,Title_2875,Mexico,2021,2017,TV-MA,International TV Shows
s2876,TV Show,Title_2876,South Korea,2015,2014,TV-MA,Reality TV
s2877,Movie,Title_2877,United States,2017,2020,TV-MA,Sci-Fi & Fantasy
s2878,Movie,Title_2878,United States,2016,2019,TV-14,International TV Shows
s2879,Movie,Title_2879,United States,2016,2014,G,Crime TV Shows
s2880,Movie,Title_2880,Nigeria,2020,2019,R,International TV Shows
s2881,Movie,Title_2881,United States,2019,2019,PG-13,Stand-Up Comedy
s2882,Movie,Title_2882,India,2021,2020,TV-14,Horror Movies
s2883,Movie,Title_2883,United States,2018,2015,TV-14,Children & Family Movies
s2884,Movie,Title_2884,India,2017,2021,TV-MA,Thrillers
s2885,Movie,Title_2885,Canada,2012,2013,R,Documentaries
s2886,Movie,Title_2886,Turkey,2021,2018,TV-14,International TV Shows
s2887,Movie,Title_2887,United Kingdom,2018,2018,R,Romantic Movies
s2888,Movie,Title_2888,Mexico,2019,2017,TV-14,International TV Shows
s2889,Movie,Title_2889,United Kingdom,2017,2017,TV-MA,Romantic Movies
s2890,Movie,Title_2890,United States,2018,2020,TV-MA,Children & Family Movies
s2891,Movie,Title_2891,United States,2021,2018,PG-13,Romantic Movies
s2892,Movie,Title_2892,Canada,2014,2017,TV-MA,International Movies
s2893,TV Show,Title_2893,Turkey,2015,2013,TV-MA,Documentaries
s2894,Movie,Title_2894,Australia,2013,2008,NR,Anime Series
s2895,Movie,Title_2895,United States,2020,2013,TV-PG,Stand-Up Comedy
s2896,Movie,Title_2896,United States,2011,2021,TV-MA,Thrillers
s2897,Movie,Title_2897,United States,2012,2019,TV-MA,Thrillers
s2898,Movie,Title_2898,Italy,2015,2021,TV-MA,Dramas
s2899,Movie,Title_2899,Australia,2017,2010,TV-14,Sci-Fi & Fantasy
s2900,Movie,Title_2900,Spain,2017,2019,R,International Movies
s2901,Movie,Title_2901,India,2011,2011,TV-MA,Comedies
s2902,TV Show,Title_2902,United Kingdom,2021,2019,PG,Children & Family Movies
s2903,Movie,Title_2903,India,2021,2016,TV-MA,Kids TV
s2904,Movie,Title_2904,United States,2015,2012,TV-MA,Romantic Movies
s2905,TV Show,Title_2905,United Kingdom,2019,2018,G,Thrillers
s2906,Movie,Title_2906,United States,2018,2015,TV-MA,Documentaries
s2907,Movie,Title_2907,United States,2015,2018,PG,Horror Movies
s2908,TV Show,Title_2908,Brazil,2015,2018,TV-PG,Romantic Movies
s2909,TV Show,Title_2909,South Korea,2017,2019,TV-MA,Children & Family Movies
s2910,TV Show,Title_2910,India,2017,2021,TV-14,Horror Movies
s2911,Movie,Title_2911,United Kingdom,2015,2016,TV-14,Crime TV Shows
s2912,TV Show,Title_2912,India,2020,2017,NR,Crime TV Shows
s2913,Movie,Title_2913,South Korea,2017,2020,TV-14,Comedies
s2914,Movie,Title_2914,Spain,2018,2018,TV-14,Crime TV Shows
s2915,TV Show,Title_2915,Spain,2014,2010,TV-MA,Stand-Up Comedy
s2916,Movie,Title_2916,South Korea,2018,2020,TV-PG,Kids TV
s2917,TV Show,Title_2917,United States,2016,2011,TV-MA,Horror Movies
s2918,Movie,Title_2918,United States,2018,2014,TV-MA,International Movies
s2919,Movie,Title_2919,India,2019,2012,TV-Y7,Action & Adventure
s2920,Movie,Title_2920,United States,2019,2012,TV-MA,International Movies
s2921,TV Show,Title_2921,South Korea,2016,2010,TV-MA,Anime Series
s2922,TV Show,Title_2922,United States,2019,2011,TV-PG,Children & Family Movies
s2923,Movie,Title_2923,United States,2021,2017,PG-13,Reality TV
s2924,TV Show,Title_2924,India,2018,2015,TV-MA,Action & Adventure
s2925,Movie,Title_2925,Nigeria,2013,2013,TV-MA,Reality TV
s2926,Movie,Title_2926,United States,2019,2018,TV-MA,Kids TV
s2927,Movie,Title_2927,Canada,2012,2015,TV-MA,Thrillers
s2928,Movie,Title_2928,India,2020,2009,TV-PG,Stand-Up Comedy
s2929,Movie,Title_2929,United States,2017,2017,TV-14,International TV Shows
s2930,Movie,Title_2930,United Kingdom,2016,2016,TV-PG,Reality TV
s2931,TV Show,Title_2931,Japan,2011,2016,TV-14,Anime Series
s2932,Movie,Title_2932,United Kingdom,2016,2017,PG-13,Thrillers
s2933,Movie,Title_2933,Australia,2020,2019,TV-14,Action & Adventure
s2934,TV Show,Title_2934,United States,2010,2018,PG,Thrillers
s2935,Movie,Title_2935,United States,2017,2021,TV-14,Dramas
s2936,Movie,Title_2936,Italy,2021,2017,R,International TV Shows
s2937,Movie,Title_2937,India,2016,2017,TV-14,Thrillers
s2938,TV Show,Title_2938,Canada,2017,2014,TV-14,Crime TV Shows
s2939,Movie,Title_2939,Germany,2018,2019,PG-13,International TV Shows
s2940,Movie,Title_2940,United States,2017,2013,TV-MA,International TV Shows
s2941,Movie,Title_2941,Japan,2014,2017,TV-14,Sci-Fi & Fantasy
s2942,Movie,Title_2942,United States,2009,2017,R,Reality TV
s2943,Movie,Title_2943,United States,2018,2018,R,Romantic Movies
s2944,Movie,Title_2944,United States,2021,2021,TV-14,Anime Series
s2945,Movie,Title_2945,Germany,2012,2021,TV-14,Crime TV Shows
s2946,Movie,Title_2946,United States,2014,2014,TV-MA,Stand-Up Comedy
s2947,Movie,Title_2947,South Korea,2016,2015,PG,Action & Adventure
s2948,Movie,Title_2948,Turkey,2020,2020,TV-14,Horror Movies
s2949,TV Show,Title_2949,United Kingdom,2015,2017,R,Thrillers
s2950,TV Show,Title_2950,United Kingdom,2020,2017,TV-MA,Thrillers
s2951,Movie,Title_2951,India,2011,2019,TV-MA,Action & Adventure
s2952,Movie,Title_2952,United States,2021,2018,TV-MA,Stand-Up Comedy
s2953,Movie,Title_2953,United Kingdom,2018,2021,TV-PG,Documentaries
s2954,Movie,Title_2954,Canada,2018,2018,TV-MA,Sci-Fi & Fantasy
s2955,Movie,Title_2955,Nigeria,2016,2017,TV-MA,Kids TV
s2956,Movie,Title_2956,Italy,2019,2018,TV-MA,Dramas
s2957,Movie,Title_2957,Australia,2014,2020,TV-MA,Children & Family Movies
s2958,Movie,Title_2958,Brazil,2011,2018,TV-MA,Stand-Up Comedy
s2959,TV Show,Title_2959,India,2016,2018,TV-MA,Thrillers
s2960,Movie,Title_2960,France,2020,2021,R,Children & Family Movies
s2961,Movie,Title_2961,Brazil,2019,2018,TV-14,Kids TV
s2962,TV Show,Title_2962,India,2017,2016,TV-14,Children & Family Movies
s2963,TV Show,Title_2963,Turkey,2018,2019,TV-G,Action & Adventure
s2964,Movie,Title_2964,India,2013,2018,TV-14,Reality TV
s2965,Movie,Title_2965,Canada,2020,2009,NR,Action & Adventure
s2966,TV Show,Title_2966,Japan,2019,2017,TV-MA,Reality TV
s2967,TV Show,Title_2967,Turkey,2018,2019,TV-14,Sci-Fi & Fantasy
s2968,Movie,Title_2968,United States,2017,2017,TV-14,Kids TV
s2969,Movie,Title_2969,South Korea,2021,2019,TV-14,International TV Shows
s2970,Movie,Title_2970,United Kingdom,2020,2017,TV-14,Dramas
s2971,Movie,Title_2971,United States,2018,2021,TV-MA,International Movies
s2972,Movie,Title_2972,Spain,2016,2015,R,Comedies
s2973,TV Show,Title_2973,United Kingdom,2018,2012,TV-14,Documentaries
s2974,Movie,Title_2974,France,2018,2017,TV-MA,International TV Shows
s2975,Movie,Title_2975,United States,2016,2018,TV-14,Romantic Movies
s2976,Movie,Title_2976,United Kingdom,2016,2016,R,Horror Movies
s2977,Movie,Title_2977,France,2017,2015,TV-MA,Documentaries
s2978,Movie,Title_2978,India,2018,2019,TV-MA,Anime Series
s2979,Movie,Title_2979,United States,2017,2016,PG-13,Thrillers
s2980,Movie,Title_2980,Turkey,2015,2018,G,Reality TV
s2981,Movie,Title_2981,United Kingdom,2019,2019,TV-MA,Children & Family Movies
s2982,Movie,Title_2982,South Korea,2018,2019,NR,Action & Adventure
s2983,Movie,Title_2983,India,2011,2016,TV-MA,Sci-Fi & Fantasy
s2984,Movie,Title_2984,India,2016,2018,NR,Stand-Up Comedy
s2985,TV Show,Title_2985,India,2020,2017,TV-PG,Sci-Fi & Fantasy
s2986,Movie,Title_2986,India,2019,2020,PG,Crime TV Shows
s2987,TV Show,Title_2987,United Kingdom,2016,2020,R,Thrillers
s2988,TV Show,Title_2988,United Kingdom,2021,2016,TV-MA,Crime TV Shows
s2989,TV Show,Title_2989,United Kingdom,2012,2012,TV-MA,Dramas
s2990,Movie,Title_2990,United States,2021,2014,TV-14,Thrillers
s2991,Movie,Title_2991,United Kingdom,2015,2016,TV-MA,International Movies
s2992,Movie,Title_2992,United States,2008,2018,TV-14,Action & Adventure
s2993,Movie,Title_2993,United States,2017,2018,TV-G,Crime TV Shows
s2994,TV Show,Title_2994,Italy,2016,2016,TV-MA,Action & Adventure
s2995,Movie,Title_2995,Canada,2018,2019,TV-14,Romantic Movies
s2996,Movie,Title_2996,France,2020,2021,TV-14,Sci-Fi & Fantasy
s2997,Movie,Title_2997,India,2020,2018,TV-PG,Anime Series
s2998,Movie,Title_2998,Brazil,2017,2013,TV-MA,Romantic Movies
s2999,Movie,Title_2999,France,2017,2018,TV-MA,Documentaries
s3000,TV Show,Title_3000,Spain,2013,2018,PG-13,Romantic Movies
s3001,TV Show,Title_3001,India,2011,2020,PG-13,Kids TV
s3002,TV Show,Title_3002,Turkey,2018,2016,R,International Movies
s3003,Movie,Title_3003,Mexico,2011,2017,R,Thrillers
s3004,Movie,Title_3004,Australia,2019,2018,TV-14,Crime TV Shows
s3005,Movie,Title_3005,United States,2018,2018,R,Comedies
s3006,TV Show,Title_3006,United States,2014,2019,TV-14,Horror Movies
s3007,Movie,Title_3007,United States,2018,2011,TV-MA,International TV Shows
s3008,TV Show,Title_3008,United States,2014,2018,TV-14,Thrillers
s3009,TV Show,Title_3009,Australia,2017,2013,TV-MA,Comedies
s3010,Movie,Title_3010,United States,2020,2016,TV-14,Sci-Fi & Fantasy
s3011,Movie,Title_3011,United States,2017,2019,TV-MA,Comedies
s3012,Movie,Title_3012,United States,2013,2013,TV-14,Documentaries
s3013,Movie,Title_3013,United States,2019,2016,TV-14,Thrillers
s3014,Movie,Title_3014,United States,2014,2019,TV-PG,Action & Adventure
s3015,Movie,Title_3015,Germany,2019,2018,TV-14,Kids TV
s3016,Movie,Title_3016,Canada,2017,2012,PG,Documentaries
s3017,Movie,Title_3017,United States,2017,2018,TV-MA,Comedies
s3018,Movie,Title_3018,India,2020,2013,TV-PG,Romantic Movies
s3019,TV Show,Title_3019,India,2019,2015,TV-PG,Anime Series
s3020,Movie,Title_3020,United States,2010,2017,TV-G,Action & Adventure
s3021,Movie,Title_3021,Japan,2015,2012,TV-14,Stand-Up Comedy
s3022,Movie,Title_3022,Japan,2020,2021,TV-MA,Stand-Up Comedy
s3023,Movie,Title_3023,South Korea,2009,2014,TV-MA,Dramas
s3024,Movie,Title_3024,South Korea,2018,2019,TV-MA,Action & Adventure
s3025,TV Show,Title_3025,United States,2019,2020,TV-14,International Movies
s3026,TV Show,Title_3026,Turkey,2018,2021,PG-13,Action & Adventure
s3027,TV Show,Title_3027,Germany,2019,2017,TV-MA,Documentaries
s3028,TV Show,Title_3028,Brazil,2019,2020,TV-MA,Dramas
s3029,Movie,Title_3029,United States,2019,2021,TV-MA,Kids TV
s3030,TV Show,Title_3030,Italy,2020,2014,TV-MA,Documentaries
s3031,Movie,Title_3031,Germany,2018,2017,NR,Children & Family Movies
s3032,Movie,Title_3032,Mexico,2017,2011,PG,Documentaries
s3033,TV Show,Title_3033,United States,2017,2018,TV-MA,Children & Family Movies
s3034,Movie,Title_3034,South Korea,2019,2018,TV-MA,Anime Series
s3035,Movie,Title_3035,Turkey,2020,2014,PG,Horror Movies
s3036,Movie,Title_3036,Japan,2015,2020,TV-MA,Anime Series
s3037,TV Show,Title_3037,Canada,2016,2010,TV-PG,Stand-Up Comedy
s3038,Movie,Title_3038,Turkey,2021,2020,PG,Dramas
s3039,Movie,Title_3039,India,2018,2010,TV-14,Reality TV
s3040,Movie,Title_3040,Canada,2014,2018,TV-MA,Sci-Fi & Fantasy
s3041,TV Show,Title_3041,United Kingdom,2019,2012,TV-MA,International TV Shows
s3042,TV Show,Title_3042,Italy,2021,2015,NR,Romantic Movies
s3043,Movie,Title_3043,United States,2020,2019,TV-MA,Romantic Movies
s3044,Movie,Title_3044,United Kingdom,2019,2015,TV-14,International Movies
s3045,Movie,Title_3045,Japan,2014,2017,R,Thrillers
s3046,Movie,Title_3046,Germany,2020,2021,PG-13,Documentaries
s3047,TV Show,Title_3047,Canada,2018,2011,TV-14,Dramas
s3048,Movie,Title_3048,Brazil,2020,2020,TV-MA,Reality TV
s3049,Movie,Title_3049,Turkey,2016,2011,TV-14,Sci-Fi & Fantasy
s3050,Movie,Title_3050,United States,2011,2013,TV-MA,International Movies
s3051,Movie,Title_3051,India,2017,2013,TV-MA,Comedies
s3052,Movie,Title_3052,United States,2015,2021,PG-13,Romantic Movies
s3053,TV Show,Title_3053,United States,2019,2014,TV-MA,Documentaries
s3054,Movie,Title_3054,United Kingdom,2021,2020,TV-MA,Children & Family Movies
s3055,Movie,Title_3055,Italy,2019,2021,TV-MA,Sci-Fi & Fantasy
s3056,TV Show,Title_3056,Mexico,2020,2016,TV-14,Thrillers
s3057,TV Show,Title_3057,United States,2017,2018,TV-PG,Comedies
s3058,Movie,Title_3058,United States,2019,2019,R,Thrillers
s3059,TV Show,Title_3059,Canada,2020,2016,TV-PG,Action & Adventure
s3060,TV Show,Title_3060,United Kingdom,2019,2014,TV-PG,Sci-Fi & Fantasy
s3061,TV Show,Title_3061,United States,2017,2017,TV-PG,Comedies
s3062,TV Show,Title_3062,Brazil,2018,2019,TV-MA,Action & Adventure
s3063,Movie,Title_3063,Italy,2019,2019,TV-14,Crime TV Shows
s3064,Movie,Title_3064,India,2015,2015,TV-PG,Stand-Up Comedy
s3065,Movie,Title_3065,Brazil,2020,2014,TV-MA,Dramas
s3066,Movie,Title_3066,India,2021,2021,TV-MA,Comedies
s3067,Movie,Title_3067,South Korea,2017,2011,TV-14,Romantic Movies
s3068,Movie,Title_3068,United Kingdom,2019,2019,TV-14,International TV Shows
s3069,Movie,Title_3069,United States,2019,2011,TV-14,Kids TV
s3070,Movie,Title_3070,Italy,2019,2020,TV-PG,Stand-Up Comedy
s3071,Movie,Title_3071,India,2018,2020,TV-14,Kids TV
s3072,Movie,Title_3072,South Korea,2020,2015,PG,Reality TV
s3073,TV Show,Title_3073,India,2017,2012,TV-14,Romantic Movies
s3074,Movie,Title_3074,United States,2011,2017,TV-14,Sci-Fi & Fantasy
s3075,Movie,Title_3075,United States,2020,2015,TV-MA,Horror Movies
s3076,Movie,Title_3076,United Kingdom,2019,2017,TV-MA,Comedies
s3077,TV Show,Title_3077,Japan,2020,2019,PG-13,Sci-Fi & Fantasy
s3078,TV Show,Title_3078,United States,2013,2014,TV-MA,Horror Movies
s3079,Movie,Title_3079,Japan,2010,2016,TV-MA,Romantic Movies
s3080,TV Show,Title_3080,Japan,2021,2019,TV-14,Sci-Fi & Fantasy
s3081,Movie,Title_3081,Japan,2013,2018,TV-MA,International TV Shows
s3082,Movie,Title_3082,United Kingdom,2020,2016,TV-14,Crime TV Shows
s3083,Movie,Title_3083,Italy,2020,2019,TV-MA,Romantic Movies
s3084,Movie,Title_3084,United Kingdom,2019,2019,TV-14,Action & Adventure
s3085,Movie,Title_3085,India,2013,2018,R,Kids TV
s3086,Movie,Title_3086,United States,2019,2015,TV-PG,Action & Adventure
s3087,Movie,Title_3087,United States,2020,2008,TV-14,Anime Series
s3088,Movie,Title_3088,United States,2017,2020,TV-14,Anime Series
s3089,TV Show,Title_3089,France,2017,2020,R,Kids TV
s3090,Movie,Title_3090,United States,2017,2019,R,International TV Shows
s3091,Movie,Title_3091,United States,2012,2012,TV-MA,Anime Series
s3092,Movie,Title_3092,Spain,2020,2018,TV-MA,Children & Family Movies
s3093,Movie,Title_3093,United States,2020,2020,TV-MA,Anime Series
s3094,Movie,Title_3094,United States,2021,2016,TV-MA,Thrillers
s3095,Movie,Title_3095,United States,2018,2014,TV-MA,Romantic Movies
s3096,TV Show,Title_3096,Spain,2019,2018,TV-MA,Reality TV
s3097,Movie,Title_3097,United States,2014,2020,PG-13,International TV Shows
s3098,Movie,Title_3098,India,2019,2011,TV-14,Comedies
s3099,Movie,Title_3099,United Kingdom,2018,2018,TV-MA,Stand-Up Comedy
s3100,Movie,Title_3100,Japan,2020,2018,TV-PG,Kids TV
s3101,TV Show,Title_3101,France,2020,2018,R,Reality TV
s3102,Movie,Title_3102,Germany,2021,2018,TV-MA,Reality TV
s3103,Movie,Title_3103,United States,2020,2018,TV-14,Documentaries
s3104,Movie,Title_3104,United States,2020,2013,TV-MA,International Movies
s3105,Movie,Title_3105,United States,2011,2015,TV-14,Romantic Movies
s3106,TV Show,Title_3106,United States,2020,2018,TV-MA,Reality TV
s3107,TV Show,Title_3107,United States,2018,2009,TV-14,Comedies
s3108,Movie,Title_3108,United States,2016,2018,TV-14,Children & Family Movies
s3109,Movie,Title_3109,United Kingdom,2011,2019,TV-PG,Romantic Movies
s3110,TV Show,Title_3110,France,2019,2015,TV-14,Horror Movies
s3111,TV Show,Title_3111,India,2016,2018,TV-14,Dramas
s3112,Movie,Title_3112,South Korea,2017,2018,TV-MA,Kids TV
s3113,Movie,Title_3113,United States,2019,2015,TV-PG,Thrillers
s3114,Movie,Title_3114,United States,2021,2017,PG,Crime TV Shows
s3115,Movie,Title_3115,United Kingdom,2020,2020,R,Reality TV
s3116,Movie,Title_3116,United States,2017,2017,TV-Y,Horror Movies
s3117,TV Show,Title_3117,United States,2016,2018,TV-MA,Children & Family Movies
s3118,Movie,Title_3118,India,2015,2010,TV-MA,Comedies
s3119,Movie,Title_3119,Turkey,2016,2012,TV-14,Children & Family Movies
s3120,Movie,Title_3120,South Korea,2013,2012,TV-MA,Kids TV
s3121,TV Show,Title_3121,United States,2021,2019,TV-MA,International Movies
s3122,Movie,Title_3122,Mexico,2018,2016,TV-14,Romantic Movies
s3123,Movie,Title_3123,South Korea,2013,2015,TV-MA,International Movies
s3124,Movie,Title_3124,Canada,2016,2019,TV-MA,Dramas
s3125,Movie,Title_3125,Mexico,2018,2014,TV-G,International TV Shows
s3126,TV Show,Title_3126,India,2018,2015,TV-MA,Comedies
s3127,TV Show,Title_3127,United States,2010,2017,TV-MA,Dramas
s3128,Movie,Title_3128,United Kingdom,2021,2016,TV-MA,Stand-Up Comedy
s3129,Movie,Title_3129,United Kingdom,2015,2018,PG-13,Anime Series
s3130,Movie,Title_3130,United Kingdom,2009,2016,TV-PG,Crime TV Shows
s3131,Movie,Title_3131,Canada,2012,2016,TV-MA,Stand-Up Comedy
s3132,Movie,Title_3132,Turkey,2018,2020,TV-MA,Action & Adventure
s3133,Movie,Title_3133,Brazil,2013,2020,R,International TV Shows
s3134,Movie,Title_3134,Australia,2011,2020,TV-MA,Dramas
s3135,TV Show,Title_3135,Germany,2016,2020,TV-Y,International Movies
s3136,TV Show,Title_3136,Turkey,2018,2018,TV-14,International Movies
s3137,Movie,Title_3137,United States,2013,2018,TV-MA,International Movies
s3138,TV Show,Title_3138,United States,2016,2018,PG-13,Horror Movies
s3139,TV Show,Title_3139,United Kingdom,2017,2019,TV-MA,Children & Family Movies
s3140,Movie,Title_3140,Mexico,2013,2018,TV-MA,Horror Movies
s3141,Movie,Title_3141,United Kingdom,2017,2013,TV-MA,Romantic Movies
s3142,Movie,Title_3142,South Korea,2012,2020,R,Romantic Movies
s3143,Movie,Title_3143,United States,2011,2019,TV-MA,International Movies
s3144,Movie,Title_3144,United States,2017,2020,TV-14,Documentaries
s3145,TV Show,Title_3145,South Korea,2015,2014,TV-MA,Dramas
s3146,Movie,Title_3146,United States,2012,2015,PG-13,International Movies
s3147,Movie,Title_3147,United States,2017,2015,TV-MA,Action & Adventure
s3148,TV Show,Title_3148,United States,2021,2017,TV-MA,Romantic Movies
s3149,TV Show,Title_3149,United States,2019,2013,TV-14,International TV Shows
s3150,TV Show,Title_3150,Japan,2020,2016,TV-PG,Dramas
s3151,Movie,Title_3151,India,2020,2014,PG-13,Kids TV
s3152,Movie,Title_3152,United Kingdom,2021,2015,TV-MA,Stand-Up Comedy
s3153,Movie,Title_3153,United States,2019,2019,PG-13,International TV Shows
s3154,Movie,Title_3154,Germany,2018,2020,TV-14,Thrillers
s3155,TV Show,Title_3155,India,2016,2010,TV-MA,Reality TV
s3156,Movie,Title_3156,France,2014,2018,PG-13,Reality TV
s3157,Movie,Title_3157,South Korea,2019,2010,TV-14,International TV Shows
s3158,Movie,Title_3158,United States,2021,2012,TV-PG,Dramas
s3159,TV Show,Title_3159,Brazil,2017,2019,NR,Horror Movies
s3160,Movie,Title_3160,France,2019,2019,TV-14,International TV Shows
s3161,TV Show,Title_3161,India,2017,2020,TV-MA,Dramas
s3162,TV Show,Title_3162,United States,2017,2017,PG,Crime TV Shows
s3163,Movie,Title_3163,Turkey,2017,2020,TV-MA,International TV Shows
s3164,TV Show,Title_3164,South Korea,2017,2014,TV-14,Action & Adventure
s3165,Movie,Title_3165,United States,2016,2015,TV-MA,Sci-Fi & Fantasy
s3166,Movie,Title_3166,United States,2019,2013,TV-MA,Documentaries
s3167,Movie,Title_3167,Germany,2020,2020,TV-PG,Sci-Fi & Fantasy
s3168,Movie,Title_3168,Japan,2020,2015,TV-14,Anime Series
s3169,Movie,Title_3169,Spain,2015,2013,TV-PG,Crime TV Shows
s3170,Movie,Title_3170,India,2020,2018,PG-13,Horror Movies
s3171,Movie,Title_3171,Japan,2016,2012,TV-MA,Sci-Fi & Fantasy
s3172,Movie,Title_3172,India,2016,2011,TV-14,Anime Series
s3173,Movie,Title_3173,United States,2019,2012,R,Kids TV
s3174,Movie,Title_3174,France,2016,2008,TV-PG,International TV Shows
s3175,Movie,Title_3175,Nigeria,2011,2019,TV-14,International Movies
s3176,TV Show,Title_3176,United States,2016,2018,TV-14,International TV Shows
s3177,Movie,Title_3177,India,2019,2014,TV-14,Kids TV
s3178,Movie,Title_3178,Japan,2016,2015,TV-14,Horror Movies
s3179,Movie,Title_3179,United Kingdom,2018,2020,TV-MA,Kids TV
s3180,TV Show,Title_3180,Mexico,2019,2017,TV-PG,Sci-Fi & Fantasy
s3181,Movie,Title_3181,Spain,2019,2019,TV-MA,Reality TV
s3182,TV Show,Title_3182,United States,2020,2017,TV-G,Dramas
s3183,Movie,Title_3183,Nigeria,2017,2015,R,Action & Adventure
s3184,Movie,Title_3184,South Korea,2014,2021,TV-MA,Crime TV Shows
s3185,Movie,Title_3185,Australia,2016,2018,TV-MA,Children & Family Movies
s3186,Movie,Title_3186,France,2017,2013,TV-PG,Action & Adventure
s3187,TV Show,Title_3187,Australia,2019,2017,R,Stand-Up Comedy
s3188,Movie,Title_3188,United States,2009,2016,TV-G,Sci-Fi & Fantasy
s3189,Movie,Title_3189,United States,2016,2014,TV-MA,Sci-Fi & Fantasy
s3190,TV Show,Title_3190,Australia,2019,2021,TV-MA,Children & Family Movies
s3191,Movie,Title_3191,United States,2019,2020,PG,Thrillers
s3192,Movie,Title_3192,United States,2019,2014,TV-MA,Sci-Fi & Fantasy
s3193,Movie,Title_3193,Germany,2020,2016,R,Documentaries
s3194,TV Show,Title_3194,Mexico,2019,2019,TV-MA,Romantic Movies
s3195,Movie,Title_3195,United States,2019,2014,R,Comedies
s3196,Movie,Title_3196,Australia,2017,2018,TV-MA,Stand-Up Comedy
s3197,TV Show,Title_3197,Japan,2021,2019,TV-PG,Action & Adventure
s3198,TV Show,Title_3198,United Kingdom,2018,2018,TV-14,Sci-Fi & Fantasy
s3199,Movie,Title_3199,Mexico,2014,2019,TV-G,Stand-Up Comedy
s3200,TV Show,Title_3200,India,2015,2019,TV-MA,Dramas
s3201,TV Show,Title_3201,United States,2019,2021,TV-MA,Sci-Fi & Fantasy
s3202,TV Show,Title_3202,United States,2021,2016,TV-MA,Crime TV Shows
s3203,Movie,Title_3203,United Kingdom,2014,2020,PG,Anime Series
s3204,Movie,Title_3204,United Kingdom,2012,2010,TV-14,International Movies
s3205,Movie,Title_3205,Germany,2020,2015,TV-14,Reality TV
s3206,Movie,Title_3206,Germany,2021,2011,TV-MA,International Movies
s3207,Movie,Title_3207,Canada,2015,2018,TV-14,Kids TV
s3208,Movie,Title_3208,Spain,2016,2012,TV-14,Thrillers
s3209,Movie,Title_3209,United States,2019,2020,TV-MA,Documentaries
s3210,Movie,Title_3210,United States,2016,2018,R,Anime Series
s3211,Movie,Title_3211,Australia,2020,2010,TV-MA,Romantic Movies
s3212,Movie,Title_3212,United States,2012,2019,TV-PG,Romantic Movies
s3213,Movie,Title_3213,United States,2010,2020,PG-13,Anime Series
s3214,Movie,Title_3214,Japan,2014,2019,PG,Children & Family Movies
s3215,Movie,Title_3215,India,2015,2010,R,International Movies
s3216,Movie,Title_3216,Australia,2013,2020,TV-MA,Horror Movies
s3217,Movie,Title_3217,United States,2011,2019,TV-PG,International Movies
s3218,TV Show,Title_3218,United States,2019,2016,TV-MA,Dramas
s3219,Movie,Title_3219,United States,2014,2016,TV-MA,Sci-Fi & Fantasy
s3220,Movie,Title_3220,Canada,2021,2017,TV-PG,Reality TV
s3221,TV Show,Title_3221,India,2016,2020,PG-13,International Movies
s3222,Movie,Title_3222,United Kingdom,2019,2015,TV-MA,Crime TV Shows
s3223,Movie,Title_3223,Australia,2015,2012,TV-MA,Comedies
s3224,Movie,Title_3224,Italy,2015,2020,TV-14,International TV Shows
s3225,Movie,Title_3225,United States,2018,2010,TV-MA,International TV Shows
s3226,Movie,Title_3226,India,2018,2021,TV-PG,Reality TV
s3227,Movie,Title_3227,United Kingdom,2019,2016,TV-MA,Thrillers
s3228,Movie,Title_3228,Turkey,2019,2017,TV-MA,Children & Family Movies
s3229,TV Show,Title_3229,Nigeria,2019,2013,TV-14,Crime TV Shows
s3230,Movie,Title_3230,United States,2017,2020,PG-13,Thrillers
s3231,Movie,Title_3231,South Korea,2020,2019,TV-PG,Sci-Fi & Fantasy
s3232,Movie,Title_3232,India,2018,2021,PG-13,Dramas
s3233,Movie,Title_3233,United States,2021,2019,TV-MA,International TV Shows
s3234,TV Show,Title_3234,United States,2020,2014,PG,Horror Movies
s3235,Movie,Title_3235,India,2011,2016,TV-14,Kids TV
s3236,Movie,Title_3236,United Kingdom,2016,2017,PG-13,Stand-Up Comedy
s3237,TV Show,Title_3237,United States,2018,2018,TV-14,Kids TV
s3238,Movie,Title_3238,Japan,2019,2021,TV-MA,International Movies
s3239,TV Show,Title_3239,United States,2018,2016,TV-MA,Dramas
s3240,Movie,Title_3240,Canada,2019,2019,TV-14,Sci-Fi & Fantasy
s3241,TV Show,Title_3241,United States,2015,2021,TV-MA,Children & Family Movies
s3242,Movie,Title_3242,United States,2014,2013,NR,Sci-Fi & Fantasy
s3243,Movie,Title_3243,India,2011,2020,TV-MA,Comedies
s3244,Movie,Title_3244,United States,2018,2017,TV-MA,Comedies
s3245,TV Show,Title_3245,United Kingdom,2019,2019,TV-MA,Sci-Fi & Fantasy
s3246,Movie,Title_3246,United States,2016,2015,TV-MA,International TV Shows
s3247,Movie,Title_3247,United Kingdom,2018,2016,TV-PG,Crime TV Shows
s3248,TV Show,Title_3248,United States,2011,2010,TV-14,Romantic Movies
s3249,TV Show,Title_3249,Japan,2012,2021,PG-13,Horror Movies
s3250,Movie,Title_3250,South Korea,2019,2020,TV-MA,Reality TV
s3251,TV Show,Title_3251,United States,2016,2012,NR,International Movies
s3252,Movie,Title_3252,India,2019,2021,TV-MA,Reality TV
s3253,TV Show,Title_3253,United States,2020,2018,PG,Anime Series
s3254,TV Show,Title_3254,Canada,2020,2020,TV-MA,Documentaries
s3255,TV Show,Title_3255,United States,2014,2011,R,Action & Adventure
s3256,TV Show,Title_3256,United Kingdom,2017,2016,TV-14,Reality TV
s3257,Movie,Title_3257,United Kingdom,2019,2019,TV-MA,Dramas
s3258,TV Show,Title_3258,Italy,2019,2012,TV-MA,Sci-Fi & Fantasy
s3259,Movie,Title_3259,United Kingdom,2019,2017,TV-PG,Thrillers
s3260,Movie,Title_3260,Canada,2015,2017,TV-MA,Thrillers
s3261,TV Show,Title_3261,India,2014,2014,TV-14,Crime TV Shows
s3262,Movie,Title_3262,Turkey,2018,2016,TV-PG,Dramas
s3263,Movie,Title_3263,Spain,2019,2021,R,Children & Family Movies
s3264,Movie,Title_3264,United States,2016,2015,TV-Y7,Thrillers
s3265,Movie,Title_3265,Mexico,2012,2014,TV-MA,Reality TV
s3266,Movie,Title_3266,India,2019,2018,TV-MA,Reality TV
s3267,TV Show,Title_3267,Mexico,2015,2019,TV-MA,Action & Adventure
s3268,TV Show,Title_3268,Mexico,2014,2019,R,Children & Family Movies
s3269,TV Show,Title_3269,United States,2013,2019,NR,Comedies
s3270,Movie,Title_3270,Japan,2016,2010,G,Romantic Movies
s3271,Movie,Title_3271,United States,2018,2016,NR,Crime TV Shows
s3272,Movie,Title_3272,United States,2016,2019,PG,Thrillers
s3273,Movie,Title_3273,United States,2010,2020,TV-Y7,Thrillers
s3274,Movie,Title_3274,South Korea,2012,2018,TV-14,International TV Shows
s3275,Movie,Title_3275,United States,2015,2011,NR,Anime Series
s3276,Movie,Title_3276,United States,2018,2016,R,Romantic Movies
s3277,Movie,Title_3277,Japan,2012,2012,TV-MA,Thrillers
s3278,Movie,Title_3278,United States,2018,2019,TV-MA,International TV Shows
s3279,Movie,Title_3279,United States,2013,2011,TV-MA,Comedies
s3280,TV Show,Title_3280,United States,2014,2014,R,International TV Shows
s3281,Movie,Title_3281,India,2014,2017,TV-PG,Romantic Movies
s3282,Movie,Title_3282,United Kingdom,2011,2017,TV-MA,Documentaries
s3283,Movie,Title_3283,United States,2019,2017,R,Anime Series
s3284,TV Show,Title_3284,Nigeria,2017,2017,TV-MA,Dramas
s3285,Movie,Title_3285,Japan,2020,2019,PG-13,Thrillers
s3286,Movie,Title_3286,United States,2012,2016,R,Children & Family Movies
s3287,Movie,Title_3287,United States,2013,2018,G,Documentaries
s3288,Movie,Title_3288,India,2016,2016,TV-MA,Documentaries
s3289,TV Show,Title_3289,France,2019,2016,PG,Anime Series
s3290,TV Show,Title_3290,United States,2016,2018,TV-MA,Thrillers
s3291,Movie,Title_3291,United States,2017,2017,TV-14,Children & Family Movies
s3292,Movie,Title_3292,Australia,2016,2019,TV-14,Action & Adventure
s3293,TV Show,Title_3293,United States,2012,2018,TV-PG,Children & Family Movies
s3294,TV Show,Title_3294,India,2021,2020,TV-Y7,International TV Shows
s3295,Movie,Title_3295,Australia,2018,2017,TV-14,International TV Shows
s3296,TV Show,Title_3296,France,2019,2017,NR,Documentaries
s3297,Movie,Title_3297,United States,2018,2019,TV-MA,Children & Family Movies
s3298,Movie,Title_3298,Japan,2017,2015,TV-14,Dramas
s3299,Movie,Title_3299,United States,2012,2016,TV-14,Romantic Movies
s3300,Movie,Title_3300,South Korea,2018,2018,TV-MA,Kids TV
s3301,TV Show,Title_3301,United Kingdom,2013,2010,G,International Movies
s3302,Movie,Title_3302,Germany,2017,2017,R,International Movies
s3303,Movie,Title_3303,Turkey,2018,2018,TV-14,Sci-Fi & Fantasy
s3304,Movie,Title_3304,Italy,2019,2021,R,International TV Shows
s3305,Movie,Title_3305,Italy,2019,2020,TV-14,Children & Family Movies
s3306,Movie,Title_3306,United Kingdom,2019,2015,TV-MA,Horror Movies
s3307,TV Show,Title_3307,India,2013,2017,TV-14,Children & Family Movies
s3308,Movie,Title_3308,India,2016,2011,TV-PG,Kids TV
s3309,Movie,Title_3309,Japan,2011,2015,TV-Y,Thrillers
s3310,Movie,Title_3310,Brazil,2019,2019,TV-MA,Comedies
s3311,Movie,Title_3311,United States,2021,2013,TV-14,Documentaries
s3312,Movie,Title_3312,Italy,2015,2015,TV-MA,Romantic Movies
s3313,Movie,Title_3313,Germany,2012,2021,TV-MA,International Movies
s3314,TV Show,Title_3314,Nigeria,2017,2020,TV-PG,Horror Movies
s3315,Movie,Title_3315,Brazil,2020,2019,TV-MA,Thrillers
s3316,Movie,Title_3316,United States,2018,2020,R,Horror Movies
s3317,Movie,Title_3317,United States,2011,2019,TV-14,Horror Movies
s3318,Movie,Title_3318,United States,2021,2013,TV-MA,Sci-Fi & Fantasy
s3319,Movie,Title_3319,United States,2020,2017,TV-14,Kids TV
s3320,TV Show,Title_3320,Canada,2013,2017,TV-MA,Children & Family Movies
s3321,Movie,Title_3321,Germany,2021,2016,PG-13,Sci-Fi & Fantasy
s3322,TV Show,Title_3322,Brazil,2017,2020,TV-MA,Reality TV
s3323,Movie,Title_3323,France,2016,2017,TV-MA,International TV Shows
s3324,Movie,Title_3324,United States,2017,2011,TV-PG,International TV Shows
s3325,Movie,Title_3325,United States,2020,2015,G,Documentaries
s3326,Movie,Title_3326,United States,2018,2015,PG-13,Action & Adventure
s3327,Movie,Title_3327,India,2011,2020,TV-MA,Dramas
s3328,Movie,Title_3328,United Kingdom,2021,2018,TV-MA,International TV Shows
s3329,TV Show,Title_3329,United States,2013,2018,TV-PG,Horror Movies
s3330,Movie,Title_3330,United States,2019,2017,PG-13,Thrillers
s3331,Movie,Title_3331,United States,2018,2018,TV-14,Reality TV
s3332,TV Show,Title_3332,France,2014,2019,TV-14,International TV Shows
s3333,Movie,Title_3333,India,2014,2018,TV-MA,International Movies
s3334,Movie,Title_3334,United Kingdom,2020,2021,TV-MA,Kids TV
s3335,Movie,Title_3335,India,2017,2021,TV-14,Children & Family Movies
s3336,Movie,Title_3336,Turkey,2018,2021,TV-MA,Kids TV
s3337,Movie,Title_3337,United States,2017,2019,TV-MA,Thrillers
s3338,Movie,Title_3338,United Kingdom,2019,2021,TV-MA,Anime Series
s3339,TV Show,Title_3339,South Korea,2017,2017,TV-14,Action & Adventure
s3340,Movie,Title_3340,Canada,2015,2020,TV-MA,Sci-Fi & Fantasy
s3341,Movie,Title_3341,Italy,2016,2020,TV-14,Thrillers
s3342,Movie,Title_3342,India,2020,2020,NR,Sci-Fi & Fantasy
s3343,Movie,Title_3343,India,2017,2020,TV-MA,Sci-Fi & Fantasy
s3344,TV Show,Title_3344,United States,2014,2017,TV-PG,Anime Series
s3345,Movie,Title_3345,Canada,2021,2013,PG-13,Crime TV Shows
s3346,Movie,Title_3346,United States,2020,2016,TV-MA,Thrillers
s3347,Movie,Title_3347,United States,2011,2019,TV-MA,Documentaries
s3348,TV Show,Title_3348,United Kingdom,2021,2015,TV-MA,Dramas
s3349,TV Show,Title_3349,United Kingdom,2019,2017,TV-PG,Comedies
s3350,Movie,Title_3350,United States,2014,2018,TV-14,Children & Family Movies
s3351,TV Show,Title_3351,Japan,2015,2018,TV-MA,International Movies
s3352,Movie,Title_3352,France,2019,2021,PG-13,Romantic Movies
s3353,TV Show,Title_3353,United States,2019,2019,R,Romantic Movies
s3354,Movie,Title_3354,India,2015,2019,TV-MA,Dramas
s3355,Movie,Title_3355,South Korea,2015,2018,R,Stand-Up Comedy
s3356,Movie,Title_3356,United Kingdom,2016,2020,TV-MA,Children & Family Movies
s3357,Movie,Title_3357,India,2018,2015,TV-PG,Thrillers
s3358,TV Show,Title_3358,United States,2014,2014,TV-MA,Romantic Movies
s3359,TV Show,Title_3359,Canada,2012,2021,TV-PG,Documentaries
s3360,TV Show,Title_3360,Italy,2019,2019,TV-MA,Thrillers
s3361,Movie,Title_3361,Japan,2019,2019,TV-14,Dramas
s3362,Movie,Title_3362,United States,2017,2017,TV-MA,Kids TV
s3363,TV Show,Title_3363,India,2016,2016,R,Horror Movies
s3364,Movie,Title_3364,Brazil,2017,2018,TV-MA,International TV Shows
s3365,Movie,Title_3365,United States,2016,2013,TV-MA,Dramas
s3366,Movie,Title_3366,Nigeria,2021,2017,TV-MA,Sci-Fi & Fantasy
s3367,Movie,Title_3367,Turkey,2019,2017,TV-MA,Action & Adventure
s3368,Movie,Title_3368,United States,2014,2018,R,International TV Shows
s3369,Movie,Title_3369,Italy,2016,2018,TV-Y,Anime Series
s3370,Movie,Title_3370,India,2018,2021,R,Comedies
s3371,TV Show,Title_3371,Mexico,2018,2018,PG-13,Action & Adventure
s3372,TV Show,Title_3372,India,2017,2020,TV-MA,Dramas
s3373,Movie,Title_3373,India,2020,2018,TV-MA,Romantic Movies
s3374,Movie,Title_3374,France,2019,2018,TV-14,Action & Adventure
s3375,Movie,Title_3375,Spain,2017,2011,G,Action & Adventure
s3376,TV Show,Title_3376,United States,2020,2013,TV-PG,Comedies
s3377,Movie,Title_3377,Canada,2019,2018,TV-14,Stand-Up Comedy
s3378,Movie,Title_3378,United States,2019,2016,TV-MA,Children & Family Movies
s3379,Movie,Title_3379,United States,2021,2020,TV-MA,Horror Movies
s3380,Movie,Title_3380,United States,2015,2018,TV-14,International Movies
s3381,Movie,Title_3381,India,2015,2020,TV-PG,Romantic Movies
s3382,Movie,Title_3382,United States,2020,2021,TV-MA,Comedies
s3383,Movie,Title_3383,United States,2019,2013,PG-13,Thrillers
s3384,Movie,Title_3384,United States,2021,2016,NR,International Movies
s3385,Movie,Title_3385,United States,2011,2019,PG,Sci-Fi & Fantasy
s3386,TV Show,Title_3386,India,2018,2016,PG,Sci-Fi & Fantasy
s3387,Movie,Title_3387,Turkey,2013,2015,TV-MA,Anime Series
s3388,Movie,Title_3388,United States,2017,2020,G,Sci-Fi & Fantasy
s3389,Movie,Title_3389,Turkey,2013,2021,TV-14,Kids TV
s3390,TV Show,Title_3390,South Korea,2013,2019,PG-13,Kids TV
s3391,Movie,Title_3391,France,2009,2018,TV-MA,Sci-Fi & Fantasy
s3392,Movie,Title_3392,France,2018,2017,TV-14,International Movies
s3393,TV Show,Title_3393,Mexico,2016,2018,TV-MA,Romantic Movies
s3394,TV Show,Title_3394,United States,2012,2017,TV-MA,International Movies
s3395,TV Show,Title_3395,United Kingdom,2016,2017,NR,Kids TV
s3396,Movie,Title_3396,Japan,2014,2014,PG-13,International Movies
s3397,TV Show,Title_3397,Canada,2021,2020,TV-14,Anime Series
s3398,TV Show,Title_3398,Mexico,2016,2019,TV-14,Documentaries
s3399,TV Show,Title_3399,United States,2016,2019,R,Kids TV
s3400,Movie,Title_3400,Japan,2020,2021,TV-MA,Reality TV
s3401,Movie,Title_3401,United Kingdom,2018,2015,R,Dramas
s3402,TV Show,Title_3402,India,2019,2012,TV-14,Children & Family Movies
s3403,Movie,Title_3403,United States,2018,2020,TV-PG,Sci-Fi & Fantasy
s3404,Movie,Title_3404,France,2021,2021,TV-G,Dramas
s3405,TV Show,Title_3405,Brazil,2014,2018,TV-14,Dramas
s3406,TV Show,Title_3406,United Kingdom,2021,2011,TV-14,Documentaries
s3407,Movie,Title_3407,Mexico,2020,2019,PG,Children & Family Movies
s3408,Movie,Title_3408,India,2018,2012,PG,Comedies
s3409,Movie,Title_3409,United States,2019,2018,TV-Y7,Children & Family Movies
s3410,Movie,Title_3410,United States,2018,2015,TV-14,Horror Movies
s3411,Movie,Title_3411,United States,2011,2021,TV-MA,Crime TV Shows
s3412,Movie,Title_3412,India,2014,2017,TV-MA,Action & Adventure
s3413,Movie,Title_3413,United States,2021,2020,TV-MA,International TV Shows
s3414,TV Show,Title_3414,South Korea,2018,2015,R,Sci-Fi & Fantasy
s3415,Movie,Title_3415,South Korea,2016,2016,TV-MA,Documentaries
s3416,TV Show,Title_3416,United States,2019,2021,TV-PG,Reality TV
s3417,Movie,Title_3417,United States,2018,2014,PG,Sci-Fi & Fantasy
s3418,TV Show,Title_3418,United States,2009,2018,TV-G,Sci-Fi & Fantasy
s3419,Movie,Title_3419,United Kingdom,2019,2016,TV-MA,Stand-Up Comedy
s3420,TV Show,Title_3420,United States,2019,2019,TV-MA,Horror Movies
s3421,TV Show,Title_3421,United States,2014,2013,PG-13,Sci-Fi & Fantasy
s3422,TV Show,Title_3422,Turkey,2021,2017,TV-14,Documentaries
s3423,Movie,Title_3423,Germany,2015,2019,PG-13,Kids TV
s3424,Movie,Title_3424,United States,2017,2017,PG-13,Documentaries
s3425,Movie,Title_3425,India,2013,2011,TV-14,International Movies
s3426,Movie,Title_3426,India,2018,2019,TV-MA,Horror Movies
s3427,Movie,Title_3427,Germany,2016,2017,TV-14,Anime Series
s3428,Movie,Title_3428,United Kingdom,2016,2009,TV-PG,Thrillers
s3429,Movie,Title_3429,United States,2020,2018,TV-14,Documentaries
s3430,TV Show,Title_3430,South Korea,2008,2021,R,Documentaries
s3431,Movie,Title_3431,India,2020,2013,PG,Action & Adventure
s3432,TV Show,Title_3432,United States,2018,2018,TV-MA,Dramas
s3433,TV Show,Title_3433,India,2021,2019,TV-G,Sci-Fi & Fantasy
s3434,Movie,Title_3434,United Kingdom,2018,2012,TV-PG,Thrillers
s3435,Movie,Title_3435,United States,2011,2010,PG,Dramas
s3436,TV Show,Title_3436,United States,2011,2017,TV-MA,Romantic Movies
s3437,Movie,Title_3437,India,2020,2020,TV-MA,International Movies
s3438,Movie,Title_3438,United States,2020,2014,TV-MA,Children & Family Movies
s3439,Movie,Title_3439,Spain,2016,2020,TV-MA,Anime Series
s3440,Movie,Title_3440,United States,2018,2018,TV-MA,Dramas
s3441,Movie,Title_3441,United States,2017,2016,PG-13,Stand-Up Comedy
s3442,Movie,Title_3442,France,2021,2017,TV-14,Stand-Up Comedy
s3443,TV Show,Title_3443,Spain,2021,2021,TV-G,Children & Family Movies
s3444,Movie,Title_3444,Germany,2021,2014,TV-14,Children & Family Movies
s3445,TV Show,Title_3445,United Kingdom,2020,2017,TV-MA,Dramas
s3446,TV Show,Title_3446,United States,2020,2018,TV-14,Anime Series
s3447,Movie,Title_3447,South Korea,2014,2013,TV-Y7,Comedies
s3448,Movie,Title_3448,Japan,2020,2011,TV-14,Horror Movies
s3449,Movie,Title_3449,United States,2019,2009,TV-MA,Documentaries
s3450,Movie,Title_3450,Brazil,2021,2016,NR,Documentaries
s3451,TV Show,Title_3451,United States,2018,2012,TV-MA,Children & Family Movies
s3452,TV Show,Title_3452,Nigeria,2012,2020,TV-PG,Crime TV Shows
s3453,Movie,Title_3453,Australia,2018,2021,TV-14,Romantic Movies
s3454,TV Show,Title_3454,Japan,2019,2011,TV-MA,Stand-Up Comedy
s3455,Movie,Title_3455,Italy,2015,2017,TV-MA,Thrillers
s3456,Movie,Title_3456,South Korea,2016,2010,NR,Documentaries
s3457,Movie,Title_3457,United States,2018,2013,PG,Dramas
s3458,TV Show,Title_3458,India,2016,2016,TV-14,Romantic Movies
s3459,Movie,Title_3459,United States,2016,2016,TV-MA,Romantic Movies
s3460,Movie,Title_3460,India,2013,2021,TV-MA,Romantic Movies
s3461,Movie,Title_3461,South Korea,2021,2016,TV-MA,Anime Series
s3462,TV Show,Title_3462,India,2019,2017,TV-14,Horror Movies
s3463,Movie,Title_3463,United States,2008,2015,TV-MA,Thrillers
s3464,Movie,Title_3464,Canada,2019,2008,TV-MA,Comedies
s3465,Movie,Title_3465,Australia,2019,2020,TV-14,Kids TV
s3466,Movie,Title_3466,United States,2008,2012,R,Kids TV
s3467,TV Show,Title_3467,India,2016,2021,PG,Romantic Movies
s3468,Movie,Title_3468,United States,2018,2013,TV-14,International TV Shows
s3469,Movie,Title_3469,Japan,2017,2018,R,Kids TV
s3470,Movie,Title_3470,United States,2019,2021,TV-14,Children & Family Movies
s3471,TV Show,Title_3471,France,2017,2013,TV-14,Sci-Fi & Fantasy
s3472,TV Show,Title_3472,United States,2013,2017,R,Action & Adventure
s3473,TV Show,Title_3473,United States,2021,2019,R,Anime Series
s3474,Movie,Title_3474,Italy,2015,2010,TV-14,Comedies
s3475,Movie,Title_3475,United States,2019,2019,TV-14,Kids TV
s3476,Movie,Title_3476,India,2013,2012,NR,Children & Family Movies
s3477,Movie,Title_3477,United States,2016,2015,TV-PG,Thrillers
s3478,Movie,Title_3478,United Kingdom,2017,2014,TV-PG,Reality TV
s3479,Movie,Title_3479,United Kingdom,2014,2020,R,Crime TV Shows
s3480,TV Show,Title_3480,United States,2017,2014,TV-MA,Action & Adventure
s3481,Movie,Title_3481,United States,2013,2011,TV-14,Reality TV
s3482,TV Show,Title_3482,India,2018,2018,TV-G,Romantic Movies
s3483,Movie,Title_3483,Japan,2019,2016,TV-14,Stand-Up Comedy
s3484,Movie,Title_3484,Spain,2011,2017,TV-MA,International Movies
s3485,Movie,Title_3485,United Kingdom,2020,2013,TV-PG,Thrillers
s3486,Movie,Title_3486,Canada,2014,2019,TV-MA,Sci-Fi & Fantasy
s3487,Movie,Title_3487,United States,2015,2018,TV-14,Comedies
s3488,Movie,Title_3488,United States,2019,2016,TV-MA,International TV Shows
s3489,Movie,Title_3489,United States,2017,2014,TV-14,Stand-Up Comedy
s3490,Movie,Title_3490,United States,2017,2018,TV-PG,Sci-Fi & Fantasy
s3491,Movie,Title_3491,United States,2013,2019,TV-14,Crime TV Shows
s3492,Movie,Title_3492,United Kingdom,2020,2016,TV-14,Stand-Up Comedy
s3493,TV Show,Title_3493,Canada,2018,2010,TV-MA,Crime TV Shows
s3494,Movie,Title_3494,Turkey,2013,2014,TV-MA,Crime TV Shows
s3495,TV Show,Title_3495,United States,2016,2019,TV-14,Dramas
s3496,TV Show,Title_3496,France,2020,2021,TV-MA,International Movies
s3497,Movie,Title_3497,Germany,2018,2009,R,Action & Adventure
s3498,Movie,Title_3498,Canada,2012,2016,TV-PG,Dramas
s3499,Movie,Title_3499,United States,2016,2011,TV-MA,Comedies
s3500,TV Show,Title_3500,United States,2015,2016,TV-MA,Action & Adventure
s3501,TV Show,Title_3501,United States,2017,2017,TV-MA,Romantic Movies
s3502,Movie,Title_3502,United States,2020,2021,TV-14,Comedies
s3503,Movie,Title_3503,South Korea,2017,2012,TV-MA,Documentaries
s3504,Movie,Title_3504,United States,2017,2019,TV-MA,Crime TV Shows
s3505,TV Show,Title_3505,United States,2020,2016,TV-MA,Kids TV
s3506,TV Show,Title_3506,Japan,2018,2020,TV-G,Romantic Movies
s3507,Movie,Title_3507,Spain,2018,2017,TV-PG,Children & Family Movies
s3508,Movie,Title_3508,India,2015,2010,PG-13,Stand-Up Comedy
s3509,TV Show,Title_3509,Japan,2018,2021,TV-MA,Stand-Up Comedy
s3510,Movie,Title_3510,India,2018,2012,TV-MA,Crime TV Shows
s3511,Movie,Title_3511,United States,2016,2018,TV-MA,International Movies
s3512,Movie,Title_3512,India,2021,2020,TV-G,Sci-Fi & Fantasy
s3513,Movie,Title_3513,Canada,2020,2012,TV-MA,Dramas
s3514,TV Show,Title_3514,Turkey,2019,2018,TV-14,Anime Series
s3515,Movie,Title_3515,United States,2018,2020,TV-14,Reality TV
s3516,TV Show,Title_3516,United Kingdom,2017,2021,R,Thrillers
s3517,Movie,Title_3517,United States,2014,2019,TV-MA,Dramas
s3518,Movie,Title_3518,United Kingdom,2016,2015,TV-14,Thrillers
s3519,TV Show,Title_3519,United States,2019,2019,TV-Y7,Anime Series
s3520,TV Show,Title_3520,United States,2017,2019,TV-14,Children & Family Movies
s3521,Movie,Title_3521,Mexico,2020,2019,TV-14,Horror Movies
s3522,Movie,Title_3522,United Kingdom,2013,2020,TV-14,Romantic Movies
s3523,Movie,Title_3523,India,2017,2012,PG-13,International TV Shows
s3524,Movie,Title_3524,United States,2018,2012,TV-MA,Romantic Movies
s3525,Movie,Title_3525,United States,2017,2018,TV-MA,Dramas
s3526,Movie,Title_3526,India,2020,2021,R,Children & Family Movies
s3527,Movie,Title_3527,Mexico,2021,2017,TV-14,Action & Adventure
s3528,Movie,Title_3528,Turkey,2013,2021,PG,Horror Movies
s3529,Movie,Title_3529,India,2013,2021,TV-PG,Crime TV Shows
s3530,Movie,Title_3530,India,2013,2020,TV-14,Action & Adventure
s3531,TV Show,Title_3531,Mexico,2019,2020,TV-MA,International Movies
s3532,Movie,Title_3532,India,2016,2020,R,Dramas
s3533,TV Show,Title_3533,United Kingdom,2019,2020,TV-PG,Children & Family Movies
s3534,Movie,Title_3534,United States,2017,2019,TV-PG,Kids TV
s3535,Movie,Title_3535,South Korea,2018,2010,TV-MA,Children & Family Movies
s3536,Movie,Title_3536,United Kingdom,2019,2013,NR,Comedies
s3537,Movie,Title_3537,Germany,2018,2013,TV-MA,Documentaries
s3538,Movie,Title_3538,Spain,2018,2010,TV-MA,Romantic Movies
s3539,Movie,Title_3539,United States,2012,2013,TV-Y,Kids TV
s3540,Movie,Title_3540,Japan,2017,2021,R,Reality TV
s3541,Movie,Title_3541,Germany,2018,2019,TV-14,Kids TV
s3542,Movie,Title_3542,United States,2017,2016,NR,Children & Family Movies
s3543,Movie,Title_3543,United States,2020,2020,TV-MA,Sci-Fi & Fantasy
s3544,Movie,Title_3544,United States,2020,2017,TV-MA,Stand-Up Comedy
s3545,Movie,Title_3545,India,2020,2013,TV-PG,Reality TV
s3546,TV Show,Title_3546,United States,2016,2020,TV-MA,Kids TV
s3547,Movie,Title_3547,United Kingdom,2019,2016,PG,Horror Movies
s3548,Movie,Title_3548,United States,2016,2019,PG-13,Romantic Movies
s3549,Movie,Title_3549,Australia,2015,2015,TV-MA,Romantic Movies
s3550,Movie,Title_3550,United States,2016,2017,PG,Dramas
s3551,Movie,Title_3551,United States,2012,2020,TV-MA,Horror Movies
s3552,Movie,Title_3552,United Kingdom,2016,2013,TV-14,Thrillers
s3553,Movie,Title_3553,United Kingdom,2017,2021,NR,Thrillers
s3554,Movie,Title_3554,United States,2021,2012,PG-13,Reality TV
s3555,Movie,Title_3555,United States,2016,2018,TV-MA,Children & Family Movies
s3556,Movie,Title_3556,United States,2020,2021,TV-MA,Sci-Fi & Fantasy
s3557,Movie,Title_3557,South Korea,2015,2021,TV-MA,Horror Movies
s3558,Movie,Title_3558,Spain,2014,2015,TV-14,Children & Family Movies
s3559,Movie,Title_3559,India,2017,2013,TV-14,Children & Family Movies
s3560,Movie,Title_3560,Japan,2019,2019,TV-MA,Crime TV Shows
s3561,Movie,Title_3561,South Korea,2011,2011,TV-14,Kids TV
s3562,TV Show,Title_3562,United States,2015,2017,PG-13,Comedies
s3563,Movie,Title_3563,Turkey,2017,2020,TV-14,Romantic Movies
s3564,Movie,Title_3564,Mexico,2016,2018,TV-MA,Horror Movies
s3565,Movie,Title_3565,United States,2019,2014,TV-G,Action & Adventure
s3566,Movie,Title_3566,United States,2017,2017,TV-MA,Sci-Fi & Fantasy
s3567,Movie,Title_3567,United States,2014,2021,R,Thrillers
s3568,TV Show,Title_3568,United States,2020,2018,TV-MA,Anime Series
s3569,Movie,Title_3569,South Korea,2015,2019,TV-14,Children & Family Movies
s3570,TV Show,Title_3570,India,2019,2016,TV-14,Kids TV
s3571,TV Show,Title_3571,Spain,2019,2014,TV-14,Anime Series
s3572,Movie,Title_3572,South Korea,2021,2015,TV-14,Kids TV
s3573,Movie,Title_3573,Canada,2017,2018,TV-MA,Horror Movies
s3574,Movie,Title_3574,Japan,2018,2015,TV-14,Anime Series
s3575,Movie,Title_3575,United States,2016,2018,TV-14,Anime Series
s3576,TV Show,Title_3576,United States,2019,2019,TV-MA,Romantic Movies
s3577,Movie,Title_3577,France,2017,2019,TV-Y,Kids TV
s3578,TV Show,Title_3578,United States,2017,2014,PG-13,Comedies
s3579,TV Show,Title_3579,United States,2020,2019,PG,Reality TV
s3580,Movie,Title_3580,Australia,2011,2019,TV-PG,Crime TV Shows
s3581,Movie,Title_3581,Japan,2020,2009,TV-MA,International Movies
s3582,Movie,Title_3582,United States,2020,2011,TV-14,International Movies
s3583,Movie,Title_3583,Japan,2017,2018,PG-13,International Movies
s3584,Movie,Title_3584,Germany,2017,2016,TV-MA,Horror Movies
s3585,Movie,Title_3585,United States,2016,2013,TV-14,Stand-Up Comedy
s3586,Movie,Title_3586,United States,2021,2011,TV-14,Horror Movies
s3587,TV Show,Title_3587,Italy,2013,2013,TV-MA,Horror Movies
s3588,Movie,Title_3588,United States,2018,2021,TV-14,Dramas
s3589,Movie,Title_3589,United States,2019,2019,TV-Y,Romantic Movies
s3590,TV Show,Title_3590,United Kingdom,2021,2018,R,Romantic Movies
s3591,TV Show,Title_3591,Spain,2019,2021,TV-MA,International TV Shows
s3592,TV Show,Title_3592,United States,2018,2018,TV-PG,Sci-Fi & Fantasy
s3593,Movie,Title_3593,United States,2013,2019,TV-MA,Horror Movies
s3594,Movie,Title_3594,United States,2016,2015,TV-PG,Dramas
s3595,Movie,Title_3595,Nigeria,2013,2018,PG,Documentaries
s3596,Movie,Title_3596,United States,2020,2013,TV-14,Sci-Fi & Fantasy
s3597,Movie,Title_3597,Canada,2019,2017,R,Action & Adventure
s3598,TV Show,Title_3598,Italy,2019,2010,TV-14,Stand-Up Comedy
s3599,Movie,Title_3599,United States,2018,2014,TV-14,Documentaries
s3600,Movie,Title_3600,Nigeria,2017,2012,TV-PG,Kids TV
s3601,TV Show,Title_3601,Turkey,2013,2016,PG-13,Horror Movies
s3602,Movie,Title_3602,Brazil,2016,2020,TV-PG,Dramas
s3603,TV Show,Title_3603,United States,2013,2016,G,Stand-Up Comedy
s3604,TV Show,Title_3604,France,2019,2020,PG-13,Thrillers
s3605,Movie,Title_3605,Spain,2014,2018,R,Dramas
s3606,Movie,Title_3606,Nigeria,2019,2017,PG-13,Anime Series
s3607,Movie,Title_3607,United States,2019,2015,TV-MA,International Movies
s3608,TV Show,Title_3608,Spain,2017,2021,TV-14,Action & Adventure
s3609,Movie,Title_3609,United States,2013,2011,TV-14,International TV Shows
s3610,Movie,Title_3610,United States,2016,2019,TV-14,Reality TV
s3611,TV Show,Title_3611,India,2016,2018,PG-13,Sci-Fi & Fantasy
s3612,Movie,Title_3612,Germany,2019,2017,TV-MA,Documentaries
s3613,TV Show,Title_3613,India,2013,2015,TV-MA,Reality TV
s3614,Movie,Title_3614,United Kingdom,2020,2017,PG,Dramas
s3615,TV Show,Title_3615,Nigeria,2019,2020,TV-MA,Romantic Movies
s3616,Movie,Title_3616,India,2014,2020,TV-MA,Children & Family Movies
s3617,Movie,Title_3617,Canada,2019,2021,TV-MA,Anime Series
s3618,Movie,Title_3618,India,2019,2016,R,Action & Adventure
s3619,Movie,Title_3619,India,2019,2016,TV-14,Reality TV
s3620,TV Show,Title_3620,Japan,2014,2009,TV-G,Reality TV
s3621,Movie,Title_3621,Italy,2013,2021,TV-MA,Reality TV
s3622,Movie,Title_3622,United Kingdom,2015,2016,PG,Dramas
s3623,Movie,Title_3623,Spain,2016,2017,TV-MA,Kids TV
s3624,Movie,Title_3624,United States,2020,2020,TV-MA,Thrillers
s3625,Movie,Title_3625,United States,2019,2018,TV-14,Horror Movies
s3626,Movie,Title_3626,United Kingdom,2021,2018,TV-MA,Horror Movies
s3627,Movie,Title_3627,United States,2011,2014,TV-14,Crime TV Shows
s3628,Movie,Title_3628,United States,2009,2017,TV-MA,Action & Adventure
s3629,Movie,Title_3629,United Kingdom,2019,2021,TV-MA,Children & Family Movies
s3630,Movie,Title_3630,United States,2015,2018,PG-13,Romantic Movies
s3631,Movie,Title_3631,United States,2016,2015,TV-14,Dramas
s3632,TV Show,Title_3632,United Kingdom,2018,2010,TV-Y,Romantic Movies
s3633,TV Show,Title_3633,Canada,2012,2016,PG,Anime Series
s3634,Movie,Title_3634,Italy,2018,2018,TV-MA,Horror Movies
s3635,TV Show,Title_3635,France,2016,2011,TV-14,Sci-Fi & Fantasy
s3636,Movie,Title_3636,India,2018,2018,TV-PG,Reality TV
s3637,Movie,Title_3637,Italy,2020,2018,PG-13,Sci-Fi & Fantasy
s3638,Movie,Title_3638,Spain,2014,2019,PG,Dramas
s3639,TV Show,Title_3639,United States,2021,2010,TV-PG,Reality TV
s3640,TV Show,Title_3640,United States,2018,2019,TV-MA,Horror Movies
s3641,Movie,Title_3641,Japan,2021,2018,TV-14,Thrillers
s3642,TV Show,Title_3642,Canada,2014,2016,PG,Romantic Movies
s3643,TV Show,Title_3643,Germany,2018,2021,TV-PG,Crime TV Shows
s3644,Movie,Title_3644,South Korea,2017,2014,PG,Children & Family Movies
s3645,Movie,Title_3645,France,2019,2018,TV-PG,Action & Adventure
s3646,Movie,Title_3646,Nigeria,2018,2016,TV-MA,Horror Movies
s3647,Movie,Title_3647,United Kingdom,2017,2018,TV-G,Kids TV
s3648,TV Show,Title_3648,United States,2021,2018,PG,Thrillers
s3649,Movie,Title_3649,Mexico,2016,2012,TV-MA,Kids TV
s3650,Movie,Title_3650,United States,2014,2019,TV-MA,Thrillers
s3651,Movie,Title_3651,Spain,2018,2018,TV-14,Sci-Fi & Fantasy
s3652,Movie,Title_3652,Turkey,2018,2019,R,Kids TV
s3653,TV Show,Title_3653,Japan,2017,2012,TV-14,Reality TV
s3654,Movie,Title_3654,Canada,2017,2015,TV-MA,Romantic Movies
s3655,Movie,Title_3655,India,2021,2018,TV-14,Sci-Fi & Fantasy
s3656,TV Show,Title_3656,India,2019,2013,TV-MA,Thrillers
s3657,TV Show,Title_3657,United States,2013,2019,TV-MA,Action & Adventure
s3658,Movie,Title_3658,France,2014,2011,TV-PG,Anime Series
s3659,Movie,Title_3659,South Korea,2021,2016,PG,Children & Family Movies
s3660,TV Show,Title_3660,Japan,2019,2020,TV-14,Reality TV
s3661,Movie,Title_3661,United States,2021,2019,TV-PG,International Movies
s3662,Movie,Title_3662,United Kingdom,2016,2018,TV-PG,Sci-Fi & Fantasy
s3663,Movie,Title_3663,Germany,2019,2020,TV-14,International Movies
s3664,TV Show,Title_3664,United Kingdom,2019,2019,TV-MA,Anime Series
s3665,TV Show,Title_3665,United Kingdom,2015,2017,TV-14,Crime TV Shows
s3666,Movie,Title_3666,Spain,2018,2021,TV-MA,Crime TV Shows
s3667,Movie,Title_3667,France,2018,2019,PG,Thrillers
s3668,Movie,Title_3668,India,2017,2018,PG-13,Horror Movies
s3669,Movie,Title_3669,Brazil,2020,2017,TV-14,Comedies
s3670,Movie,Title_3670,United States,2020,2020,PG,Children & Family Movies
s3671,TV Show,Title_3671,Nigeria,2020,2015,PG,Horror Movies
s3672,Movie,Title_3672,United States,2020,2008,NR,International TV Shows
s3673,TV Show,Title_3673,United States,2017,2014,TV-MA,Kids TV
s3674,Movie,Title_3674,Brazil,2016,2012,TV-PG,Horror Movies
s3675,Movie,Title_3675,United States,2020,2016,TV-PG,Comedies
s3676,Movie,Title_3676,South Korea,2017,2020,R,Dramas
s3677,TV Show,Title_3677,Germany,2015,2018,TV-MA,International Movies
s3678,TV Show,Title_3678,Australia,2017,2014,TV-PG,International TV Shows
s3679,Movie,Title_3679,Nigeria,2013,2019,TV-14,Crime TV Shows
s3680,TV Show,Title_3680,United States,2019,2017,PG-13,Stand-Up Comedy
s3681,Movie,Title_3681,Japan,2016,2017,R,Sci-Fi & Fantasy
s3682,Movie,Title_3682,United States,2015,2016,TV-MA,Children & Family Movies
s3683,Movie,Title_3683,India,2021,2020,TV-MA,Dramas
s3684,TV Show,Title_3684,Mexico,2019,2016,TV-PG,Comedies
s3685,TV Show,Title_3685,India,2019,2012,TV-14,Stand-Up Comedy
s3686,Movie,Title_3686,Canada,2018,2016,TV-14,Sci-Fi & Fantasy
s3687,Movie,Title_3687,United Kingdom,2020,2019,R,Children & Family Movies
s3688,Movie,Title_3688,France,2019,2018,PG-13,Documentaries
s3689,TV Show,Title_3689,Nigeria,2018,2014,TV-MA,Comedies
s3690,TV Show,Title_3690,United States,2021,2013,TV-14,Children & Family Movies
s3691,Movie,Title_3691,Canada,2014,2019,PG-13,Documentaries
s3692,Movie,Title_3692,Australia,2021,2019,PG,Dramas
s3693,TV Show,Title_3693,United Kingdom,2017,2016,TV-MA,Documentaries
s3694,TV Show,Title_3694,United States,2018,2020,TV-MA,Comedies
s3695,Movie,Title_3695,Canada,2013,2021,TV-MA,International Movies
s3696,Movie,Title_3696,United States,2018,2014,NR,Anime Series
s3697,Movie,Title_3697,United States,2018,2018,TV-14,Comedies
s3698,TV Show,Title_3698,Australia,2021,2008,TV-14,Romantic Movies
s3699,Movie,Title_3699,United Kingdom,2021,2019,TV-MA,Action & Adventure
s3700,Movie,Title_3700,Italy,2021,2017,TV-MA,Reality TV
s3701,TV Show,Title_3701,Germany,2016,2014,TV-PG,Anime Series
s3702,Movie,Title_3702,Japan,2021,2019,TV-14,Anime Series
s3703,Movie,Title_3703,United States,2017,2020,TV-14,Dramas
s3704,Movie,Title_3704,India,2020,2013,TV-MA,Action & Adventure
s3705,Movie,Title_3705,United States,2014,2011,TV-MA,Horror Movies
s3706,Movie,Title_3706,Italy,2017,2016,PG-13,Dramas
s3707,TV Show,Title_3707,United States,2021,2018,TV-MA,Crime TV Shows
s3708,Movie,Title_3708,United States,2021,2020,PG,Children & Family Movies
s3709,TV Show,Title_3709,United Kingdom,2019,2018,TV-MA,Stand-Up Comedy
s3710,Movie,Title_3710,United States,2020,2018,TV-MA,Horror Movies
s3711,Movie,Title_3711,United States,2014,2020,TV-14,Children & Family Movies
s3712,Movie,Title_3712,Canada,2019,2018,NR,Anime Series
s3713,Movie,Title_3713,United States,2018,2018,TV-MA,Horror Movies
s3714,Movie,Title_3714,United States,2012,2017,TV-PG,Romantic Movies
s3715,Movie,Title_3715,India,2013,2020,TV-14,Anime Series
s3716,TV Show,Title_3716,South Korea,2012,2015,TV-MA,Reality TV
s3717,Movie,Title_3717,United Kingdom,2019,2015,TV-MA,Comedies
s3718,Movie,Title_3718,India,2013,2013,NR,Dramas
s3719,Movie,Title_3719,Canada,2017,2020,TV-MA,International Movies
s3720,Movie,Title_3720,India,2016,2017,TV-PG,Reality TV
s3721,Movie,Title_3721,Italy,2018,2016,TV-G,International TV Shows
s3722,TV Show,Title_3722,United States,2019,2021,TV-MA,Romantic Movies
s3723,Movie,Title_3723,Japan,2019,2021,TV-14,Anime Series
s3724,Movie,Title_3724,Brazil,2017,2021,TV-MA,Dramas
s3725,Movie,Title_3725,Germany,2017,2013,TV-MA,International Movies
s3726,TV Show,Title_3726,United States,2016,2020,TV-MA,Horror Movies
s3727,Movie,Title_3727,United States,2020,2016,TV-PG,Documentaries
s3728,Movie,Title_3728,Japan,2016,2009,R,Action & Adventure
s3729,Movie,Title_3729,United States,2015,2016,TV-PG,International Movies
s3730,Movie,Title_3730,Germany,2019,2017,NR,Comedies
s3731,Movie,Title_3731,South Korea,2016,2012,TV-MA,International TV Shows
s3732,Movie,Title_3732,South Korea,2020,2018,TV-MA,Horror Movies
s3733,Movie,Title_3733,United States,2016,2020,TV-MA,Reality TV
s3734,TV Show,Title_3734,South Korea,2019,2016,TV-MA,Anime Series
s3735,Movie,Title_3735,Japan,2011,2016,TV-MA,Anime Series
s3736,Movie,Title_3736,Mexico,2016,2016,TV-14,Reality TV
s3737,Movie,Title_3737,United States,2016,2021,PG-13,Comedies
s3738,Movie,Title_3738,United States,2020,2011,TV-G,Stand-Up Comedy
s3739,TV Show,Title_3739,India,2021,2017,TV-MA,Kids TV
s3740,Movie,Title_3740,United States,2017,2015,PG-13,Dramas
s3741,Movie,Title_3741,Canada,2020,2020,PG-13,Kids TV
s3742,Movie,Title_3742,Italy,2019,2012,TV-14,International TV Shows
s3743,TV Show,Title_3743,India,2021,2017,TV-MA,Documentaries
s3744,Movie,Title_3744,Mexico,2020,2017,TV-Y7,International Movies
s3745,TV Show,Title_3745,United States,2012,2020,TV-PG,Action & Adventure
s3746,TV Show,Title_3746,United States,2019,2014,TV-Y,International Movies
s3747,TV Show,Title_3747,United States,2018,2018,TV-14,Comedies
s3748,Movie,Title_3748,United States,2009,2013,TV-14,Documentaries
s3749,TV Show,Title_3749,Brazil,2015,2021,TV-MA,International Movies
s3750,TV Show,Title_3750,United States,2021,2018,TV-Y,Horror Movies
s3751,Movie,Title_3751,Canada,2021,2018,TV-MA,Stand-Up Comedy
s3752,Movie,Title_3752,India,2020,2017,TV-MA,Documentaries
s3753,Movie,Title_3753,Italy,2021,2016,TV-14,Crime TV Shows
s3754,Movie,Title_3754,United States,2020,2014,TV-14,Dramas
s3755,Movie,Title_3755,United States,2009,2018,TV-MA,Documentaries
s3756,Movie,Title_3756,United States,2015,2021,TV-PG,Action & Adventure
s3757,Movie,Title_3757,India,2010,2016,TV-14,International TV Shows
s3758,Movie,Title_3758,United States,2012,2020,TV-14,Reality TV
s3759,Movie,Title_3759,Australia,2014,2013,TV-MA,Anime Series
s3760,Movie,Title_3760,Canada,2017,2021,TV-14,Horror Movies
s3761,Movie,Title_3761,Canada,2020,2016,TV-MA,International Movies
s3762,Movie,Title_3762,United Kingdom,2020,2016,TV-MA,Children & Family Movies
s3763,Movie,Title_3763,United States,2018,2017,TV-PG,International Movies
s3764,TV Show,Title_3764,India,2021,2019,TV-MA,Anime Series
s3765,Movie,Title_3765,Nigeria,2017,2019,TV-MA,Anime Series
s3766,TV Show,Title_3766,Mexico,2020,2017,TV-14,Crime TV Shows
s3767,Movie,Title_3767,Brazil,2017,2018,TV-MA,Kids TV
s3768,Movie,Title_3768,Mexico,2015,2010,TV-MA,Comedies
s3769,TV Show,Title_3769,United States,2021,2016,TV-PG,Reality TV
s3770,TV Show,Title_3770,United States,2016,2016,R,Comedies
s3771,Movie,Title_3771,United States,2017,2018,R,Romantic Movies
s3772,TV Show,Title_3772,United States,2016,2018,TV-14,Sci-Fi & Fantasy
s3773,Movie,Title_3773,United States,2019,2019,TV-14,Stand-Up Comedy
s3774,Movie,Title_3774,India,2021,2019,R,International Movies
s3775,Movie,Title_3775,Japan,2010,2015,TV-MA,Dramas
s3776,Movie,Title_3776,Australia,2020,2019,TV-MA,Thrillers
s3777,TV Show,Title_3777,South Korea,2008,2009,TV-PG,Thrillers
s3778,TV Show,Title_3778,Italy,2016,2019,TV-14,Crime TV Shows
s3779,Movie,Title_3779,United States,2014,2012,TV-PG,Sci-Fi & Fantasy
s3780,Movie,Title_3780,United States,2019,2019,TV-MA,International TV Shows
s3781,TV Show,Title_3781,France,2011,2018,TV-MA,Dramas
s3782,TV Show,Title_3782,United States,2018,2017,PG,Documentaries
s3783,Movie,Title_3783,United States,2015,2019,TV-14,Horror Movies
s3784,Movie,Title_3784,United States,2013,2010,TV-14,Romantic Movies
s3785,TV Show,Title_3785,United States,2019,2015,TV-MA,Crime TV Shows
s3786,Movie,Title_3786,United Kingdom,2014,2018,TV-MA,Romantic Movies
s3787,Movie,Title_3787,India,2015,2020,TV-MA,Documentaries
s3788,Movie,Title_3788,United Kingdom,2015,2016,TV-14,Kids TV
s3789,Movie,Title_3789,Japan,2018,2015,TV-Y,Children & Family Movies
s3790,Movie,Title_3790,India,2018,2017,PG,Thrillers
s3791,TV Show,Title_3791,United States,2009,2018,TV-PG,Crime TV Shows
s3792,Movie,Title_3792,United States,2015,2017,PG-13,Romantic Movies
s3793,Movie,Title_3793,United States,2017,2020,TV-14,Sci-Fi & Fantasy
s3794,Movie,Title_3794,South Korea,2016,2018,TV-14,Action & Adventure
s3795,Movie,Title_3795,South Korea,2020,2010,TV-MA,Anime Series
s3796,Movie,Title_3796,Japan,2019,2015,TV-PG,Kids TV
s3797,Movie,Title_3797,United States,2018,2017,TV-MA,International Movies
s3798,Movie,Title_3798,Canada,2016,2019,TV-14,Romantic Movies
s3799,Movie,Title_3799,Canada,2019,2014,PG-13,Anime Series
s3800,TV Show,Title_3800,United Kingdom,2020,2021,TV-MA,Documentaries
s3801,Movie,Title_3801,United Kingdom,2018,2016,TV-MA,Kids TV
s3802,Movie,Title_3802,United Kingdom,2019,2018,TV-MA,Kids TV
s3803,Movie,Title_3803,Canada,2019,2009,TV-14,Reality TV
s3804,TV Show,Title_3804,Japan,2018,2020,TV-MA,Reality TV
s3805,Movie,Title_3805,United States,2016,2019,TV-14,Romantic Movies
s3806,TV Show,Title_3806,South Korea,2019,2014,TV-MA,Anime Series
s3807,Movie,Title_3807,United States,2014,2021,TV-14,Horror Movies
s3808,TV Show,Title_3808,United States,2019,2016,TV-MA,Anime Series
s3809,Movie,Title_3809,Nigeria,2020,2019,TV-Y,Comedies
s3810,Movie,Title_3810,Turkey,2020,2020,TV-14,Comedies
s3811,TV Show,Title_3811,United States,2017,2019,R,Anime Series
s3812,Movie,Title_3812,India,2014,2021,TV-PG,Kids TV
s3813,Movie,Title_3813,United States,2012,2020,TV-14,Crime TV Shows
s3814,TV Show,Title_3814,United Kingdom,2019,2021,TV-MA,Sci-Fi & Fantasy
s3815,Movie,Title_3815,Mexico,2020,2014,TV-14,Children & Family Movies
s3816,Movie,Title_3816,Turkey,2018,2016,TV-PG,Reality TV
s3817,Movie,Title_3817,France,2013,2018,TV-14,Romantic Movies
s3818,Movie,Title_3818,India,2021,2019,TV-MA,International Movies
s3819,TV Show,Title_3819,Canada,2021,2018,TV-MA,Stand-Up Comedy
s3820,TV Show,Title_3820,United States,2017,2012,TV-MA,International TV Shows
s3821,Movie,Title_3821,Italy,2018,2020,TV-MA,Children & Family Movies
s3822,Movie,Title_3822,Australia,2019,2021,PG,Stand-Up Comedy
s3823,TV Show,Title_3823,Canada,2019,2017,TV-MA,Romantic Movies
s3824,Movie,Title_3824,United States,2021,2015,TV-14,Sci-Fi & Fantasy
s3825,TV Show,Title_3825,United States,2013,2009,TV-PG,Thrillers
s3826,Movie,Title_3826,United States,2018,2015,PG-13,Documentaries
s3827,Movie,Title_3827,Germany,2019,2019,TV-14,Crime TV Shows
s3828,Movie,Title_3828,India,2020,2021,TV-MA,Action & Adventure
s3829,TV Show,Title_3829,United States,2020,2012,TV-MA,Sci-Fi & Fantasy
s3830,Movie,Title_3830,India,2021,2018,TV-14,Reality TV
s3831,TV Show,Title_3831,Mexico,2017,2019,TV-14,Stand-Up Comedy
s3832,TV Show,Title_3832,United States,2020,2015,TV-MA,Reality TV
s3833,Movie,Title_3833,Australia,2017,2018,TV-MA,International Movies
s3834,Movie,Title_3834,Brazil,2017,2019,PG,International TV Shows
s3835,Movie,Title_3835,Turkey,2015,2020,TV-MA,Thrillers
s3836,Movie,Title_3836,India,2020,2017,TV-14,Reality TV
s3837,TV Show,Title_3837,United States,2021,2019,TV-Y,Kids TV
s3838,TV Show,Title_3838,India,2015,2016,TV-PG,Sci-Fi & Fantasy
s3839,TV Show,Title_3839,United States,2011,2014,TV-MA,Reality TV
s3840,Movie,Title_3840,United States,2020,2014,TV-MA,Romantic Movies
s3841,Movie,Title_3841,Canada,2018,2016,TV-G,Thrillers
s3842,Movie,Title_3842,United Kingdom,2021,2010,TV-MA,Documentaries
s3843,TV Show,Title_3843,Australia,2015,2015,TV-PG,International Movies
s3844,Movie,Title_3844,United States,2012,2018,PG,Documentaries
s3845,Movie,Title_3845,France,2017,2018,TV-MA,Sci-Fi & Fantasy
s3846,TV Show,Title_3846,Spain,2012,2012,R,International TV Shows
s3847,Movie,Title_3847,Spain,2015,2015,TV-Y7,Comedies
s3848,Movie,Title_3848,Brazil,2013,2018,TV-PG,Children & Family Movies
s3849,TV Show,Title_3849,South Korea,2015,2016,TV-14,Children & Family Movies
s3850,TV Show,Title_3850,Italy,2012,2017,PG,Stand-Up Comedy
s3851,Movie,Title_3851,United States,2021,2019,TV-14,Crime TV Shows
s3852,Movie,Title_3852,United Kingdom,2015,2008,R,Kids TV
s3853,Movie,Title_3853,United States,2017,2015,TV-14,Sci-Fi & Fantasy
s3854,TV Show,Title_3854,United States,2020,2013,TV-MA,Reality TV
s3855,Movie,Title_3855,United States,2019,2013,TV-MA,Romantic Movies
s3856,Movie,Title_3856,United States,2018,2021,TV-MA,Crime TV Shows
s3857,Movie,Title_3857,United States,2019,2016,TV-MA,Reality TV
s3858,Movie,Title_3858,United States,2020,2018,TV-MA,Horror Movies
s3859,TV Show,Title_3859,United States,2020,2019,TV-14,Dramas
s3860,TV Show,Title_3860,Italy,2018,2011,TV-MA,Action & Adventure
s3861,Movie,Title_3861,United States,2020,2015,PG-13,Thrillers
s3862,Movie,Title_3862,South Korea,2018,2020,R,Children & Family Movies
s3863,Movie,Title_3863,United States,2015,2020,TV-14,Crime TV Shows
s3864,Movie,Title_3864,Italy,2020,2016,TV-14,Documentaries
s3865,TV Show,Title_3865,Brazil,2018,2016,TV-MA,Thrillers
s3866,TV Show,Title_3866,France,2020,2019,TV-14,Dramas
s3867,Movie,Title_3867,Japan,2011,2015,TV-PG,Reality TV
s3868,TV Show,Title_3868,United States,2016,2013,R,Crime TV Shows
s3869,Movie,Title_3869,Nigeria,2021,2015,TV-MA,Documentaries
s3870,TV Show,Title_3870,Australia,2015,2016,TV-PG,International Movies
s3871,Movie,Title_3871,Brazil,2021,2011,R,International TV Shows
s3872,Movie,Title_3872,France,2021,2017,TV-14,Reality TV
s3873,Movie,Title_3873,United States,2020,2019,TV-MA,Crime TV Shows
s3874,Movie,Title_3874,Brazil,2018,2017,TV-14,Sci-Fi & Fantasy
s3875,Movie,Title_3875,United States,2018,2012,TV-14,Sci-Fi & Fantasy
s3876,Movie,Title_3876,Canada,2020,2017,TV-14,International Movies
s3877,TV Show,Title_3877,United States,2019,2019,TV-14,Dramas
s3878,Movie,Title_3878,Italy,2018,2011,TV-MA,Romantic Movies
s3879,Movie,Title_3879,United States,2021,2011,TV-MA,Sci-Fi & Fantasy
s3880,Movie,Title_3880,United States,2019,2016,TV-MA,Horror Movies
s3881,Movie,Title_3881,Canada,2021,2014,TV-MA,Action & Adventure
s3882,Movie,Title_3882,Spain,2011,2021,TV-MA,Action & Adventure
s3883,Movie,Title_3883,France,2013,2018,TV-MA,Horror Movies
s3884,TV Show,Title_3884,United States,2017,2015,TV-MA,Documentaries
s3885,Movie,Title_3885,United States,2016,2019,R,Action & Adventure
s3886,Movie,Title_3886,South Korea,2019,2016,PG-13,Children & Family Movies
s3887,Movie,Title_3887,Nigeria,2014,2013,TV-MA,Anime Series
s3888,TV Show,Title_3888,Germany,2021,2015,TV-MA,Sci-Fi & Fantasy
s3889,TV Show,Title_3889,India,2016,2018,PG-13,Anime Series
s3890,Movie,Title_3890,Brazil,2017,2011,TV-PG,Documentaries
s3891,TV Show,Title_3891,India,2015,2015,TV-MA,Stand-Up Comedy
s3892,Movie,Title_3892,United Kingdom,2018,2014,TV-PG,Comedies
s3893,TV Show,Title_3893,United Kingdom,2011,2014,TV-MA,Reality TV
s3894,Movie,Title_3894,India,2013,2019,TV-14,Stand-Up Comedy
s3895,Movie,Title_3895,Spain,2019,2020,TV-Y7,International TV Shows
s3896,Movie,Title_3896,United Kingdom,2014,2019,TV-MA,Sci-Fi & Fantasy
s3897,TV Show,Title_3897,United States,2015,2018,NR,Crime TV Shows
s3898,TV Show,Title_3898,United States,2020,2021,TV-MA,Thrillers
s3899,TV Show,Title_3899,United States,2012,2011,TV-14,Reality TV
s3900,Movie,Title_3900,Canada,2017,2014,TV-14,Anime Series
s3901,Movie,Title_3901,United States,2010,2017,R,Horror Movies
s3902,TV Show,Title_3902,United States,2016,2016,TV-MA,Thrillers
s3903,Movie,Title_3903,France,2019,2017,TV-PG,Action & Adventure
s3904,TV Show,Title_3904,Japan,2012,2014,R,International Movies
s3905,Movie,Title_3905,South Korea,2020,2013,TV-14,Crime TV Shows
s3906,Movie,Title_3906,United Kingdom,2020,2017,TV-MA,Comedies
s3907,Movie,Title_3907,Brazil,2012,2021,TV-MA,Children & Family Movies
s3908,Movie,Title_3908,Italy,2021,2016,TV-PG,Romantic Movies
s3909,TV Show,Title_3909,Germany,2015,2011,PG,Documentaries
s3910,Movie,Title_3910,France,2012,2019,TV-14,Children & Family Movies
s3911,Movie,Title_3911,United States,2008,2015,TV-14,Children & Family Movies
s3912,TV Show,Title_3912,Nigeria,2017,2015,TV-MA,Thrillers
s3913,TV Show,Title_3913,United States,2018,2016,TV-14,International TV Shows
s3914,Movie,Title_3914,United States,2016,2019,TV-MA,International Movies
s3915,TV Show,Title_3915,India,2020,2020,TV-PG,Documentaries
s3916,Movie,Title_3916,United States,2019,2018,TV-Y,International TV Shows
s3917,Movie,Title_3917,Nigeria,2016,2016,PG-13,Crime TV Shows
s3918,Movie,Title_3918,Canada,2019,2016,TV-MA,International TV Shows
s3919,Movie,Title_3919,Canada,2021,2013,TV-14,Romantic Movies
s3920,Movie,Title_3920,France,2012,2021,TV-MA,Thrillers
s3921,Movie,Title_3921,United Kingdom,2016,2018,TV-MA,Stand-Up Comedy
s3922,Movie,Title_3922,United States,2017,2010,TV-MA,Dramas
s3923,TV Show,Title_3923,Canada,2017,2019,TV-MA,Kids TV
s3924,Movie,Title_3924,Japan,2018,2017,TV-PG,Kids TV
s3925,Movie,Title_3925,India,2016,2021,TV-14,Kids TV
s3926,Movie,Title_3926,South Korea,2019,2020,NR,Romantic Movies
s3927,Movie,Title_3927,United States,2018,2014,TV-MA,Children & Family Movies
s3928,Movie,Title_3928,United States,2018,2019,TV-14,International TV Shows
s3929,TV Show,Title_3929,United States,2013,2017,TV-MA,Reality TV
s3930,Movie,Title_3930,India,2017,2014,TV-MA,Sci-Fi & Fantasy
s3931,Movie,Title_3931,Mexico,2016,2019,TV-Y7,Documentaries
s3932,Movie,Title_3932,Mexico,2017,2018,TV-14,Reality TV
s3933,Movie,Title_3933,India,2021,2010,NR,Sci-Fi & Fantasy
s3934,TV Show,Title_3934,Canada,2017,2018,TV-14,Reality TV
s3935,Movie,Title_3935,South Korea,2009,2018,TV-MA,Children & Family Movies
s3936,TV Show,Title_3936,United States,2017,2013,TV-MA,International TV Shows
s3937,Movie,Title_3937,United States,2020,2016,PG-13,Comedies
s3938,Movie,Title_3938,Nigeria,2019,2018,TV-MA,Action & Adventure
s3939,TV Show,Title_3939,France,2017,2013,TV-G,International Movies
s3940,Movie,Title_3940,Nigeria,2015,2020,TV-14,Kids TV
s3941,Movie,Title_3941,United States,2017,2010,TV-MA,Thrillers
s3942,Movie,Title_3942,Japan,2018,2012,TV-PG,Documentaries
s3943,Movie,Title_3943,United States,2021,2013,TV-MA,International TV Shows
s3944,TV Show,Title_3944,United States,2018,2018,TV-MA,Dramas
s3945,Movie,Title_3945,United Kingdom,2019,2018,PG-13,International TV Shows
s3946,Movie,Title_3946,United States,2017,2017,TV-14,Dramas
s3947,Movie,Title_3947,United States,2016,2015,TV-14,Stand-Up Comedy
s3948,Movie,Title_3948,United States,2020,2020,TV-MA,International TV Shows
s3949,Movie,Title_3949,United States,2017,2011,TV-MA,Sci-Fi & Fantasy
s3950,TV Show,Title_3950,Japan,2021,2015,TV-14,Stand-Up Comedy
s3951,Movie,Title_3951,United Kingdom,2017,2010,TV-14,Thrillers
s3952,Movie,Title_3952,United States,2011,2009,R,Crime TV Shows
s3953,Movie,Title_3953,United States,2019,2016,TV-14,Horror Movies
s3954,Movie,Title_3954,United States,2011,2014,R,Dramas
s3955,TV Show,Title_3955,Canada,2015,2015,TV-MA,International TV Shows
s3956,Movie,Title_3956,United States,2016,2020,TV-MA,Romantic Movies
s3957,Movie,Title_3957,South Korea,2019,2014,TV-MA,International TV Shows
s3958,Movie,Title_3958,United States,2017,2019,R,Stand-Up Comedy
s3959,TV Show,Title_3959,United States,2010,2019,R,International Movies
s3960,Movie,Title_3960,Brazil,2018,2016,TV-MA,Stand-Up Comedy
s3961,Movie,Title_3961,South Korea,2017,2018,TV-MA,Comedies
s3962,Movie,Title_3962,United States,2021,2017,TV-PG,Thrillers
s3963,Movie,Title_3963,Mexico,2017,2013,PG-13,Children & Family Movies
s3964,TV Show,Title_3964,United Kingdom,2019,2020,R,Comedies
s3965,Movie,Title_3965,Mexico,2014,2018,TV-MA,Reality TV
s3966,Movie,Title_3966,Canada,2019,2020,TV-14,International Movies
s3967,Movie,Title_3967,Japan,2019,2020,R,International TV Shows
s3968,Movie,Title_3968,Nigeria,2020,2012,TV-MA,Dramas
s3969,Movie,Title_3969,United States,2010,2014,TV-14,Reality TV
s3970,Movie,Title_3970,France,2017,2013,TV-MA,Documentaries
s3971,Movie,Title_3971,India,2019,2020,TV-MA,Dramas
s3972,Movie,Title_3972,United States,2012,2020,TV-G,Dramas
s3973,Movie,Title_3973,United States,2017,2018,PG,Documentaries
s3974,Movie,Title_3974,United States,2021,2012,TV-14,Sci-Fi & Fantasy
s3975,Movie,Title_3975,France,2017,2013,TV-MA,Comedies
s3976,Movie,Title_3976,Canada,2021,2020,R,Romantic Movies
s3977,Movie,Title_3977,United Kingdom,2011,2021,TV-MA,Comedies
s3978,TV Show,Title_3978,United States,2019,2014,TV-MA,Crime TV Shows
s3979,Movie,Title_3979,India,2018,2009,TV-14,Children & Family Movies
s3980,TV Show,Title_3980,Italy,2017,2016,TV-14,International TV Shows
s3981,Movie,Title_3981,India,2021,2010,TV-MA,Comedies
s3982,Movie,Title_3982,France,2013,2020,TV-14,International Movies
s3983,Movie,Title_3983,Spain,2020,2017,TV-MA,Comedies
s3984,TV Show,Title_3984,Spain,2019,2018,PG,International TV Shows
s3985,Movie,Title_3985,United Kingdom,2015,2017,NR,Crime TV Shows
s3986,Movie,Title_3986,Australia,2020,2016,R,Action & Adventure
s3987,Movie,Title_3987,India,2017,2015,TV-14,Horror Movies
s3988,Movie,Title_3988,Brazil,2020,2019,TV-MA,Sci-Fi & Fantasy
s3989,TV Show,Title_3989,United States,2016,2019,R,International TV Shows
s3990,TV Show,Title_3990,United States,2020,2016,NR,Kids TV
s3991,Movie,Title_3991,United States,2018,2016,TV-MA,International Movies
s3992,Movie,Title_3992,Germany,2013,2008,TV-14,Reality TV
s3993,Movie,Title_3993,India,2018,2011,TV-MA,Thrillers
s3994,TV Show,Title_3994,United States,2014,2018,TV-MA,Documentaries
s3995,Movie,Title_3995,United States,2017,2017,TV-14,Thrillers
s3996,Movie,Title_3996,Brazil,2014,2017,TV-G,Documentaries
s3997,TV Show,Title_3997,Mexico,2010,2020,TV-MA,Thrillers
s3998,Movie,Title_3998,United Kingdom,2014,2017,TV-14,Kids TV
s3999,Movie,Title_3999,Canada,2018,2016,TV-G,Action & Adventure
s4000,TV Show,Title_4000,India,2017,2014,TV-14,Stand-Up Comedy
s4001,Movie,Title_4001,India,2017,2020,PG-13,Kids TV
s4002,Movie,Title_4002,Italy,2015,2018,TV-MA,Horror Movies
s4003,Movie,Title_4003,United States,2019,2012,TV-G,Romantic Movies
s4004,TV Show,Title_4004,India,2019,2018,TV-MA,Children & Family Movies
s4005,TV Show,Title_4005,United States,2016,2017,G,Sci-Fi & Fantasy
s4006,Movie,Title_4006,United Kingdom,2020,2020,TV-MA,Reality TV
s4007,Movie,Title_4007,India,2018,2021,TV-14,Reality TV
s4008,Movie,Title_4008,United Kingdom,2019,2018,TV-MA,Reality TV
s4009,TV Show,Title_4009,United States,2015,2019,TV-14,Crime TV Shows
s4010,Movie,Title_4010,United Kingdom,2008,2011,TV-MA,Kids TV
s4011,TV Show,Title_4011,United States,2020,2018,TV-G,Dramas
s4012,Movie,Title_4012,United States,2020,2019,TV-MA,Documentaries
s4013,Movie,Title_4013,United States,2013,2017,TV-PG,Children & Family Movies
s4014,Movie,Title_4014,Spain,2016,2018,TV-MA,International TV Shows
s4015,TV Show,Title_4015,India,2019,2020,PG-13,Documentaries
s4016,Movie,Title_4016,France,2018,2014,TV-14,Documentaries
s4017,TV Show,Title_4017,South Korea,2020,2012,G,Kids TV
s4018,TV Show,Title_4018,Japan,2013,2019,TV-14,Documentaries
s4019,Movie,Title_4019,India,2017,2020,TV-MA,Documentaries
s4020,Movie,Title_4020,India,2012,2020,TV-MA,Anime Series
s4021,Movie,Title_4021,India,2016,2018,R,Crime TV Shows
s4022,Movie,Title_4022,France,2009,2020,TV-PG,Documentaries
s4023,Movie,Title_4023,United Kingdom,2020,2019,R,Dramas
s4024,Movie,Title_4024,Australia,2018,2012,TV-MA,Kids TV
s4025,Movie,Title_4025,Australia,2020,2019,TV-14,Thrillers
s4026,Movie,Title_4026,United States,2011,2014,NR,Crime TV Shows
s4027,Movie,Title_4027,United States,2015,2015,TV-MA,Crime TV Shows
s4028,Movie,Title_4028,France,2015,2016,TV-MA,Kids TV
s4029,Movie,Title_4029,United States,2016,2016,TV-PG,Anime Series
s4030,Movie,Title_4030,United States,2020,2016,TV-MA,Thrillers
s4031,TV Show,Title_4031,Brazil,2016,2014,TV-PG,Stand-Up Comedy
s4032,Movie,Title_4032,United States,2014,2015,TV-14,Reality TV
s4033,Movie,Title_4033,Italy,2011,2009,TV-Y,Documentaries
s4034,TV Show,Title_4034,South Korea,2012,2017,PG,International Movies
s4035,TV Show,Title_4035,Spain,2019,2019,TV-PG,Sci-Fi & Fantasy
s4036,Movie,Title_4036,United States,2017,2020,TV-MA,Anime Series
s4037,Movie,Title_4037,United States,2019,2020,TV-MA,Children & Family Movies
s4038,Movie,Title_4038,United Kingdom,2019,2017,PG,Reality TV
s4039,Movie,Title_4039,United States,2013,2019,TV-14,Dramas
s4040,Movie,Title_4040,United States,2013,2015,R,Documentaries
s4041,Movie,Title_4041,United States,2019,2011,TV-14,Kids TV
s4042,Movie,Title_4042,United States,2019,2019,TV-MA,Documentaries
s4043,Movie,Title_4043,United States,2016,2018,TV-MA,Kids TV
s4044,Movie,Title_4044,Germany,2012,2020,TV-MA,Comedies
s4045,Movie,Title_4045,United States,2009,2018,R,International Movies
s4046,Movie,Title_4046,United States,2015,2013,TV-PG,Crime TV Shows
s4047,Movie,Title_4047,France,2008,2020,TV-MA,Action & Adventure
s4048,Movie,Title_4048,Nigeria,2015,2018,TV-PG,Children & Family Movies
s4049,TV Show,Title_4049,United States,2017,2020,PG,Romantic Movies
s4050,Movie,Title_4050,United States,2013,2019,TV-PG,Comedies
s4051,Movie,Title_4051,Canada,2012,2015,TV-14,Anime Series
s4052,Movie,Title_4052,Brazil,2020,2012,TV-MA,Reality TV
s4053,TV Show,Title_4053,Spain,2018,2014,PG,International TV Shows
s4054,Movie,Title_4054,France,2021,2012,TV-14,Thrillers
s4055,Movie,Title_4055,United States,2016,2015,PG-13,Children & Family Movies
s4056,Movie,Title_4056,United Kingdom,2019,2017,R,Anime Series
s4057,TV Show,Title_4057,United States,2014,2020,PG-13,Sci-Fi & Fantasy
s4058,TV Show,Title_4058,Japan,2018,2020,TV-Y,International TV Shows
s4059,Movie,Title_4059,South Korea,2013,2019,R,International Movies
s4060,TV Show,Title_4060,Turkey,2008,2010,TV-MA,Comedies
s4061,TV Show,Title_4061,United States,2021,2016,TV-MA,Sci-Fi & Fantasy
s4062,Movie,Title_4062,United States,2018,2019,TV-MA,Horror Movies
s4063,Movie,Title_4063,United Kingdom,2021,2013,TV-MA,Dramas
s4064,Movie,Title_4064,Japan,2016,2020,TV-MA,Stand-Up Comedy
s4065,Movie,Title_4065,Germany,2016,2021,TV-14,Dramas
s4066,TV Show,Title_4066,United States,2017,2016,TV-MA,Comedies
s4067,Movie,Title_4067,United States,2019,2019,TV-14,Thrillers
s4068,Movie,Title_4068,United Kingdom,2018,2013,PG,Crime TV Shows
s4069,Movie,Title_4069,United States,2021,2019,R,Stand-Up Comedy
s4070,TV Show,Title_4070,Australia,2010,2010,NR,Children & Family Movies
s4071,Movie,Title_4071,India,2019,2013,TV-MA,Comedies
s4072,Movie,Title_4072,Germany,2016,2019,TV-14,Kids TV
s4073,Movie,Title_4073,Canada,2014,2019,TV-MA,Thrillers
s4074,TV Show,Title_4074,Spain,2017,2018,TV-14,Dramas
s4075,Movie,Title_4075,United States,2017,2017,TV-14,Stand-Up Comedy
s4076,Movie,Title_4076,Mexico,2013,2019,TV-MA,Horror Movies
s4077,Movie,Title_4077,United States,2014,2019,TV-MA,Horror Movies
s4078,Movie,Title_4078,United Kingdom,2017,2021,TV-PG,Sci-Fi & Fantasy
s4079,Movie,Title_4079,United States,2017,2020,R,Reality TV
s4080,TV Show,Title_4080,United Kingdom,2016,2020,TV-14,Action & Adventure
s4081,TV Show,Title_4081,United States,2013,2019,TV-MA,Action & Adventure
s4082,Movie,Title_4082,United States,2008,2018,TV-14,Children & Family Movies
s4083,Movie,Title_4083,Turkey,2021,2013,TV-MA,Children & Family Movies
s4084,Movie,Title_4084,United States,2021,2014,TV-G,Sci-Fi & Fantasy
s4085,TV Show,Title_4085,Spain,2017,2020,PG-13,Crime TV Shows
s4086,TV Show,Title_4086,Nigeria,2021,2020,TV-MA,Thrillers
s4087,Movie,Title_4087,United States,2019,2018,TV-MA,Children & Family Movies
s4088,TV Show,Title_4088,Japan,2011,2017,TV-14,Reality TV
s4089,Movie,Title_4089,United States,2013,2010,TV-MA,Dramas
s4090,Movie,Title_4090,United States,2021,2016,NR,Horror Movies
s4091,TV Show,Title_4091,India,2018,2017,R,Reality TV
s4092,TV Show,Title_4092,Italy,2020,2017,TV-MA,Anime Series
s4093,TV Show,Title_4093,United States,2020,2021,TV-MA,Thrillers
s4094,Movie,Title_4094,Canada,2017,2012,R,Stand-Up Comedy
s4095,Movie,Title_4095,United Kingdom,2011,2017,TV-14,International TV Shows
s4096,Movie,Title_4096,Australia,2014,2016,TV-PG,Anime Series
s4097,Movie,Title_4097,United States,2011,2021,TV-MA,Documentaries
s4098,TV Show,Title_4098,Japan,2014,2020,TV-MA,Kids TV
s4099,Movie,Title_4099,Japan,2017,2017,TV-PG,Children & Family Movies
s4100,Movie,Title_4100,Japan,2013,2021,TV-14,Comedies
s4101,Movie,Title_4101,Turkey,2014,2017,TV-MA,Romantic Movies
s4102,Movie,Title_4102,Mexico,2017,2014,TV-MA,Dramas
s4103,TV Show,Title_4103,United States,2016,2018,TV-14,Children & Family Movies
s4104,TV Show,Title_4104,India,2017,2015,R,Documentaries
s4105,TV Show,Title_4105,India,2017,2018,TV-MA,Dramas
s4106,Movie,Title_4106,United States,2018,2021,R,Horror Movies
s4107,Movie,Title_4107,India,2021,2019,TV-MA,Horror Movies
s4108,Movie,Title_4108,India,2012,2015,TV-MA,Thrillers
s4109,TV Show,Title_4109,India,2012,2015,R,Crime TV Shows
s4110,Movie,Title_4110,Nigeria,2020,2011,TV-PG,Horror Movies
s4111,TV Show,Title_4111,United States,2017,2015,TV-MA,Children & Family Movies
s4112,Movie,Title_4112,Italy,2019,2012,TV-MA,Sci-Fi & Fantasy
s4113,Movie,Title_4113,United Kingdom,2014,2017,TV-MA,Stand-Up Comedy
s4114,TV Show,Title_4114,France,2020,2019,PG-13,Crime TV Shows
s4115,Movie,Title_4115,Mexico,2021,2019,TV-MA,International Movies
s4116,Movie,Title_4116,India,2018,2011,TV-MA,International Movies
s4117,TV Show,Title_4117,India,2012,2016,TV-MA,Action & Adventure
s4118,Movie,Title_4118,India,2020,2015,TV-14,Dramas
s4119,Movie,Title_4119,India,2020,2012,R,Stand-Up Comedy
s4120,Movie,Title_4120,Italy,2019,2016,TV-MA,Documentaries
s4121,Movie,Title_4121,Mexico,2010,2015,TV-14,Kids TV
s4122,Movie,Title_4122,United States,2020,2018,TV-MA,Sci-Fi & Fantasy
s4123,TV Show,Title_4123,United States,2013,2020,TV-14,Reality TV
s4124,Movie,Title_4124,India,2015,2017,TV-MA,Children & Family Movies
s4125,Movie,Title_4125,United States,2018,2019,TV-MA,International TV Shows
s4126,TV Show,Title_4126,France,2015,2013,TV-14,Kids TV
s4127,TV Show,Title_4127,United States,2019,2020,R,International Movies
s4128,Movie,Title_4128,United Kingdom,2018,2013,R,Documentaries
s4129,TV Show,Title_4129,United States,2012,2014,TV-14,Sci-Fi & Fantasy
s4130,Movie,Title_4130,United States,2018,2012,TV-MA,Horror Movies
s4131,TV Show,Title_4131,Japan,2021,2016,TV-MA,Horror Movies
s4132,Movie,Title_4132,United Kingdom,2014,2018,TV-14,International Movies
s4133,TV Show,Title_4133,Nigeria,2018,2021,PG-13,Reality TV
s4134,Movie,Title_4134,Australia,2016,2020,TV-G,Crime TV Shows
s4135,TV Show,Title_4135,India,2017,2016,TV-PG,International Movies
s4136,Movie,Title_4136,United States,2015,2018,TV-MA,Sci-Fi & Fantasy
s4137,TV Show,Title_4137,Mexico,2016,2018,TV-PG,Sci-Fi & Fantasy
s4138,TV Show,Title_4138,Italy,2010,2020,TV-MA,Documentaries
s4139,Movie,Title_4139,Mexico,2021,2019,TV-PG,Comedies
s4140,Movie,Title_4140,United States,2018,2018,TV-MA,Anime Series
s4141,Movie,Title_4141,Nigeria,2017,2019,TV-MA,Dramas
s4142,Movie,Title_4142,United States,2016,2019,TV-MA,Crime TV Shows
s4143,Movie,Title_4143,South Korea,2018,2013,TV-14,Anime Series
s4144,TV Show,Title_4144,Brazil,2016,2014,TV-PG,International TV Shows
s4145,Movie,Title_4145,United States,2016,2019,R,Dramas
s4146,Movie,Title_4146,Brazil,2017,2020,PG-13,Documentaries
s4147,Movie,Title_4147,United States,2015,2017,TV-Y7,Comedies
s4148,Movie,Title_4148,Nigeria,2014,2021,TV-MA,Sci-Fi & Fantasy
s4149,TV Show,Title_4149,United States,2018,2014,TV-14,Horror Movies
s4150,Movie,Title_4150,Turkey,2020,2017,TV-14,Anime Series
s4151,Movie,Title_4151,United States,2013,2016,PG-13,Kids TV
s4152,Movie,Title_4152,Japan,2010,2021,TV-MA,Comedies
s4153,Movie,Title_4153,United Kingdom,2015,2015,TV-MA,Comedies
s4154,Movie,Title_4154,United Kingdom,2021,2017,TV-MA,Sci-Fi & Fantasy
s4155,Movie,Title_4155,United States,2020,2014,TV-Y,Comedies
s4156,Movie,Title_4156,Japan,2018,2018,PG,Reality TV
s4157,Movie,Title_4157,United States,2021,2020,TV-14,Dramas
s4158,Movie,Title_4158,United Kingdom,2017,2016,PG,Comedies
s4159,Movie,Title_4159,United States,2021,2020,TV-MA,Sci-Fi & Fantasy
s4160,TV Show,Title_4160,Turkey,2015,2021,TV-MA,Documentaries
s4161,Movie,Title_4161,United States,2015,2012,R,Stand-Up Comedy
s4162,Movie,Title_4162,United States,2018,2019,TV-MA,Children & Family Movies
s4163,TV Show,Title_4163,United States,2016,2015,TV-MA,Sci-Fi & Fantasy
s4164,Movie,Title_4164,India,2018,2014,PG-13,Kids TV
s4165,Movie,Title_4165,United States,2016,2018,TV-PG,Anime Series
s4166,TV Show,Title_4166,United Kingdom,2018,2019,TV-Y,Anime Series
s4167,TV Show,Title_4167,Australia,2015,2016,TV-MA,Crime TV Shows
s4168,Movie,Title_4168,Japan,2011,2010,TV-MA,Action & Adventure
s4169,Movie,Title_4169,Canada,2021,2020,TV-MA,Action & Adventure
s4170,Movie,Title_4170,United States,2020,2019,PG,International TV Shows
s4171,TV Show,Title_4171,Japan,2021,2015,TV-MA,Kids TV
s4172,TV Show,Title_4172,United States,2019,2017,TV-MA,Action & Adventure
s4173,Movie,Title_4173,Spain,2019,2010,TV-MA,Stand-Up Comedy
s4174,TV Show,Title_4174,United States,2018,2016,R,Stand-Up Comedy
s4175,Movie,Title_4175,India,2013,2018,TV-MA,International Movies
s4176,Movie,Title_4176,United States,2014,2017,TV-MA,International TV Shows
s4177,Movie,Title_4177,Australia,2015,2014,TV-14,Children & Family Movies
s4178,TV Show,Title_4178,United States,2020,2019,TV-14,Kids TV
s4179,Movie,Title_4179,Canada,2014,2015,TV-MA,Crime TV Shows
s4180,TV Show,Title_4180,United States,2021,2018,TV-MA,Reality TV
s4181,TV Show,Title_4181,Japan,2018,2015,PG,Kids TV
s4182,Movie,Title_4182,Brazil,2019,2017,TV-MA,Documentaries
s4183,Movie,Title_4183,India,2013,2014,TV-MA,International Movies
s4184,Movie,Title_4184,United Kingdom,2015,2018,TV-MA,Anime Series
s4185,TV Show,Title_4185,Italy,2021,2017,TV-G,Comedies
s4186,Movie,Title_4186,United Kingdom,2015,2009,TV-MA,Crime TV Shows
s4187,TV Show,Title_4187,United Kingdom,2015,2010,PG-13,Children & Family Movies
s4188,TV Show,Title_4188,Canada,2014,2017,PG,Sci-Fi & Fantasy
s4189,Movie,Title_4189,Japan,2013,2014,TV-14,Thrillers
s4190,TV Show,Title_4190,United States,2015,2018,TV-MA,Thrillers
s4191,TV Show,Title_4191,Mexico,2018,2017,TV-PG,Kids TV
s4192,Movie,Title_4192,India,2017,2018,TV-PG,Sci-Fi & Fantasy
s4193,Movie,Title_4193,United States,2018,2021,R,Children & Family Movies
s4194,Movie,Title_4194,Spain,2013,2018,PG-13,Thrillers
s4195,Movie,Title_4195,India,2020,2019,TV-MA,Crime TV Shows
s4196,Movie,Title_4196,United States,2019,2019,TV-PG,International Movies
s4197,Movie,Title_4197,France,2010,2021,TV-MA,Stand-Up Comedy
s4198,Movie,Title_4198,Brazil,2016,2014,TV-14,Children & Family Movies
s4199,Movie,Title_4199,Brazil,2011,2020,TV-PG,Thrillers
s4200,Movie,Title_4200,Turkey,2020,2020,TV-MA,Sci-Fi & Fantasy
s4201,TV Show,Title_4201,Australia,2019,2016,TV-MA,Documentaries
s4202,Movie,Title_4202,United States,2020,2016,TV-MA,Crime TV Shows
s4203,TV Show,Title_4203,India,2015,2021,TV-14,Thrillers
s4204,TV Show,Title_4204,Mexico,2017,2018,PG,Reality TV
s4205,Movie,Title_4205,India,2014,2016,TV-14,Comedies
s4206,Movie,Title_4206,Canada,2016,2020,R,International Movies
s4207,TV Show,Title_4207,Canada,2018,2016,TV-MA,Horror Movies
s4208,Movie,Title_4208,India,2011,2014,TV-MA,Dramas
s4209,Movie,Title_4209,Brazil,2019,2018,TV-MA,International Movies
s4210,Movie,Title_4210,United Kingdom,2018,2018,TV-MA,Crime TV Shows
s4211,Movie,Title_4211,India,2020,2020,TV-14,Romantic Movies
s4212,TV Show,Title_4212,Nigeria,2015,2017,PG,Romantic Movies
s4213,Movie,Title_4213,United Kingdom,2020,2020,TV-14,Dramas
s4214,Movie,Title_4214,United States,2021,2016,TV-14,Stand-Up Comedy
s4215,TV Show,Title_4215,United Kingdom,2021,2018,TV-MA,Action & Adventure
s4216,Movie,Title_4216,Germany,2019,2014,TV-MA,Thrillers
s4217,Movie,Title_4217,Spain,2020,2016,TV-MA,Crime TV Shows
s4218,Movie,Title_4218,Germany,2018,2020,TV-PG,Documentaries
s4219,TV Show,Title_4219,Japan,2014,2014,TV-14,Stand-Up Comedy
s4220,Movie,Title_4220,United States,2019,2020,TV-MA,Romantic Movies
s4221,Movie,Title_4221,Australia,2019,2015,TV-14,Children & Family Movies
s4222,TV Show,Title_4222,Brazil,2021,2010,TV-14,Dramas
s4223,Movie,Title_4223,United States,2018,2012,TV-MA,Stand-Up Comedy
s4224,Movie,Title_4224,United States,2015,2019,TV-PG,Sci-Fi & Fantasy
s4225,TV Show,Title_4225,Nigeria,2019,2015,R,Action & Adventure
s4226,Movie,Title_4226,Australia,2021,2018,TV-MA,Children & Family Movies
s4227,Movie,Title_4227,Brazil,2014,2019,TV-PG,Comedies
s4228,Movie,Title_4228,Brazil,2016,2016,TV-MA,International TV Shows
s4229,TV Show,Title_4229,United Kingdom,2018,2017,R,International Movies
s4230,Movie,Title_4230,France,2014,2017,PG,Dramas
s4231,Movie,Title_4231,United Kingdom,2010,2021,TV-14,Romantic Movies
s4232,Movie,Title_4232,United States,2016,2016,TV-MA,Documentaries
s4233,Movie,Title_4233,South Korea,2020,2014,TV-14,International TV Shows
s4234,TV Show,Title_4234,United Kingdom,2011,2016,TV-MA,Sci-Fi & Fantasy
s4235,Movie,Title_4235,France,2017,2019,TV-MA,Crime TV Shows
s4236,Movie,Title_4236,United Kingdom,2019,2019,TV-PG,Reality TV
s4237,Movie,Title_4237,United Kingdom,2021,2021,TV-MA,Comedies
s4238,Movie,Title_4238,United States,2021,2020,TV-MA,Crime TV Shows
s4239,Movie,Title_4239,United States,2017,2015,R,Comedies
s4240,Movie,Title_4240,United States,2021,2017,TV-PG,Stand-Up Comedy
s4241,Movie,Title_4241,United States,2010,2019,TV-MA,Dramas
s4242,Movie,Title_4242,Nigeria,2019,2021,TV-PG,Anime Series
s4243,Movie,Title_4243,United States,2018,2016,NR,International Movies
s4244,TV Show,Title_4244,United States,2015,2017,TV-MA,Dramas
s4245,Movie,Title_4245,Canada,2017,2020,TV-14,Children & Family Movies
s4246,Movie,Title_4246,Canada,2013,2016,R,Action & Adventure
s4247,Movie,Title_4247,United States,2020,2017,TV-PG,Comedies
s4248,Movie,Title_4248,Germany,2016,2020,TV-MA,Comedies
s4249,Movie,Title_4249,Spain,2018,2020,TV-MA,Romantic Movies
s4250,Movie,Title_4250,United States,2013,2015,R,Crime TV Shows
s4251,Movie,Title_4251,United States,2014,2016,TV-G,Comedies
s4252,Movie,Title_4252,Italy,2021,2016,R,International Movies
s4253,Movie,Title_4253,Mexico,2019,2021,TV-G,Documentaries
s4254,TV Show,Title_4254,Japan,2021,2021,TV-PG,Dramas
s4255,Movie,Title_4255,United States,2015,2019,NR,Documentaries
s4256,Movie,Title_4256,India,2014,2017,TV-PG,Romantic Movies
s4257,Movie,Title_4257,Canada,2017,2009,PG,Reality TV
s4258,TV Show,Title_4258,United States,2017,2019,TV-MA,Sci-Fi & Fantasy
s4259,Movie,Title_4259,India,2014,2016,PG-13,Stand-Up Comedy
s4260,Movie,Title_4260,Canada,2019,2018,TV-MA,Children & Family Movies
s4261,Movie,Title_4261,United States,2016,2018,TV-MA,International TV Shows
s4262,Movie,Title_4262,Spain,2014,2017,TV-14,Reality TV
s4263,TV Show,Title_4263,Mexico,2016,2021,TV-MA,Reality TV
s4264,Movie,Title_4264,United States,2018,2010,TV-MA,Sci-Fi & Fantasy
s4265,Movie,Title_4265,Mexico,2019,2019,TV-Y,Crime TV Shows
s4266,Movie,Title_4266,United States,2017,2017,TV-PG,International TV Shows
s4267,Movie,Title_4267,Mexico,2018,2019,PG,Comedies
s4268,TV Show,Title_4268,United States,2013,2019,TV-Y7,Anime Series
s4269,Movie,Title_4269,United States,2021,2009,TV-14,Kids TV
s4270,Movie,Title_4270,France,2021,2015,TV-MA,Horror Movies
s4271,Movie,Title_4271,India,2019,2014,TV-MA,Crime TV Shows
s4272,Movie,Title_4272,Brazil,2009,2014,TV-14,Romantic Movies
s4273,Movie,Title_4273,India,2018,2019,TV-PG,Sci-Fi & Fantasy
s4274,TV Show,Title_4274,United States,2018,2015,TV-14,Anime Series
s4275,Movie,Title_4275,United Kingdom,2021,2017,TV-14,Children & Family Movies
s4276,TV Show,Title_4276,India,2021,2015,TV-MA,Dramas
s4277,Movie,Title_4277,United States,2020,2018,TV-14,Thrillers
s4278,Movie,Title_4278,Japan,2011,2019,TV-MA,Action & Adventure
s4279,TV Show,Title_4279,Spain,2021,2016,PG-13,Thrillers
s4280,Movie,Title_4280,Australia,2018,2018,TV-MA,Reality TV
s4281,TV Show,Title_4281,Nigeria,2020,2020,TV-14,Sci-Fi & Fantasy
s4282,Movie,Title_4282,United States,2017,2012,TV-MA,International TV Shows
s4283,TV Show,Title_4283,Japan,2016,2019,R,Comedies
s4284,Movie,Title_4284,India,2017,2016,TV-MA,Documentaries
s4285,TV Show,Title_4285,Japan,2013,2013,TV-MA,Comedies
s4286,Movie,Title_4286,United Kingdom,2016,2018,TV-14,Children & Family Movies
s4287,TV Show,Title_4287,Nigeria,2020,2015,PG,International TV Shows
s4288,Movie,Title_4288,South Korea,2010,2020,PG,Documentaries
s4289,Movie,Title_4289,Turkey,2013,2011,TV-MA,Action & Adventure
s4290,Movie,Title_4290,Mexico,2013,2012,TV-PG,International TV Shows
s4291,TV Show,Title_4291,Brazil,2017,2018,TV-MA,Romantic Movies
s4292,Movie,Title_4292,Germany,2021,2018,TV-MA,Children & Family Movies
s4293,Movie,Title_4293,India,2014,2019,TV-14,Children & Family Movies
s4294,Movie,Title_4294,United States,2013,2015,TV-MA,Sci-Fi & Fantasy
s4295,Movie,Title_4295,India,2021,2020,R,Romantic Movies
s4296,Movie,Title_4296,United States,2020,2021,NR,Horror Movies
s4297,Movie,Title_4297,United Kingdom,2010,2017,TV-MA,International TV Shows
s4298,Movie,Title_4298,United Kingdom,2019,2019,TV-MA,Comedies
s4299,TV Show,Title_4299,United Kingdom,2018,2018,TV-14,Crime TV Shows
s4300,Movie,Title_4300,Nigeria,2019,2011,TV-14,Crime TV Shows
s4301,TV Show,Title_4301,Italy,2017,2016,PG,Romantic Movies
s4302,TV Show,Title_4302,United States,2021,2012,PG,Sci-Fi & Fantasy
s4303,Movie,Title_4303,India,2011,2021,TV-PG,Stand-Up Comedy
s4304,Movie,Title_4304,India,2015,2015,TV-MA,Children & Family Movies
s4305,Movie,Title_4305,India,2016,2018,R,Horror Movies
s4306,TV Show,Title_4306,Germany,2017,2015,TV-MA,International Movies
s4307,TV Show,Title_4307,United Kingdom,2021,2018,TV-G,Thrillers
s4308,Movie,Title_4308,Canada,2018,2014,TV-MA,Documentaries
s4309,Movie,Title_4309,Australia,2011,2019,TV-14,Comedies
s4310,TV Show,Title_4310,Germany,2017,2013,TV-MA,Children & Family Movies
s4311,TV Show,Title_4311,United States,2017,2020,TV-14,International TV Shows
s4312,Movie,Title_4312,Japan,2021,2020,TV-PG,Documentaries
s4313,Movie,Title_4313,India,2018,2019,TV-PG,Thrillers
s4314,Movie,Title_4314,United States,2018,2011,R,Action & Adventure
s4315,Movie,Title_4315,United States,2019,2014,TV-14,Children & Family Movies
s4316,Movie,Title_4316,United Kingdom,2019,2020,TV-MA,Anime Series
s4317,Movie,Title_4317,India,2018,2013,PG,Anime Series
s4318,Movie,Title_4318,United States,2015,2013,PG-13,Children & Family Movies
s4319,TV Show,Title_4319,Japan,2020,2018,TV-MA,Documentaries
s4320,Movie,Title_4320,Spain,2019,2015,PG-13,International TV Shows
s4321,Movie,Title_4321,United States,2019,2015,G,Children & Family Movies
s4322,TV Show,Title_4322,United States,2021,2018,TV-PG,Children & Family Movies
s4323,Movie,Title_4323,Australia,2020,2016,TV-MA,Romantic Movies
s4324,TV Show,Title_4324,United States,2020,2013,TV-PG,Anime Series
s4325,TV Show,Title_4325,Italy,2021,2018,TV-MA,Stand-Up Comedy
s4326,Movie,Title_4326,France,2013,2016,TV-PG,Reality TV
s4327,Movie,Title_4327,United States,2017,2019,TV-14,Crime TV Shows
s4328,Movie,Title_4328,United States,2018,2012,NR,Dramas
s4329,TV Show,Title_4329,United States,2016,2018,TV-PG,Action & Adventure
s4330,TV Show,Title_4330,United States,2020,2017,TV-MA,Crime TV Shows
s4331,Movie,Title_4331,United States,2019,2017,R,Dramas
s4332,Movie,Title_4332,Canada,2019,2015,TV-MA,Comedies
s4333,Movie,Title_4333,United States,2021,2010,TV-MA,Stand-Up Comedy
s4334,TV Show,Title_4334,United Kingdom,2015,2020,TV-14,Anime Series
s4335,Movie,Title_4335,Canada,2019,2016,TV-MA,Kids TV
s4336,Movie,Title_4336,United States,2018,2019,TV-G,Children & Family Movies
s4337,TV Show,Title_4337,United States,2016,2021,TV-14,Comedies
s4338,TV Show,Title_4338,United States,2014,2018,R,Action & Adventure
s4339,Movie,Title_4339,United States,2020,2016,TV-MA,International Movies
s4340,Movie,Title_4340,South Korea,2018,2015,R,International Movies
s4341,Movie,Title_4341,United States,2020,2021,TV-14,Documentaries
s4342,Movie,Title_4342,Germany,2018,2019,TV-14,Anime Series
s4343,Movie,Title_4343,India,2014,2019,G,International Movies
s4344,TV Show,Title_4344,India,2016,2017,TV-14,Sci-Fi & Fantasy
s4345,TV Show,Title_4345,United Kingdom,2016,2020,TV-PG,Crime TV Shows
s4346,Movie,Title_4346,Japan,2021,2019,TV-MA,Children & Family Movies
s4347,Movie,Title_4347,United States,2008,2015,TV-MA,Dramas
s4348,Movie,Title_4348,United States,2021,2018,PG,Horror Movies
s4349,Movie,Title_4349,Canada,2021,2017,R,International TV Shows
s4350,TV Show,Title_4350,United States,2021,2008,TV-14,Romantic Movies
s4351,Movie,Title_4351,India,2017,2020,PG,Dramas
s4352,TV Show,Title_4352,France,2021,2013,TV-14,Crime TV Shows
s4353,TV Show,Title_4353,United Kingdom,2016,2017,TV-14,Dramas
s4354,TV Show,Title_4354,France,2010,2016,TV-14,Reality TV
s4355,Movie,Title_4355,United Kingdom,2015,2016,TV-PG,Sci-Fi & Fantasy
s4356,Movie,Title_4356,South Korea,2021,2017,TV-MA,Horror Movies
s4357,Movie,Title_4357,Japan,2009,2021,TV-14,Children & Family Movies
s4358,Movie,Title_4358,United Kingdom,2018,2017,TV-G,Reality TV
s4359,Movie,Title_4359,Japan,2012,2014,TV-MA,International TV Shows
s4360,Movie,Title_4360,Australia,2015,2018,TV-MA,Romantic Movies
s4361,TV Show,Title_4361,India,2012,2015,TV-MA,Kids TV
s4362,Movie,Title_4362,India,2020,2012,TV-MA,Action & Adventure
s4363,TV Show,Title_4363,Spain,2018,2011,TV-14,Comedies
s4364,TV Show,Title_4364,Canada,2020,2010,TV-MA,Kids TV
s4365,Movie,Title_4365,United States,2019,2017,TV-14,Documentaries
s4366,Movie,Title_4366,Brazil,2021,2017,TV-14,International Movies
s4367,Movie,Title_4367,United States,2017,2014,R,Thrillers
s4368,Movie,Title_4368,South Korea,2018,2019,G,Thrillers
s4369,Movie,Title_4369,Spain,2018,2013,TV-PG,Sci-Fi & Fantasy
s4370,Movie,Title_4370,Turkey,2017,2021,TV-MA,Kids TV
s4371,Movie,Title_4371,United States,2020,2018,TV-MA,Dramas
s4372,TV Show,Title_4372,Canada,2018,2010,R,Kids TV
s4373,Movie,Title_4373,India,2020,2021,TV-PG,Romantic Movies
s4374,Movie,Title_4374,United States,2019,2016,TV-MA,Horror Movies
s4375,TV Show,Title_4375,United States,2014,2017,TV-MA,Dramas
s4376,Movie,Title_4376,Canada,2018,2015,R,Thrillers
s4377,Movie,Title_4377,United Kingdom,2014,2019,TV-14,Children & Family Movies
s4378,Movie,Title_4378,United States,2018,2017,TV-14,Stand-Up Comedy
s4379,TV Show,Title_4379,Canada,2019,2013,TV-MA,Sci-Fi & Fantasy
s4380,Movie,Title_4380,South Korea,2021,2012,TV-PG,International Movies
s4381,Movie,Title_4381,Spain,2010,2019,R,Crime TV Shows
s4382,TV Show,Title_4382,Brazil,2012,2015,PG,Stand-Up Comedy
s4383,Movie,Title_4383,India,2012,2013,R,Crime TV Shows
s4384,Movie,Title_4384,Turkey,2016,2017,TV-14,Romantic Movies
s4385,Movie,Title_4385,Australia,2020,2020,TV-PG,Reality TV
s4386,Movie,Title_4386,United States,2020,2015,TV-14,International TV Shows
s4387,Movie,Title_4387,United States,2019,2015,TV-MA,International Movies
s4388,Movie,Title_4388,India,2020,2020,PG,International Movies
s4389,Movie,Title_4389,India,2016,2013,TV-14,Horror Movies
s4390,Movie,Title_4390,Canada,2012,2018,TV-14,Children & Family Movies
s4391,Movie,Title_4391,Canada,2011,2021,TV-Y7,Stand-Up Comedy
s4392,Movie,Title_4392,South Korea,2020,2020,TV-Y,Sci-Fi & Fantasy
s4393,TV Show,Title_4393,United Kingdom,2019,2011,TV-14,Dramas
s4394,TV Show,Title_4394,United States,2019,2016,TV-MA,Romantic Movies
s4395,TV Show,Title_4395,Australia,2016,2013,TV-14,Thrillers
s4396,Movie,Title_4396,United States,2016,2021,NR,Dramas
s4397,Movie,Title_4397,Nigeria,2021,2021,TV-MA,Documentaries
s4398,Movie,Title_4398,United States,2011,2015,TV-Y7,International Movies
s4399,TV Show,Title_4399,Turkey,2019,2019,TV-MA,International TV Shows
s4400,Movie,Title_4400,United States,2016,2020,TV-14,Horror Movies
s4401,TV Show,Title_4401,United States,2010,2015,TV-14,Comedies
s4402,TV Show,Title_4402,United States,2019,2014,TV-MA,Sci-Fi & Fantasy
s4403,TV Show,Title_4403,Japan,2016,2009,NR,Romantic Movies
s4404,Movie,Title_4404,Australia,2019,2017,TV-PG,Children & Family Movies
s4405,Movie,Title_4405,India,2019,2020,TV-MA,International TV Shows
s4406,TV Show,Title_4406,Italy,2018,2020,TV-14,International Movies
s4407,Movie,Title_4407,Canada,2019,2013,R,Romantic Movies
s4408,TV Show,Title_4408,France,2018,2014,TV-MA,Action & Adventure
s4409,Movie,Title_4409,Mexico,2015,2017,PG,Romantic Movies
s4410,Movie,Title_4410,United States,2019,2019,TV-MA,Comedies
s4411,Movie,Title_4411,India,2018,2018,TV-MA,Dramas
s4412,TV Show,Title_4412,Brazil,2009,2017,TV-MA,Romantic Movies
s4413,Movie,Title_4413,Brazil,2020,2018,TV-MA,Thrillers
s4414,TV Show,Title_4414,Nigeria,2018,2012,TV-MA,Documentaries
s4415,Movie,Title_4415,Brazil,2020,2017,TV-Y7,Thrillers
s4416,Movie,Title_4416,United States,2020,2021,TV-MA,Reality TV
s4417,Movie,Title_4417,Mexico,2017,2012,TV-MA,Dramas
s4418,TV Show,Title_4418,India,2017,2017,TV-MA,Crime TV Shows
s4419,Movie,Title_4419,Nigeria,2017,2015,TV-PG,Sci-Fi & Fantasy
s4420,Movie,Title_4420,India,2017,2018,R,Stand-Up Comedy
s4421,TV Show,Title_4421,United Kingdom,2020,2018,R,Action & Adventure
s4422,TV Show,Title_4422,United Kingdom,2019,2018,TV-MA,Children & Family Movies
s4423,TV Show,Title_4423,United States,2013,2020,TV-PG,Stand-Up Comedy
s4424,Movie,Title_4424,United States,2018,2016,TV-PG,Comedies
s4425,Movie,Title_4425,Brazil,2021,2017,TV-14,Reality TV
s4426,Movie,Title_4426,Germany,2018,2009,TV-14,Action & Adventure
s4427,TV Show,Title_4427,United States,2019,2019,R,Horror Movies
s4428,TV Show,Title_4428,Spain,2019,2015,TV-MA,International TV Shows
s4429,TV Show,Title_4429,France,2016,2020,TV-MA,Kids TV
s4430,Movie,Title_4430,India,2016,2015,TV-MA,Horror Movies
s4431,Movie,Title_4431,United States,2019,2009,TV-14,Sci-Fi & Fantasy
s4432,Movie,Title_4432,Australia,2017,2013,TV-MA,Children & Family Movies
s4433,Movie,Title_4433,Japan,2018,2021,TV-PG,Comedies
s4434,Movie,Title_4434,United Kingdom,2019,2016,PG,Reality TV
s4435,Movie,Title_4435,Canada,2019,2012,TV-14,Crime TV Shows
s4436,Movie,Title_4436,United States,2015,2013,TV-14,Action & Adventure
s4437,Movie,Title_4437,India,2013,2016,R,Children & Family Movies
s4438,TV Show,Title_4438,United States,2015,2010,R,Anime Series
s4439,TV Show,Title_4439,United States,2017,2017,TV-14,Thrillers
s4440,TV Show,Title_4440,France,2016,2014,TV-PG,Thrillers
s4441,Movie,Title_4441,Italy,2018,2017,R,Crime TV Shows
s4442,Movie,Title_4442,India,2011,2013,TV-MA,Action & Adventure
s4443,Movie,Title_4443,United States,2017,2017,TV-14,Romantic Movies
s4444,Movie,Title_4444,France,2016,2018,TV-MA,Sci-Fi & Fantasy
s4445,TV Show,Title_4445,Australia,2018,2011,TV-Y,Stand-Up Comedy
s4446,Movie,Title_4446,South Korea,2017,2016,TV-MA,Horror Movies
s4447,Movie,Title_4447,Australia,2015,2016,TV-MA,Romantic Movies
s4448,Movie,Title_4448,United Kingdom,2020,2015,TV-14,Children & Family Movies
s4449,TV Show,Title_4449,South Korea,2014,2018,PG-13,Stand-Up Comedy
s4450,Movie,Title_4450,United States,2019,2018,TV-MA,Romantic Movies
s4451,TV Show,Title_4451,United States,2021,2018,R,International Movies
s4452,Movie,Title_4452,India,2018,2013,TV-PG,Action & Adventure
s4453,TV Show,Title_4453,United Kingdom,2020,2015,TV-PG,Comedies
s4454,Movie,Title_4454,Italy,2013,2014,PG-13,Thrillers
s4455,TV Show,Title_4455,Australia,2017,2018,TV-MA,International Movies
s4456,Movie,Title_4456,United States,2017,2017,NR,Children & Family Movies
s4457,Movie,Title_4457,United States,2008,2016,PG-13,Stand-Up Comedy
s4458,TV Show,Title_4458,India,2017,2019,NR,Action & Adventure
s4459,Movie,Title_4459,United States,2016,2012,R,Stand-Up Comedy
s4460,TV Show,Title_4460,Canada,2019,2021,PG,Stand-Up Comedy
s4461,Movie,Title_4461,Brazil,2021,2013,TV-MA,Comedies
s4462,Movie,Title_4462,Turkey,2012,2019,TV-MA,Dramas
s4463,Movie,Title_4463,France,2016,2016,TV-MA,Crime TV Shows
s4464,TV Show,Title_4464,Mexico,2017,2020,TV-MA,Comedies
s4465,Movie,Title_4465,United Kingdom,2017,2012,R,Sci-Fi & Fantasy
s4466,Movie,Title_4466,United States,2019,2016,TV-MA,Romantic Movies
s4467,TV Show,Title_4467,United Kingdom,2017,2016,TV-MA,International TV Shows
s4468,Movie,Title_4468,United Kingdom,2010,2021,R,Kids TV
s4469,Movie,Title_4469,South Korea,2019,2021,PG,Reality TV
s4470,Movie,Title_4470,United States,2020,2014,R,International TV Shows
s4471,Movie,Title_4471,India,2017,2018,PG-13,Anime Series
s4472,Movie,Title_4472,India,2018,2018,TV-14,Dramas
s4473,TV Show,Title_4473,Turkey,2014,2013,PG,Kids TV
s4474,Movie,Title_4474,India,2015,2014,TV-14,Reality TV
s4475,Movie,Title_4475,South Korea,2015,2021,TV-Y,International Movies
s4476,Movie,Title_4476,South Korea,2017,2017,TV-MA,Stand-Up Comedy
s4477,Movie,Title_4477,United States,2021,2013,PG-13,Action & Adventure
s4478,Movie,Title_4478,Canada,2018,2014,TV-PG,Reality TV
s4479,TV Show,Title_4479,Brazil,2014,2015,TV-14,Anime Series
s4480,Movie,Title_4480,United Kingdom,2015,2017,R,Horror Movies
s4481,Movie,Title_4481,Turkey,2016,2016,PG-13,Children & Family Movies
s4482,Movie,Title_4482,United States,2018,2017,PG-13,Comedies
s4483,Movie,Title_4483,United States,2017,2014,TV-MA,Reality TV
s4484,Movie,Title_4484,Brazil,2016,2016,TV-MA,Dramas
s4485,Movie,Title_4485,Mexico,2018,2012,TV-MA,International TV Shows
s4486,Movie,Title_4486,Nigeria,2015,2020,TV-MA,Anime Series
s4487,Movie,Title_4487,Japan,2012,2014,TV-MA,Dramas
s4488,Movie,Title_4488,Italy,2010,2019,R,Reality TV
s4489,Movie,Title_4489,Mexico,2015,2016,TV-14,Dramas
s4490,Movie,Title_4490,Mexico,2012,2017,R,Romantic Movies
s4491,Movie,Title_4491,Canada,2016,2015,TV-14,Comedies
s4492,Movie,Title_4492,India,2019,2019,TV-14,Sci-Fi & Fantasy
s4493,Movie,Title_4493,Italy,2019,2020,TV-MA,Documentaries
s4494,Movie,Title_4494,India,2018,2015,R,Stand-Up Comedy
s4495,Movie,Title_4495,United Kingdom,2020,2015,R,Stand-Up Comedy
s4496,TV Show,Title_4496,India,2015,2019,TV-MA,International Movies
s4497,TV Show,Title_4497,Canada,2020,2014,TV-MA,Horror Movies
s4498,TV Show,Title_4498,India,2016,2018,TV-MA,Horror Movies
s4499,Movie,Title_4499,United States,2017,2012,PG-13,Children & Family Movies
s4500,TV Show,Title_4500,Brazil,2017,2018,R,Sci-Fi & Fantasy
s4501,TV Show,Title_4501,India,2012,2017,TV-PG,Kids TV
s4502,Movie,Title_4502,Canada,2021,2013,TV-MA,Romantic Movies
s4503,TV Show,Title_4503,United States,2013,2018,TV-MA,Documentaries
s4504,Movie,Title_4504,United States,2016,2017,TV-MA,Documentaries
s4505,Movie,Title_4505,United States,2016,2014,TV-MA,Stand-Up Comedy
s4506,TV Show,Title_4506,Japan,2012,2016,TV-MA,International TV Shows
s4507,TV Show,Title_4507,United States,2013,2017,TV-MA,Stand-Up Comedy
s4508,Movie,Title_4508,Brazil,2011,2012,TV-14,Documentaries
s4509,Movie,Title_4509,United States,2015,2021,TV-MA,Thrillers
s4510,TV Show,Title_4510,United States,2020,2019,TV-14,Thrillers
s4511,Movie,Title_4511,United States,2016,2012,TV-14,Thrillers
s4512,Movie,Title_4512,United States,2013,2020,TV-PG,Documentaries
s4513,Movie,Title_4513,Spain,2018,2016,TV-PG,Horror Movies
s4514,Movie,Title_4514,Australia,2021,2018,TV-MA,Reality TV
s4515,Movie,Title_4515,Canada,2015,2015,PG-13,Dramas
s4516,Movie,Title_4516,United States,2015,2019,PG,International TV Shows
s4517,TV Show,Title_4517,United States,2021,2019,TV-MA,Romantic Movies
s4518,Movie,Title_4518,United Kingdom,2014,2018,TV-MA,Comedies
s4519,Movie,Title_4519,Turkey,2017,2015,PG,Children & Family Movies
s4520,Movie,Title_4520,United States,2015,2015,NR,Anime Series
s4521,Movie,Title_4521,South Korea,2021,2016,TV-MA,Horror Movies
s4522,Movie,Title_4522,India,2021,2013,TV-MA,International Movies
s4523,Movie,Title_4523,United States,2020,2016,PG-13,Anime Series
s4524,Movie,Title_4524,India,2016,2019,TV-MA,Crime TV Shows
s4525,Movie,Title_4525,United States,2017,2020,PG,Anime Series
s4526,TV Show,Title_4526,Germany,2015,2016,TV-MA,Reality TV
s4527,Movie,Title_4527,United States,2020,2015,PG-13,Action & Adventure
s4528,TV Show,Title_4528,South Korea,2021,2020,TV-MA,Stand-Up Comedy
s4529,Movie,Title_4529,United States,2017,2020,TV-MA,Documentaries
s4530,Movie,Title_4530,Turkey,2018,2017,G,Kids TV
s4531,TV Show,Title_4531,United States,2014,2010,TV-MA,Crime TV Shows
s4532,Movie,Title_4532,Brazil,2017,2019,TV-MA,Stand-Up Comedy
s4533,Movie,Title_4533,Germany,2018,2019,PG-13,Kids TV
s4534,Movie,Title_4534,Turkey,2016,2009,TV-MA,Crime TV Shows
s4535,Movie,Title_4535,United Kingdom,2016,2018,TV-MA,International Movies
s4536,Movie,Title_4536,South Korea,2008,2018,TV-MA,Kids TV
s4537,Movie,Title_4537,India,2020,2016,TV-PG,Stand-Up Comedy
s4538,TV Show,Title_4538,United States,2020,2019,TV-PG,Sci-Fi & Fantasy
s4539,Movie,Title_4539,India,2021,2017,PG,Thrillers
s4540,Movie,Title_4540,United States,2019,2019,TV-14,Documentaries
s4541,Movie,Title_4541,Nigeria,2018,2017,TV-14,Anime Series
s4542,Movie,Title_4542,United States,2015,2015,TV-MA,International Movies
s4543,TV Show,Title_4543,Canada,2021,2018,PG-13,Children & Family Movies
s4544,Movie,Title_4544,France,2018,2019,R,Dramas
s4545,Movie,Title_4545,United Kingdom,2019,2021,PG,Reality TV
s4546,Movie,Title_4546,France,2019,2016,TV-G,Thrillers
s4547,TV Show,Title_4547,United States,2020,2011,TV-MA,Comedies
s4548,Movie,Title_4548,United Kingdom,2008,2021,TV-14,Thrillers
s4549,TV Show,Title_4549,United States,2015,2018,TV-PG,Dramas
s4550,Movie,Title_4550,Turkey,2019,2021,TV-MA,Dramas
s4551,Movie,Title_4551,Spain,2020,2012,TV-MA,International Movies
s4552,Movie,Title_4552,Nigeria,2019,2016,PG-13,Romantic Movies
s4553,Movie,Title_4553,United States,2017,2013,TV-14,International TV Shows
s4554,Movie,Title_4554,United States,2016,2020,TV-14,Children & Family Movies
s4555,Movie,Title_4555,United States,2019,2020,TV-14,Kids TV
s4556,Movie,Title_4556,United States,2019,2017,R,Reality TV
s4557,Movie,Title_4557,United States,2018,2014,TV-MA,Kids TV
s4558,TV Show,Title_4558,Japan,2015,2013,TV-PG,Action & Adventure
s4559,Movie,Title_4559,United States,2021,2018,TV-14,Action & Adventure
s4560,TV Show,Title_4560,United Kingdom,2018,2017,PG,Action & Adventure
s4561,TV Show,Title_4561,Brazil,2020,2019,TV-14,Documentaries
s4562,Movie,Title_4562,Japan,2014,2016,NR,International TV Shows
s4563,TV Show,Title_4563,India,2016,2017,TV-MA,International Movies
s4564,TV Show,Title_4564,India,2020,2010,TV-G,Crime TV Shows
s4565,Movie,Title_4565,India,2011,2018,PG,Children & Family Movies
s4566,Movie,Title_4566,United States,2017,2017,TV-14,Comedies
s4567,Movie,Title_4567,France,2017,2021,TV-MA,Crime TV Shows
s4568,TV Show,Title_4568,India,2019,2018,TV-14,Comedies
s4569,Movie,Title_4569,Australia,2015,2016,R,Crime TV Shows
s4570,Movie,Title_4570,South Korea,2014,2015,TV-14,Anime Series
s4571,Movie,Title_4571,Canada,2021,2020,TV-14,International TV Shows
s4572,TV Show,Title_4572,India,2018,2009,TV-PG,International Movies
s4573,Movie,Title_4573,United States,2012,2016,R,Thrillers
s4574,Movie,Title_4574,Spain,2014,2021,TV-MA,Action & Adventure
s4575,TV Show,Title_4575,United Kingdom,2021,2018,TV-MA,Action & Adventure
s4576,Movie,Title_4576,United States,2014,2018,TV-MA,International TV Shows
s4577,Movie,Title_4577,United States,2018,2014,TV-MA,Stand-Up Comedy
s4578,TV Show,Title_4578,United States,2017,2020,TV-14,Kids TV
s4579,Movie,Title_4579,Spain,2020,2014,PG-13,International TV Shows
s4580,Movie,Title_4580,United States,2019,2015,TV-MA,Sci-Fi & Fantasy
s4581,Movie,Title_4581,United Kingdom,2018,2014,TV-MA,International Movies
s4582,TV Show,Title_4582,India,2009,2013,TV-14,Children & Family Movies
s4583,TV Show,Title_4583,Canada,2020,2021,TV-Y7,International Movies
s4584,Movie,Title_4584,Australia,2017,2018,TV-MA,Thrillers
s4585,TV Show,Title_4585,Australia,2021,2018,TV-G,Anime Series
s4586,Movie,Title_4586,India,2017,2021,TV-MA,Documentaries
s4587,Movie,Title_4587,United States,2019,2015,TV-MA,Stand-Up Comedy
s4588,Movie,Title_4588,India,2011,2008,R,Thrillers
s4589,TV Show,Title_4589,Canada,2019,2018,TV-14,Kids TV
s4590,TV Show,Title_4590,Canada,2016,2017,R,Children & Family Movies
s4591,Movie,Title_4591,France,2016,2017,PG-13,Thrillers
s4592,Movie,Title_4592,United States,2013,2011,TV-MA,Stand-Up Comedy
s4593,Movie,Title_4593,France,2013,2017,TV-PG,International Movies
s4594,Movie,Title_4594,United States,2014,2015,TV-PG,Kids TV
s4595,Movie,Title_4595,South Korea,2016,2015,PG-13,Children & Family Movies
s4596,Movie,Title_4596,United States,2020,2015,TV-14,Documentaries
s4597,TV Show,Title_4597,Japan,2016,2016,TV-MA,Reality TV
s4598,Movie,Title_4598,United States,2019,2016,TV-14,Kids TV
s4599,Movie,Title_4599,India,2012,2016,TV-G,Anime Series
s4600,Movie,Title_4600,Japan,2018,2021,TV-MA,International TV Shows
s4601,Movie,Title_4601,United States,2017,2021,TV-MA,Horror Movies
s4602,Movie,Title_4602,Germany,2021,2018,TV-MA,International TV Shows
s4603,Movie,Title_4603,France,2020,2021,R,Sci-Fi & Fantasy
s4604,Movie,Title_4604,Canada,2017,2021,TV-MA,Crime TV Shows
s4605,Movie,Title_4605,India,2019,2016,TV-MA,Horror Movies
s4606,Movie,Title_4606,United Kingdom,2014,2017,TV-PG,Stand-Up Comedy
s4607,Movie,Title_4607,Canada,2018,2021,TV-MA,Stand-Up Comedy
s4608,Movie,Title_4608,India,2012,2018,TV-MA,Reality TV
s4609,Movie,Title_4609,Japan,2016,2014,TV-14,Action & Adventure
s4610,Movie,Title_4610,India,2015,2019,TV-MA,Kids TV
s4611,TV Show,Title_4611,United States,2019,2014,TV-MA,Stand-Up Comedy
s4612,Movie,Title_4612,United States,2017,2016,TV-MA,International Movies
s4613,Movie,Title_4613,United States,2019,2015,TV-14,Crime TV Shows
s4614,Movie,Title_4614,United States,2017,2015,R,Documentaries
s4615,TV Show,Title_4615,South Korea,2012,2008,TV-14,Action & Adventure
s4616,Movie,Title_4616,Germany,2019,2020,TV-14,Documentaries
s4617,Movie,Title_4617,United States,2020,2015,TV-MA,Documentaries
s4618,Movie,Title_4618,Turkey,2020,2012,TV-MA,Sci-Fi & Fantasy
s4619,TV Show,Title_4619,United Kingdom,2018,2012,PG,Documentaries
s4620,Movie,Title_4620,Italy,2019,2018,TV-MA,Children & Family Movies
s4621,Movie,Title_4621,Japan,2019,2021,TV-MA,Dramas
s4622,Movie,Title_4622,South Korea,2013,2013,PG,Anime Series
s4623,TV Show,Title_4623,United States,2014,2012,TV-PG,International Movies
s4624,Movie,Title_4624,United States,2012,2017,R,Children & Family Movies
s4625,Movie,Title_4625,United States,2016,2018,TV-PG,Dramas
s4626,TV Show,Title_4626,Japan,2017,2015,TV-MA,Sci-Fi & Fantasy
s4627,Movie,Title_4627,United States,2021,2016,TV-G,Horror Movies
s4628,Movie,Title_4628,Spain,2017,2017,PG,Kids TV
s4629,TV Show,Title_4629,United States,2019,2016,TV-MA,Comedies
s4630,TV Show,Title_4630,Mexico,2019,2021,PG-13,Crime TV Shows
s4631,Movie,Title_4631,United States,2014,2011,TV-14,Thrillers
s4632,Movie,Title_4632,United States,2011,2015,TV-PG,Action & Adventure
s4633,Movie,Title_4633,United States,2018,2020,TV-MA,Sci-Fi & Fantasy
s4634,Movie,Title_4634,India,2019,2020,TV-14,Comedies
s4635,TV Show,Title_4635,United States,2021,2013,TV-MA,Stand-Up Comedy
s4636,Movie,Title_4636,Spain,2016,2021,TV-14,Sci-Fi & Fantasy
s4637,TV Show,Title_4637,United States,2020,2019,TV-MA,Anime Series
s4638,Movie,Title_4638,United States,2016,2015,TV-14,International Movies
s4639,Movie,Title_4639,Mexico,2019,2017,TV-PG,Anime Series
s4640,Movie,Title_4640,United States,2018,2015,PG,Comedies
s4641,TV Show,Title_4641,Turkey,2011,2013,TV-MA,Stand-Up Comedy
s4642,TV Show,Title_4642,Nigeria,2012,2015,PG,Sci-Fi & Fantasy
s4643,Movie,Title_4643,United States,2010,2018,TV-14,Comedies
s4644,Movie,Title_4644,United States,2016,2020,PG-13,Stand-Up Comedy
s4645,Movie,Title_4645,India,2019,2016,TV-14,Children & Family Movies
s4646,Movie,Title_4646,Spain,2014,2016,PG-13,International Movies
s4647,Movie,Title_4647,Canada,2018,2017,TV-PG,Sci-Fi & Fantasy
s4648,TV Show,Title_4648,France,2015,2018,TV-14,Dramas
s4649,TV Show,Title_4649,South Korea,2020,2019,TV-MA,Dramas
s4650,TV Show,Title_4650,United States,2020,2016,TV-G,International Movies
s4651,Movie,Title_4651,Mexico,2019,2018,PG-13,Children & Family Movies
s4652,Movie,Title_4652,Japan,2018,2016,TV-14,Sci-Fi & Fantasy
s4653,Movie,Title_4653,Canada,2015,2019,TV-MA,Sci-Fi & Fantasy
s4654,Movie,Title_4654,Brazil,2020,2014,R,Horror Movies
s4655,Movie,Title_4655,Japan,2014,2015,TV-Y,Children & Family Movies
s4656,TV Show,Title_4656,United States,2015,2017,TV-MA,Comedies
s4657,Movie,Title_4657,India,2014,2020,PG,Stand-Up Comedy
s4658,Movie,Title_4658,United Kingdom,2019,2018,TV-MA,Stand-Up Comedy
s4659,Movie,Title_4659,United States,2019,2021,TV-G,Horror Movies
s4660,Movie,Title_4660,Turkey,2018,2012,R,Crime TV Shows
s4661,TV Show,Title_4661,United States,2017,2017,TV-MA,Kids TV
s4662,Movie,Title_4662,Japan,2012,2017,TV-MA,Sci-Fi & Fantasy
s4663,Movie,Title_4663,United Kingdom,2021,2018,TV-PG,Anime Series
s4664,Movie,Title_4664,United States,2017,2020,TV-14,Horror Movies
s4665,Movie,Title_4665,Italy,2017,2020,PG,Kids TV
s4666,TV Show,Title_4666,Australia,2018,2019,R,Reality TV
s4667,TV Show,Title_4667,United Kingdom,2014,2018,TV-14,Horror Movies
s4668,Movie,Title_4668,United States,2013,2021,NR,Action & Adventure
s4669,Movie,Title_4669,United States,2017,2016,TV-14,Romantic Movies
s4670,Movie,Title_4670,India,2015,2020,PG-13,Action & Adventure
s4671,Movie,Title_4671,United States,2015,2021,PG-13,Crime TV Shows
s4672,TV Show,Title_4672,United Kingdom,2020,2017,PG,International Movies
s4673,TV Show,Title_4673,Turkey,2018,2019,TV-MA,International TV Shows
s4674,TV Show,Title_4674,Canada,2017,2016,TV-14,Stand-Up Comedy
s4675,TV Show,Title_4675,Brazil,2019,2013,TV-14,International Movies
s4676,Movie,Title_4676,France,2021,2018,TV-14,Comedies
s4677,Movie,Title_4677,United Kingdom,2013,2014,TV-14,Horror Movies
s4678,TV Show,Title_4678,Australia,2020,2017,PG-13,International Movies
s4679,Movie,Title_4679,India,2018,2020,TV-MA,Dramas
s4680,TV Show,Title_4680,Australia,2013,2012,TV-14,Documentaries
s4681,Movie,Title_4681,United States,2015,2010,TV-MA,Children & Family Movies
s4682,Movie,Title_4682,United States,2017,2018,TV-MA,Action & Adventure
s4683,Movie,Title_4683,Australia,2019,2016,TV-PG,International TV Shows
s4684,Movie,Title_4684,Canada,2015,2017,TV-MA,Action & Adventure
s4685,Movie,Title_4685,Brazil,2018,2017,TV-MA,Crime TV Shows
s4686,TV Show,Title_4686,Italy,2019,2012,TV-14,Comedies
s4687,TV Show,Title_4687,United States,2017,2008,TV-MA,Thrillers
s4688,Movie,Title_4688,United Kingdom,2020,2020,TV-MA,Kids TV
s4689,Movie,Title_4689,India,2020,2014,PG-13,Anime Series
s4690,Movie,Title_4690,France,2017,2017,PG-13,Sci-Fi & Fantasy
s4691,TV Show,Title_4691,Germany,2021,2021,TV-MA,Stand-Up Comedy
s4692,TV Show,Title_4692,United States,2012,2020,TV-MA,Crime TV Shows
s4693,Movie,Title_4693,Canada,2008,2012,NR,Anime Series
s4694,Movie,Title_4694,Japan,2016,2017,TV-MA,Reality TV
s4695,Movie,Title_4695,United States,2018,2019,TV-14,Crime TV Shows
s4696,Movie,Title_4696,Germany,2018,2019,TV-14,International Movies
s4697,Movie,Title_4697,Canada,2017,2019,R,Thrillers
s4698,TV Show,Title_4698,Turkey,2013,2017,TV-G,Stand-Up Comedy
s4699,TV Show,Title_4699,United States,2014,2014,TV-MA,Dramas
s4700,Movie,Title_4700,United States,2020,2017,TV-14,Action & Adventure
s4701,TV Show,Title_4701,United Kingdom,2020,2018,TV-PG,Dramas
s4702,Movie,Title_4702,United States,2019,2018,TV-G,Reality TV
s4703,Movie,Title_4703,Turkey,2019,2012,PG,Action & Adventure
s4704,Movie,Title_4704,United States,2018,2011,TV-PG,Reality TV
s4705,Movie,Title_4705,South Korea,2014,2021,PG-13,Crime TV Shows
s4706,TV Show,Title_4706,United Kingdom,2017,2013,TV-MA,Horror Movies
s4707,Movie,Title_4707,India,2019,2015,TV-14,Thrillers
s4708,TV Show,Title_4708,United States,2018,2019,TV-MA,Thrillers
s4709,Movie,Title_4709,France,2009,2017,TV-MA,Documentaries
s4710,Movie,Title_4710,Canada,2021,2014,TV-PG,Reality TV
s4711,TV Show,Title_4711,United States,2020,2017,PG,Comedies
s4712,Movie,Title_4712,Italy,2015,2018,TV-PG,Reality TV
s4713,Movie,Title_4713,United States,2018,2017,TV-PG,International Movies
s4714,Movie,Title_4714,India,2021,2021,TV-MA,Horror Movies
s4715,Movie,Title_4715,United Kingdom,2012,2015,TV-PG,Horror Movies
s4716,Movie,Title_4716,United States,2017,2019,TV-14,Children & Family Movies
s4717,Movie,Title_4717,Italy,2017,2013,TV-PG,International Movies
s4718,Movie,Title_4718,India,2017,2016,TV-MA,Action & Adventure
s4719,TV Show,Title_4719,United States,2020,2019,TV-14,Crime TV Shows
s4720,TV Show,Title_4720,India,2016,2015,TV-14,Stand-Up Comedy
s4721,Movie,Title_4721,Canada,2011,2018,TV-14,Romantic Movies
s4722,TV Show,Title_4722,United Kingdom,2011,2013,TV-MA,Thrillers
s4723,TV Show,Title_4723,Japan,2011,2012,TV-14,Documentaries
s4724,Movie,Title_4724,United States,2017,2018,TV-14,Crime TV Shows
s4725,TV Show,Title_4725,United States,2019,2019,R,Sci-Fi & Fantasy
s4726,Movie,Title_4726,Mexico,2014,2013,TV-PG,Romantic Movies
s4727,Movie,Title_4727,United States,2018,2021,PG,International Movies
s4728,Movie,Title_4728,Australia,2019,2015,TV-PG,Dramas
s4729,Movie,Title_4729,United States,2015,2013,TV-MA,Dramas
s4730,Movie,Title_4730,Mexico,2018,2014,R,Dramas
s4731,Movie,Title_4731,India,2019,2014,TV-14,International TV Shows
s4732,TV Show,Title_4732,Canada,2017,2012,TV-MA,Crime TV Shows
s4733,TV Show,Title_4733,United States,2016,2020,R,Thrillers
s4734,Movie,Title_4734,United States,2018,2017,TV-MA,Action & Adventure
s4735,Movie,Title_4735,United States,2021,2016,TV-MA,Crime TV Shows
s4736,TV Show,Title_4736,United States,2017,2021,R,Horror Movies
s4737,Movie,Title_4737,United States,2016,2016,R,Horror Movies
s4738,Movie,Title_4738,United Kingdom,2017,2014,R,Comedies
s4739,Movie,Title_4739,Canada,2012,2015,TV-MA,Thrillers
s4740,Movie,Title_4740,Germany,2018,2015,PG-13,Thrillers
s4741,TV Show,Title_4741,France,2016,2017,R,Romantic Movies
s4742,Movie,Title_4742,Canada,2013,2015,PG-13,Romantic Movies
s4743,Movie,Title_4743,India,2017,2017,TV-PG,Dramas
s4744,Movie,Title_4744,India,2008,2019,TV-14,International TV Shows
s4745,Movie,Title_4745,India,2017,2019,TV-MA,Horror Movies
s4746,Movie,Title_4746,Mexico,2012,2019,TV-PG,Action & Adventure
s4747,Movie,Title_4747,United States,2010,2014,TV-PG,Thrillers
s4748,TV Show,Title_4748,United States,2020,2013,TV-MA,Romantic Movies
s4749,TV Show,Title_4749,France,2021,2018,R,Kids TV
s4750,Movie,Title_4750,United States,2014,2014,TV-14,Stand-Up Comedy
s4751,Movie,Title_4751,Brazil,2018,2012,TV-14,Dramas
s4752,TV Show,Title_4752,Australia,2015,2018,TV-14,Stand-Up Comedy
s4753,Movie,Title_4753,United States,2017,2016,TV-MA,Thrillers
s4754,TV Show,Title_4754,United States,2017,2019,TV-MA,Sci-Fi & Fantasy
s4755,Movie,Title_4755,United Kingdom,2015,2016,R,Dramas
s4756,Movie,Title_4756,Canada,2019,2021,TV-MA,Kids TV
s4757,TV Show,Title_4757,United States,2013,2019,TV-MA,Kids TV
s4758,TV Show,Title_4758,Japan,2011,2011,TV-Y7,Horror Movies
s4759,Movie,Title_4759,Canada,2019,2017,TV-MA,Anime Series
s4760,Movie,Title_4760,United States,2019,2018,TV-PG,Horror Movies
s4761,Movie,Title_4761,United States,2017,2019,NR,Romantic Movies
s4762,TV Show,Title_4762,South Korea,2017,2017,TV-14,Reality TV
s4763,Movie,Title_4763,United States,2017,2017,R,Stand-Up Comedy
s4764,Movie,Title_4764,Mexico,2017,2016,G,Reality TV
s4765,TV Show,Title_4765,India,2016,2015,PG-13,Children & Family Movies
s4766,TV Show,Title_4766,Canada,2017,2021,TV-14,Dramas
s4767,Movie,Title_4767,Australia,2018,2016,TV-14,Crime TV Shows
s4768,Movie,Title_4768,Australia,2019,2011,TV-14,Dramas
s4769,TV Show,Title_4769,India,2019,2014,PG-13,Stand-Up Comedy
s4770,Movie,Title_4770,United States,2016,2020,PG-13,Anime Series
s4771,TV Show,Title_4771,Spain,2017,2018,PG-13,Romantic Movies
s4772,Movie,Title_4772,India,2016,2019,TV-14,Stand-Up Comedy
s4773,TV Show,Title_4773,United States,2018,2020,TV-14,Dramas
s4774,Movie,Title_4774,Brazil,2017,2020,TV-MA,Stand-Up Comedy
s4775,TV Show,Title_4775,United States,2020,2018,TV-MA,Stand-Up Comedy
s4776,TV Show,Title_4776,United States,2019,2014,R,Kids TV
s4777,TV Show,Title_4777,United States,2020,2013,TV-MA,International TV Shows
s4778,Movie,Title_4778,France,2019,2018,TV-MA,Romantic Movies
s4779,TV Show,Title_4779,France,2021,2016,PG-13,Sci-Fi & Fantasy
s4780,Movie,Title_4780,United States,2018,2018,TV-MA,Romantic Movies
s4781,Movie,Title_4781,United States,2021,2017,NR,Anime Series
s4782,Movie,Title_4782,United States,2013,2018,TV-MA,Sci-Fi & Fantasy
s4783,TV Show,Title_4783,Japan,2011,2010,NR,Reality TV
s4784,TV Show,Title_4784,United States,2018,2010,TV-14,Kids TV
s4785,Movie,Title_4785,Italy,2021,2019,TV-MA,Comedies
s4786,TV Show,Title_4786,United States,2017,2014,TV-PG,Dramas
s4787,TV Show,Title_4787,Nigeria,2014,2018,PG,Comedies
s4788,Movie,Title_4788,United States,2018,2018,TV-14,Stand-Up Comedy
s4789,Movie,Title_4789,Spain,2018,2021,TV-PG,Reality TV
s4790,Movie,Title_4790,United States,2016,2020,G,Stand-Up Comedy
s4791,Movie,Title_4791,United States,2019,2017,TV-MA,Sci-Fi & Fantasy
s4792,Movie,Title_4792,Australia,2021,2018,PG-13,Kids TV
s4793,TV Show,Title_4793,Australia,2020,2013,TV-MA,International TV Shows
s4794,TV Show,Title_4794,India,2015,2016,TV-14,Children & Family Movies
s4795,Movie,Title_4795,Japan,2016,2019,TV-MA,International Movies
s4796,Movie,Title_4796,Canada,2016,2018,TV-14,Anime Series
s4797,Movie,Title_4797,Australia,2016,2017,TV-MA,Documentaries
s4798,Movie,Title_4798,United States,2012,2014,TV-MA,Romantic Movies
s4799,Movie,Title_4799,United Kingdom,2019,2020,TV-14,Stand-Up Comedy
s4800,Movie,Title_4800,United Kingdom,2016,2015,TV-PG,Anime Series
s4801,Movie,Title_4801,India,2020,2020,TV-PG,Comedies
s4802,Movie,Title_4802,Brazil,2021,2018,TV-14,Thrillers
s4803,TV Show,Title_4803,United States,2010,2016,TV-MA,International Movies
s4804,TV Show,Title_4804,United States,2021,2011,NR,Stand-Up Comedy
s4805,Movie,Title_4805,Canada,2019,2015,TV-14,Horror Movies
s4806,Movie,Title_4806,France,2018,2020,TV-MA,Dramas
s4807,TV Show,Title_4807,United States,2016,2020,TV-14,Action & Adventure
s4808,Movie,Title_4808,India,2017,2018,R,Thrillers
s4809,TV Show,Title_4809,Turkey,2016,2017,TV-MA,Reality TV
s4810,Movie,Title_4810,United States,2018,2018,TV-MA,International Movies
s4811,TV Show,Title_4811,Japan,2012,2017,PG-13,Thrillers
s4812,Movie,Title_4812,South Korea,2018,2018,TV-14,Crime TV Shows
s4813,Movie,Title_4813,India,2015,2016,TV-14,Children & Family Movies
s4814,Movie,Title_4814,Italy,2009,2020,NR,Thrillers
s4815,TV Show,Title_4815,South Korea,2018,2019,TV-MA,Romantic Movies
s4816,Movie,Title_4816,India,2018,2016,TV-PG,Romantic Movies
s4817,Movie,Title_4817,Canada,2017,2020,TV-MA,Crime TV Shows
s4818,Movie,Title_4818,Japan,2012,2017,TV-MA,Stand-Up Comedy
s4819,Movie,Title_4819,Canada,2020,2014,TV-MA,Documentaries
s4820,Movie,Title_4820,Australia,2018,2012,TV-PG,Comedies
s4821,TV Show,Title_4821,India,2013,2019,TV-MA,International Movies
s4822,TV Show,Title_4822,United States,2017,2020,TV-14,International Movies
s4823,Movie,Title_4823,United States,2017,2020,TV-G,International Movies
s4824,Movie,Title_4824,United States,2011,2018,R,Romantic Movies
s4825,Movie,Title_4825,United States,2018,2013,TV-MA,Kids TV
s4826,Movie,Title_4826,Australia,2020,2012,TV-MA,International TV Shows
s4827,Movie,Title_4827,Japan,2019,2016,TV-14,Documentaries
s4828,Movie,Title_4828,France,2014,2020,TV-14,Romantic Movies
s4829,TV Show,Title_4829,Canada,2020,2021,G,Action & Adventure
s4830,TV Show,Title_4830,Australia,2016,2015,TV-Y,Sci-Fi & Fantasy
s4831,Movie,Title_4831,United Kingdom,2021,2019,TV-14,Reality TV
s4832,TV Show,Title_4832,Australia,2012,2018,TV-MA,International Movies
s4833,TV Show,Title_4833,India,2017,2010,PG,Documentaries
s4834,Movie,Title_4834,Italy,2018,2018,R,Children & Family Movies
s4835,Movie,Title_4835,Japan,2015,2020,TV-14,Documentaries
s4836,Movie,Title_4836,United States,2019,2015,TV-14,Crime TV Shows
s4837,TV Show,Title_4837,Canada,2018,2020,TV-14,Stand-Up Comedy
s4838,TV Show,Title_4838,United Kingdom,2009,2015,PG,Kids TV
s4839,Movie,Title_4839,United States,2018,2012,TV-MA,Thrillers
s4840,Movie,Title_4840,Canada,2017,2013,PG-13,Anime Series
s4841,TV Show,Title_4841,United States,2014,2020,TV-MA,Horror Movies
s4842,Movie,Title_4842,United States,2021,2017,NR,Romantic Movies
s4843,Movie,Title_4843,Turkey,2020,2020,TV-14,Documentaries
s4844,Movie,Title_4844,France,2015,2018,TV-MA,Stand-Up Comedy
s4845,Movie,Title_4845,Australia,2018,2017,TV-MA,Sci-Fi & Fantasy
s4846,TV Show,Title_4846,Japan,2016,2020,TV-14,Reality TV
s4847,Movie,Title_4847,India,2019,2017,TV-MA,Thrillers
s4848,TV Show,Title_4848,United Kingdom,2021,2020,TV-PG,Children & Family Movies
s4849,Movie,Title_4849,Japan,2016,2012,TV-MA,Kids TV
s4850,Movie,Title_4850,Turkey,2020,2018,TV-MA,Sci-Fi & Fantasy
s4851,TV Show,Title_4851,United States,2017,2019,TV-14,Stand-Up Comedy
s4852,Movie,Title_4852,Australia,2016,2020,TV-14,Action & Adventure
s4853,Movie,Title_4853,Italy,2021,2015,TV-14,Action & Adventure
s4854,TV Show,Title_4854,Japan,2017,2018,TV-14,Crime TV Shows
s4855,Movie,Title_4855,Italy,2017,2017,TV-14,Thrillers
s4856,TV Show,Title_4856,India,2019,2016,TV-14,International Movies
s4857,Movie,Title_4857,Turkey,2015,2012,TV-MA,Horror Movies
s4858,Movie,Title_4858,Japan,2016,2013,TV-MA,Kids TV
s4859,Movie,Title_4859,United States,2021,2020,TV-MA,Stand-Up Comedy
s4860,Movie,Title_4860,Brazil,2019,2019,TV-PG,International Movies
s4861,Movie,Title_4861,United Kingdom,2020,2016,TV-14,Kids TV
s4862,TV Show,Title_4862,India,2015,2020,TV-14,Kids TV
s4863,TV Show,Title_4863,Canada,2018,2012,R,Sci-Fi & Fantasy
s4864,Movie,Title_4864,United States,2021,2018,TV-MA,Reality TV
s4865,TV Show,Title_4865,India,2016,2020,TV-14,Dramas
s4866,Movie,Title_4866,Mexico,2014,2020,TV-MA,Romantic Movies
s4867,Movie,Title_4867,United States,2017,2016,R,Action & Adventure
s4868,Movie,Title_4868,United States,2016,2019,TV-PG,Reality TV
s4869,Movie,Title_4869,United States,2013,2017,PG-13,Crime TV Shows
s4870,Movie,Title_4870,India,2020,2020,PG,Action & Adventure
s4871,TV Show,Title_4871,South Korea,2021,2018,R,Reality TV
s4872,TV Show,Title_4872,Germany,2018,2019,PG-13,International Movies
s4873,Movie,Title_4873,Turkey,2019,2012,TV-MA,Documentaries
s4874,Movie,Title_4874,Canada,2020,2018,TV-MA,Kids TV
s4875,Movie,Title_4875,United States,2019,2018,NR,Comedies
s4876,TV Show,Title_4876,Italy,2011,2018,PG,Comedies
s4877,Movie,Title_4877,Spain,2013,2019,TV-14,Kids TV
s4878,TV Show,Title_4878,Canada,2012,2021,TV-14,Romantic Movies
s4879,TV Show,Title_4879,Japan,2008,2019,PG-13,International TV Shows
s4880,Movie,Title_4880,Italy,2016,2014,TV-MA,Kids TV
s4881,Movie,Title_4881,Japan,2016,2020,TV-MA,Comedies
s4882,Movie,Title_4882,India,2015,2013,TV-PG,Action & Adventure
s4883,Movie,Title_4883,Japan,2011,2018,TV-MA,Crime TV Shows
s4884,Movie,Title_4884,United States,2018,2020,TV-14,Documentaries
s4885,Movie,Title_4885,India,2015,2012,PG-13,Action & Adventure
s4886,TV Show,Title_4886,India,2020,2020,TV-MA,Horror Movies
s4887,TV Show,Title_4887,United States,2008,2020,NR,Action & Adventure
s4888,Movie,Title_4888,United States,2020,2017,TV-G,Crime TV Shows
s4889,TV Show,Title_4889,United States,2021,2016,PG-13,Children & Family Movies
s4890,TV Show,Title_4890,France,2019,2017,TV-Y,Romantic Movies
s4891,Movie,Title_4891,Germany,2019,2021,TV-14,Crime TV Shows
s4892,TV Show,Title_4892,Nigeria,2021,2014,TV-14,Documentaries
s4893,Movie,Title_4893,United States,2014,2018,PG-13,Romantic Movies
s4894,TV Show,Title_4894,Canada,2021,2012,TV-14,Horror Movies
s4895,TV Show,Title_4895,Italy,2019,2014,TV-14,Horror Movies
s4896,Movie,Title_4896,United States,2019,2019,TV-PG,Anime Series
s4897,Movie,Title_4897,South Korea,2016,2016,TV-PG,Anime Series
s4898,TV Show,Title_4898,South Korea,2018,2021,R,Anime Series
s4899,TV Show,Title_4899,United States,2018,2017,TV-PG,Sci-Fi & Fantasy
s4900,TV Show,Title_4900,Australia,2018,2017,R,Stand-Up Comedy
s4901,Movie,Title_4901,Germany,2019,2010,TV-PG,Thrillers
s4902,Movie,Title_4902,United States,2012,2021,TV-14,Anime Series
s4903,Movie,Title_4903,United States,2016,2014,TV-MA,Kids TV
s4904,TV Show,Title_4904,United States,2017,2018,R,Crime TV Shows
s4905,Movie,Title_4905,United States,2015,2016,TV-MA,Thrillers
s4906,Movie,Title_4906,United Kingdom,2014,2017,TV-Y7,Kids TV
s4907,Movie,Title_4907,United Kingdom,2013,2018,PG-13,International TV Shows
s4908,Movie,Title_4908,United States,2016,2019,TV-PG,International Movies
s4909,Movie,Title_4909,Italy,2017,2013,TV-G,Children & Family Movies
s4910,Movie,Title_4910,India,2011,2017,TV-PG,Horror Movies
s4911,Movie,Title_4911,United States,2021,2020,TV-MA,International TV Shows
s4912,Movie,Title_4912,United States,2019,2017,TV-14,Horror Movies
s4913,Movie,Title_4913,United Kingdom,2019,2014,TV-MA,International Movies
s4914,TV Show,Title_4914,India,2014,2016,TV-14,Horror Movies
s4915,Movie,Title_4915,United States,2018,2014,TV-14,Children & Family Movies
s4916,TV Show,Title_4916,United States,2018,2013,R,Documentaries
s4917,TV Show,Title_4917,Mexico,2021,2016,TV-14,Documentaries
s4918,Movie,Title_4918,Nigeria,2019,2018,TV-14,Thrillers
s4919,TV Show,Title_4919,United States,2018,2012,TV-MA,Anime Series
s4920,TV Show,Title_4920,India,2020,2018,TV-14,Stand-Up Comedy
s4921,Movie,Title_4921,France,2013,2021,TV-MA,International Movies
s4922,Movie,Title_4922,South Korea,2009,2021,TV-MA,Comedies
s4923,Movie,Title_4923,India,2019,2020,R,Romantic Movies
s4924,Movie,Title_4924,Brazil,2012,2015,TV-MA,Children & Family Movies
s4925,Movie,Title_4925,Canada,2013,2010,TV-MA,Comedies
s4926,Movie,Title_4926,India,2019,2020,TV-MA,Dramas
s4927,Movie,Title_4927,France,2015,2011,TV-PG,Thrillers
s4928,Movie,Title_4928,Turkey,2018,2014,PG-13,Children & Family Movies
s4929,Movie,Title_4929,Germany,2021,2018,TV-G,Sci-Fi & Fantasy
s4930,Movie,Title_4930,United States,2016,2014,R,Horror Movies
s4931,Movie,Title_4931,United States,2014,2020,TV-14,Dramas
s4932,Movie,Title_4932,India,2012,2019,TV-MA,Crime TV Shows
s4933,Movie,Title_4933,United States,2013,2019,TV-MA,Sci-Fi & Fantasy
s4934,Movie,Title_4934,Japan,2011,2020,TV-PG,Horror Movies
s4935,Movie,Title_4935,Mexico,2012,2014,TV-14,Romantic Movies
s4936,Movie,Title_4936,South Korea,2017,2019,TV-PG,Children & Family Movies
s4937,TV Show,Title_4937,Nigeria,2016,2016,TV-MA,Stand-Up Comedy
s4938,TV Show,Title_4938,United States,2019,2019,TV-MA,Comedies
s4939,Movie,Title_4939,Australia,2020,2013,TV-MA,Documentaries
s4940,TV Show,Title_4940,Spain,2019,2019,R,Sci-Fi & Fantasy
s4941,Movie,Title_4941,India,2018,2021,TV-MA,International TV Shows
s4942,Movie,Title_4942,South Korea,2012,2011,TV-PG,Comedies
s4943,Movie,Title_4943,United States,2019,2012,TV-MA,Children & Family Movies
s4944,TV Show,Title_4944,Germany,2016,2013,TV-14,International Movies
s4945,Movie,Title_4945,United Kingdom,2012,2017,TV-MA,Thrillers
s4946,TV Show,Title_4946,United States,2020,2015,TV-MA,Romantic Movies
s4947,TV Show,Title_4947,France,2016,2020,TV-MA,International Movies
s4948,Movie,Title_4948,France,2014,2017,TV-MA,Horror Movies
s4949,Movie,Title_4949,United States,2020,2017,TV-MA,International TV Shows
s4950,Movie,Title_4950,United States,2020,2019,PG-13,Thrillers
s4951,Movie,Title_4951,India,2016,2016,TV-MA,Documentaries
s4952,Movie,Title_4952,Canada,2016,2016,TV-MA,Thrillers
s4953,Movie,Title_4953,Australia,2018,2019,TV-PG,Anime Series
s4954,TV Show,Title_4954,Italy,2019,2019,TV-PG,Kids TV
s4955,Movie,Title_4955,United Kingdom,2011,2009,TV-MA,Thrillers
s4956,Movie,Title_4956,South Korea,2018,2013,TV-PG,Thrillers
s4957,Movie,Title_4957,India,2021,2014,R,International TV Shows
s4958,Movie,Title_4958,South Korea,2015,2016,TV-MA,Romantic Movies
s4959,Movie,Title_4959,United States,2020,2015,TV-14,Thrillers
s4960,Movie,Title_4960,India,2021,2019,TV-MA,Horror Movies
s4961,TV Show,Title_4961,France,2015,2020,TV-MA,Children & Family Movies
s4962,Movie,Title_4962,United States,2019,2014,TV-Y,Crime TV Shows
s4963,Movie,Title_4963,South Korea,2015,2018,TV-MA,Sci-Fi & Fantasy
s4964,Movie,Title_4964,Mexico,2019,2016,TV-MA,Dramas
s4965,Movie,Title_4965,India,2020,2017,G,Romantic Movies
s4966,Movie,Title_4966,India,2015,2018,R,Horror Movies
s4967,TV Show,Title_4967,Australia,2019,2020,TV-14,Thrillers
s4968,Movie,Title_4968,Spain,2020,2014,TV-PG,Sci-Fi & Fantasy
s4969,Movie,Title_4969,United States,2016,2012,TV-PG,Romantic Movies
s4970,TV Show,Title_4970,United States,2014,2018,R,International TV Shows
s4971,Movie,Title_4971,Japan,2012,2016,TV-MA,Stand-Up Comedy
s4972,Movie,Title_4972,Canada,2018,2014,TV-14,Reality TV
s4973,TV Show,Title_4973,United States,2021,2013,TV-MA,Sci-Fi & Fantasy
s4974,TV Show,Title_4974,United States,2020,2018,TV-MA,Comedies
s4975,TV Show,Title_4975,Brazil,2017,2016,TV-14,Comedies
s4976,TV Show,Title_4976,Japan,2018,2021,TV-PG,Anime Series
s4977,Movie,Title_4977,Nigeria,2015,2017,TV-MA,Reality TV
s4978,Movie,Title_4978,Spain,2014,2014,TV-MA,Kids TV
s4979,Movie,Title_4979,Turkey,2017,2018,TV-PG,Horror Movies
s4980,Movie,Title_4980,United States,2017,2015,TV-14,Kids TV
s4981,Movie,Title_4981,Spain,2018,2017,PG-13,Horror Movies
s4982,TV Show,Title_4982,United States,2021,2017,R,Documentaries
s4983,Movie,Title_4983,Japan,2018,2017,TV-G,Documentaries
s4984,TV Show,Title_4984,India,2018,2020,TV-14,Comedies
s4985,TV Show,Title_4985,United States,2013,2014,TV-PG,Children & Family Movies
s4986,Movie,Title_4986,Australia,2021,2020,PG-13,Children & Family Movies
s4987,Movie,Title_4987,Australia,2019,2020,PG-13,Comedies
s4988,Movie,Title_4988,United States,2020,2016,TV-PG,Stand-Up Comedy
s4989,Movie,Title_4989,Canada,2017,2014,TV-14,Thrillers
s4990,TV Show,Title_4990,India,2017,2015,TV-MA,Comedies
s4991,TV Show,Title_4991,India,2018,2016,PG,Thrillers
s4992,Movie,Title_4992,Mexico,2014,2018,R,Dramas
s4993,Movie,Title_4993,United States,2019,2011,PG-13,Thrillers
s4994,Movie,Title_4994,Turkey,2020,2021,TV-MA,Children & Family Movies
s4995,Movie,Title_4995,United States,2014,2012,TV-MA,Action & Adventure
s4996,TV Show,Title_4996,France,2012,2015,TV-14,International TV Shows
s4997,Movie,Title_4997,Japan,2019,2012,PG-13,Action & Adventure
s4998,Movie,Title_4998,United States,2015,2015,PG,Comedies
s4999,Movie,Title_4999,United States,2018,2020,TV-MA,Documentaries
s5000,Movie,Title_5000,Mexico,2019,2018,TV-PG,Kids TV
s5001,Movie,Title_5001,Spain,2016,2015,TV-MA,Anime Series
s5002,Movie,Title_5002,United States,2020,2020,TV-14,Crime TV Shows
s5003,TV Show,Title_5003,United Kingdom,2018,2020,TV-14,Dramas
s5004,Movie,Title_5004,United States,2020,2019,R,Thrillers
s5005,TV Show,Title_5005,United States,2019,2020,PG,International Movies
s5006,Movie,Title_5006,United Kingdom,2020,2018,TV-MA,Action & Adventure
s5007,Movie,Title_5007,United States,2010,2017,TV-14,Reality TV
s5008,TV Show,Title_5008,Mexico,2015,2016,TV-PG,Thrillers
s5009,Movie,Title_5009,South Korea,2012,2015,TV-MA,Crime TV Shows
s5010,Movie,Title_5010,Turkey,2017,2018,TV-Y,Crime TV Shows
s5011,Movie,Title_5011,Japan,2020,2020,PG,Thrillers
s5012,TV Show,Title_5012,Turkey,2017,2018,TV-MA,Kids TV
s5013,TV Show,Title_5013,United Kingdom,2020,2021,TV-14,Romantic Movies
s5014,TV Show,Title_5014,Canada,2016,2016,TV-MA,Children & Family Movies
s5015,Movie,Title_5015,Nigeria,2016,2019,TV-14,Dramas
s5016,Movie,Title_5016,France,2020,2018,TV-PG,Kids TV
s5017,Movie,Title_5017,United States,2017,2019,TV-MA,Sci-Fi & Fantasy
s5018,Movie,Title_5018,South Korea,2019,2018,PG,Thrillers
s5019,Movie,Title_5019,Brazil,2015,2015,TV-14,Horror Movies
s5020,TV Show,Title_5020,Germany,2021,2013,TV-Y,Stand-Up Comedy
s5021,TV Show,Title_5021,Canada,2018,2021,TV-MA,Stand-Up Comedy
s5022,Movie,Title_5022,Japan,2019,2011,PG-13,Crime TV Shows
s5023,Movie,Title_5023,Nigeria,2012,2017,R,Reality TV
s5024,Movie,Title_5024,United States,2017,2017,TV-MA,Thrillers
s5025,Movie,Title_5025,Japan,2020,2016,TV-MA,Action & Adventure
s5026,Movie,Title_5026,United States,2020,2019,PG,Dramas
s5027,TV Show,Title_5027,France,2011,2019,TV-14,Documentaries
s5028,TV Show,Title_5028,Canada,2016,2020,TV-14,Anime Series
s5029,Movie,Title_5029,United States,2017,2016,PG,Documentaries
s5030,Movie,Title_5030,United States,2014,2018,TV-MA,Reality TV
s5031,TV Show,Title_5031,France,2019,2020,TV-14,Children & Family Movies
s5032,TV Show,Title_5032,United States,2014,2021,TV-PG,Dramas
s5033,Movie,Title_5033,United States,2016,2021,TV-PG,Anime Series
s5034,TV Show,Title_5034,Mexico,2019,2019,TV-MA,Crime TV Shows
s5035,Movie,Title_5035,United States,2017,2013,TV-14,Thrillers
s5036,Movie,Title_5036,United Kingdom,2019,2010,TV-PG,International TV Shows
s5037,Movie,Title_5037,Turkey,2021,2020,TV-14,Children & Family Movies
s5038,Movie,Title_5038,United States,2013,2020,TV-PG,Dramas
s5039,Movie,Title_5039,India,2019,2019,TV-MA,International TV Shows
s5040,Movie,Title_5040,Canada,2015,2015,PG-13,Comedies
s5041,Movie,Title_5041,South Korea,2017,2018,TV-14,Romantic Movies
s5042,Movie,Title_5042,Brazil,2010,2016,TV-Y,Horror Movies
s5043,Movie,Title_5043,Italy,2013,2017,TV-MA,Anime Series
s5044,Movie,Title_5044,Spain,2016,2016,TV-14,Stand-Up Comedy
s5045,Movie,Title_5045,United States,2016,2021,TV-MA,Anime Series
s5046,TV Show,Title_5046,United States,2020,2015,TV-14,Reality TV
s5047,TV Show,Title_5047,India,2019,2018,TV-MA,Romantic Movies
s5048,Movie,Title_5048,United States,2021,2016,R,Thrillers
s5049,Movie,Title_5049,Japan,2018,2019,PG,Stand-Up Comedy
s5050,TV Show,Title_5050,France,2015,2018,TV-MA,Kids TV
s5051,Movie,Title_5051,United States,2016,2021,TV-MA,International Movies
s5052,Movie,Title_5052,Mexico,2016,2012,PG,Anime Series
s5053,Movie,Title_5053,United States,2016,2015,TV-14,Sci-Fi & Fantasy
s5054,Movie,Title_5054,India,2019,2019,TV-14,Anime Series
s5055,Movie,Title_5055,Japan,2018,2016,TV-MA,Kids TV
s5056,TV Show,Title_5056,India,2016,2014,TV-14,Children & Family Movies
s5057,Movie,Title_5057,India,2013,2017,TV-MA,International Movies
s5058,Movie,Title_5058,United States,2010,2018,TV-PG,Comedies
s5059,TV Show,Title_5059,India,2014,2011,TV-14,International Movies
s5060,Movie,Title_5060,Spain,2012,2015,R,Crime TV Shows
s5061,Movie,Title_5061,Italy,2019,2020,TV-MA,Documentaries
s5062,Movie,Title_5062,India,2013,2018,TV-14,Anime Series
s5063,Movie,Title_5063,India,2019,2010,TV-MA,Romantic Movies
s5064,Movie,Title_5064,Japan,2016,2015,NR,Documentaries
s5065,Movie,Title_5065,Turkey,2012,2018,TV-14,Thrillers
s5066,TV Show,Title_5066,United States,2020,2014,TV-MA,International TV Shows
s5067,Movie,Title_5067,India,2018,2020,TV-MA,Thrillers
s5068,Movie,Title_5068,Germany,2015,2019,TV-MA,Sci-Fi & Fantasy
s5069,TV Show,Title_5069,Canada,2020,2017,TV-MA,International TV Shows
s5070,Movie,Title_5070,United States,2011,2021,TV-14,Children & Family Movies
s5071,Movie,Title_5071,France,2014,2016,TV-MA,Reality TV
s5072,Movie,Title_5072,United States,2019,2015,TV-G,Stand-Up Comedy
s5073,Movie,Title_5073,United Kingdom,2019,2019,TV-MA,Action & Adventure
s5074,Movie,Title_5074,United Kingdom,2015,2018,R,Horror Movies
s5075,Movie,Title_5075,Australia,2011,2016,TV-MA,Comedies
s5076,Movie,Title_5076,India,2020,2016,TV-MA,Documentaries
s5077,Movie,Title_5077,United States,2016,2016,TV-G,International TV Shows
s5078,Movie,Title_5078,United States,2014,2015,PG-13,International TV Shows
s5079,Movie,Title_5079,Australia,2017,2019,TV-PG,Comedies
s5080,Movie,Title_5080,United States,2021,2018,TV-PG,International TV Shows
s5081,TV Show,Title_5081,India,2011,2017,TV-Y7,International Movies
s5082,Movie,Title_5082,United States,2019,2016,TV-14,Kids TV
s5083,TV Show,Title_5083,Spain,2018,2016,TV-MA,Crime TV Shows
s5084,Movie,Title_5084,India,2017,2015,TV-MA,Documentaries
s5085,TV Show,Title_5085,United States,2019,2012,TV-PG,Horror Movies
s5086,Movie,Title_5086,India,2021,2015,TV-PG,Thrillers
s5087,Movie,Title_5087,Australia,2015,2016,R,Action & Adventure
s5088,Movie,Title_5088,United Kingdom,2013,2018,TV-MA,Children & Family Movies
s5089,Movie,Title_5089,South Korea,2021,2019,NR,Romantic Movies
s5090,TV Show,Title_5090,Brazil,2019,2016,TV-14,Documentaries
s5091,TV Show,Title_5091,Brazil,2017,2021,TV-PG,Kids TV
s5092,Movie,Title_5092,United States,2018,2020,TV-MA,Children & Family Movies
s5093,TV Show,Title_5093,Turkey,2019,2021,TV-G,Sci-Fi & Fantasy
s5094,Movie,Title_5094,United States,2019,2020,TV-14,Anime Series
s5095,Movie,Title_5095,India,2021,2018,TV-14,International Movies
s5096,Movie,Title_5096,Brazil,2017,2018,NR,International Movies
s5097,Movie,Title_5097,United States,2015,2013,NR,Horror Movies
s5098,Movie,Title_5098,United States,2018,2019,TV-MA,International TV Shows
s5099,TV Show,Title_5099,United States,2017,2018,NR,International TV Shows
s5100,TV Show,Title_5100,Canada,2018,2017,R,Action & Adventure
s5101,Movie,Title_5101,India,2017,2019,TV-MA,Dramas
s5102,Movie,Title_5102,South Korea,2013,2017,TV-MA,Horror Movies
s5103,Movie,Title_5103,Brazil,2017,2018,TV-14,International TV Shows
s5104,TV Show,Title_5104,Japan,2019,2016,TV-14,Dramas
s5105,Movie,Title_5105,United States,2020,2019,TV-PG,Reality TV
s5106,Movie,Title_5106,Italy,2017,2020,TV-MA,International TV Shows
s5107,TV Show,Title_5107,United States,2014,2020,PG-13,Crime TV Shows
s5108,TV Show,Title_5108,United States,2017,2019,PG-13,International Movies
s5109,TV Show,Title_5109,United States,2019,2009,TV-PG,Horror Movies
s5110,Movie,Title_5110,Canada,2017,2021,NR,Crime TV Shows
s5111,Movie,Title_5111,United States,2019,2015,PG-13,Comedies
s5112,Movie,Title_5112,United States,2017,2020,TV-MA,Crime TV Shows
s5113,TV Show,Title_5113,United States,2015,2014,R,Dramas
s5114,TV Show,Title_5114,United States,2020,2017,TV-G,Comedies
s5115,Movie,Title_5115,Canada,2012,2019,TV-MA,Horror Movies
s5116,Movie,Title_5116,Germany,2018,2018,G,Kids TV
s5117,Movie,Title_5117,Spain,2014,2017,TV-MA,International Movies
s5118,Movie,Title_5118,United States,2011,2019,TV-14,Documentaries
s5119,Movie,Title_5119,United States,2017,2018,R,Dramas
s5120,Movie,Title_5120,Turkey,2017,2015,R,Romantic Movies
s5121,TV Show,Title_5121,United States,2019,2018,R,Dramas
s5122,Movie,Title_5122,Brazil,2019,2014,TV-14,Reality TV
s5123,Movie,Title_5123,United States,2019,2019,TV-PG,Kids TV
s5124,TV Show,Title_5124,Turkey,2017,2008,TV-PG,Children & Family Movies
s5125,Movie,Title_5125,United States,2018,2018,TV-14,Romantic Movies
s5126,Movie,Title_5126,India,2018,2017,TV-14,Romantic Movies
s5127,TV Show,Title_5127,Japan,2017,2016,PG-13,Comedies
s5128,Movie,Title_5128,Canada,2018,2017,TV-MA,International TV Shows
s5129,Movie,Title_5129,United States,2021,2018,TV-14,Dramas
s5130,TV Show,Title_5130,United Kingdom,2014,2021,TV-MA,Dramas
s5131,Movie,Title_5131,South Korea,2020,2020,TV-PG,Anime Series
s5132,Movie,Title_5132,United States,2011,2019,TV-MA,Crime TV Shows
s5133,Movie,Title_5133,United States,2016,2017,TV-14,International TV Shows
s5134,Movie,Title_5134,India,2015,2016,TV-MA,Crime TV Shows
s5135,Movie,Title_5135,United States,2018,2010,TV-MA,Documentaries
s5136,Movie,Title_5136,France,2013,2016,TV-14,Comedies
s5137,TV Show,Title_5137,United States,2020,2020,TV-14,Crime TV Shows
s5138,Movie,Title_5138,India,2020,2016,TV-14,Action & Adventure
s5139,Movie,Title_5139,United States,2018,2017,TV-MA,Thrillers
s5140,TV Show,Title_5140,United Kingdom,2017,2015,NR,International Movies
s5141,TV Show,Title_5141,United States,2021,2015,TV-MA,Children & Family Movies
s5142,Movie,Title_5142,United States,2020,2011,PG,Documentaries
s5143,Movie,Title_5143,United States,2017,2018,R,Stand-Up Comedy
s5144,Movie,Title_5144,Turkey,2019,2017,TV-MA,Action & Adventure
s5145,TV Show,Title_5145,United States,2018,2018,TV-14,Reality TV
s5146,Movie,Title_5146,Japan,2018,2018,TV-Y,Kids TV
s5147,Movie,Title_5147,United States,2016,2020,TV-PG,Stand-Up Comedy
s5148,TV Show,Title_5148,United States,2017,2019,TV-MA,Action & Adventure
s5149,TV Show,Title_5149,United Kingdom,2012,2019,TV-14,Crime TV Shows
s5150,Movie,Title_5150,India,2016,2017,TV-14,Reality TV
s5151,TV Show,Title_5151,Turkey,2019,2016,PG-13,Reality TV
s5152,Movie,Title_5152,Turkey,2021,2021,PG,Documentaries
s5153,Movie,Title_5153,Spain,2021,2011,TV-MA,Comedies
s5154,TV Show,Title_5154,Canada,2018,2013,TV-MA,Sci-Fi & Fantasy
s5155,Movie,Title_5155,India,2018,2017,TV-MA,Crime TV Shows
s5156,TV Show,Title_5156,India,2014,2018,TV-Y7,Sci-Fi & Fantasy
s5157,Movie,Title_5157,Turkey,2019,2008,TV-14,Action & Adventure
s5158,TV Show,Title_5158,Canada,2012,2019,PG,Horror Movies
s5159,TV Show,Title_5159,Canada,2015,2018,TV-14,Documentaries
s5160,TV Show,Title_5160,United States,2019,2017,R,Anime Series
s5161,Movie,Title_5161,United States,2016,2017,TV-MA,Action & Adventure
s5162,Movie,Title_5162,Turkey,2011,2017,PG,Action & Adventure
s5163,Movie,Title_5163,United States,2020,2014,TV-14,Children & Family Movies
s5164,Movie,Title_5164,India,2016,2012,PG-13,International Movies
s5165,Movie,Title_5165,United States,2011,2015,TV-MA,Action & Adventure
s5166,Movie,Title_5166,Mexico,2012,2019,TV-PG,Comedies
s5167,Movie,Title_5167,United States,2015,2018,TV-14,Children & Family Movies
s5168,Movie,Title_5168,Mexico,2014,2017,TV-MA,Action & Adventure
s5169,TV Show,Title_5169,United States,2019,2018,TV-14,Stand-Up Comedy
s5170,Movie,Title_5170,Brazil,2016,2018,TV-14,Documentaries
s5171,Movie,Title_5171,South Korea,2020,2016,TV-MA,Horror Movies
s5172,Movie,Title_5172,United States,2014,2012,TV-MA,Horror Movies
s5173,Movie,Title_5173,Canada,2017,2020,TV-14,Comedies
s5174,Movie,Title_5174,United States,2019,2018,TV-MA,Horror Movies
s5175,Movie,Title_5175,United States,2018,2019,TV-14,Action & Adventure
s5176,TV Show,Title_5176,Australia,2018,2017,TV-14,Horror Movies
s5177,TV Show,Title_5177,India,2021,2019,TV-MA,Kids TV
s5178,Movie,Title_5178,India,2015,2018,TV-MA,Sci-Fi & Fantasy
s5179,TV Show,Title_5179,United States,2017,2011,PG-13,Reality TV
s5180,TV Show,Title_5180,India,2020,2020,TV-MA,International Movies
s5181,TV Show,Title_5181,Australia,2012,2016,TV-PG,Documentaries
s5182,TV Show,Title_5182,India,2011,2013,TV-14,Sci-Fi & Fantasy
s5183,TV Show,Title_5183,Turkey,2015,2012,TV-G,Thrillers
s5184,Movie,Title_5184,Turkey,2018,2019,TV-MA,Comedies
s5185,TV Show,Title_5185,United States,2015,2019,PG-13,International Movies
s5186,Movie,Title_5186,United States,2014,2019,TV-14,Dramas
s5187,Movie,Title_5187,Australia,2017,2021,TV-MA,Crime TV Shows
s5188,Movie,Title_5188,India,2018,2016,TV-MA,Children & Family Movies
s5189,Movie,Title_5189,United States,2015,2018,TV-14,Action & Adventure
s5190,Movie,Title_5190,United States,2016,2018,TV-MA,Stand-Up Comedy
s5191,Movie,Title_5191,Canada,2018,2021,TV-14,Stand-Up Comedy
s5192,TV Show,Title_5192,Germany,2021,2016,PG,Stand-Up Comedy
s5193,Movie,Title_5193,United States,2019,2021,TV-14,International Movies
s5194,TV Show,Title_5194,United States,2019,2013,TV-14,Anime Series
s5195,Movie,Title_5195,Italy,2016,2019,R,Documentaries
s5196,Movie,Title_5196,South Korea,2015,2018,R,Stand-Up Comedy
s5197,Movie,Title_5197,Canada,2017,2020,TV-MA,Romantic Movies
s5198,Movie,Title_5198,Spain,2020,2010,TV-PG,International Movies
s5199,Movie,Title_5199,India,2017,2012,TV-14,International Movies
s5200,Movie,Title_5200,Spain,2020,2011,TV-MA,Dramas
s5201,Movie,Title_5201,India,2021,2018,TV-MA,Sci-Fi & Fantasy
s5202,Movie,Title_5202,United States,2012,2018,TV-MA,Thrillers
s5203,Movie,Title_5203,South Korea,2011,2020,TV-14,Reality TV
s5204,TV Show,Title_5204,India,2013,2017,TV-MA,Sci-Fi & Fantasy
s5205,TV Show,Title_5205,Nigeria,2016,2011,TV-14,Reality TV
s5206,TV Show,Title_5206,United States,2013,2014,TV-14,Documentaries
s5207,Movie,Title_5207,Italy,2020,2008,R,International TV Shows
s5208,Movie,Title_5208,Italy,2010,2019,TV-PG,Anime Series
s5209,Movie,Title_5209,United States,2016,2020,TV-PG,Sci-Fi & Fantasy
s5210,TV Show,Title_5210,Germany,2014,2021,PG-13,Sci-Fi & Fantasy
s5211,Movie,Title_5211,India,2021,2017,PG,Dramas
s5212,Movie,Title_5212,Italy,2019,2009,PG-13,Crime TV Shows
s5213,Movie,Title_5213,India,2021,2015,TV-MA,Stand-Up Comedy
s5214,Movie,Title_5214,South Korea,2021,2018,TV-MA,Stand-Up Comedy
s5215,Movie,Title_5215,India,2017,2021,TV-14,Documentaries
s5216,Movie,Title_5216,United States,2015,2012,TV-MA,Crime TV Shows
s5217,Movie,Title_5217,United States,2014,2013,TV-MA,International TV Shows
s5218,TV Show,Title_5218,India,2015,2019,TV-MA,Comedies
s5219,Movie,Title_5219,South Korea,2019,2019,G,Stand-Up Comedy
s5220,Movie,Title_5220,Canada,2011,2015,TV-MA,Comedies
s5221,TV Show,Title_5221,Japan,2011,2020,TV-14,Anime Series
s5222,Movie,Title_5222,United States,2018,2013,TV-MA,Action & Adventure
s5223,Movie,Title_5223,United Kingdom,2018,2021,TV-PG,Crime TV Shows
s5224,Movie,Title_5224,United States,2019,2014,TV-14,Reality TV
s5225,TV Show,Title_5225,Germany,2016,2012,TV-MA,Children & Family Movies
s5226,Movie,Title_5226,Nigeria,2020,2016,TV-G,Children & Family Movies
s5227,Movie,Title_5227,India,2018,2014,R,Action & Adventure
s5228,Movie,Title_5228,United States,2012,2018,R,Horror Movies
s5229,TV Show,Title_5229,United States,2020,2019,TV-G,Thrillers
s5230,Movie,Title_5230,France,2021,2017,TV-14,Stand-Up Comedy
s5231,TV Show,Title_5231,Canada,2011,2019,TV-PG,Children & Family Movies
s5232,Movie,Title_5232,Spain,2016,2016,TV-MA,Action & Adventure
s5233,Movie,Title_5233,United States,2017,2010,TV-PG,Kids TV
s5234,Movie,Title_5234,Spain,2013,2021,TV-MA,International Movies
s5235,TV Show,Title_5235,Japan,2020,2020,TV-MA,Crime TV Shows
s5236,TV Show,Title_5236,United States,2015,2012,TV-14,Sci-Fi & Fantasy
s5237,Movie,Title_5237,United Kingdom,2019,2017,TV-MA,Anime Series
s5238,TV Show,Title_5238,United States,2019,2018,TV-14,International Movies
s5239,TV Show,Title_5239,India,2018,2014,TV-14,Sci-Fi & Fantasy
s5240,Movie,Title_5240,Brazil,2014,2018,TV-PG,Reality TV
s5241,Movie,Title_5241,India,2015,2018,TV-MA,Stand-Up Comedy
s5242,Movie,Title_5242,Mexico,2011,2014,TV-MA,Stand-Up Comedy
s5243,Movie,Title_5243,Canada,2015,2013,TV-PG,Kids TV
s5244,TV Show,Title_5244,United States,2016,2019,TV-PG,Dramas
s5245,TV Show,Title_5245,Canada,2020,2016,TV-MA,Anime Series
s5246,Movie,Title_5246,United Kingdom,2016,2015,TV-14,Dramas
s5247,Movie,Title_5247,India,2019,2019,R,Action & Adventure
s5248,Movie,Title_5248,United States,2017,2019,TV-MA,Dramas
s5249,Movie,Title_5249,India,2019,2015,TV-14,Romantic Movies
s5250,Movie,Title_5250,United States,2021,2020,TV-MA,Dramas
s5251,Movie,Title_5251,United States,2015,2019,PG,Romantic Movies
s5252,Movie,Title_5252,India,2020,2016,TV-MA,Crime TV Shows
s5253,TV Show,Title_5253,United States,2018,2017,TV-MA,International TV Shows
s5254,TV Show,Title_5254,Italy,2020,2019,PG,Documentaries
s5255,TV Show,Title_5255,India,2018,2014,TV-MA,Dramas
s5256,Movie,Title_5256,Spain,2017,2017,TV-14,Romantic Movies
s5257,Movie,Title_5257,United Kingdom,2015,2018,TV-MA,Kids TV
s5258,Movie,Title_5258,Japan,2012,2018,TV-Y,Thrillers
s5259,TV Show,Title_5259,United States,2018,2018,PG-13,International TV Shows
s5260,Movie,Title_5260,Turkey,2021,2018,TV-PG,Action & Adventure
s5261,Movie,Title_5261,United Kingdom,2019,2014,TV-MA,Romantic Movies
s5262,TV Show,Title_5262,Mexico,2016,2017,TV-MA,Anime Series
s5263,Movie,Title_5263,India,2020,2018,TV-14,Crime TV Shows
s5264,Movie,Title_5264,United States,2019,2019,TV-MA,Crime TV Shows
s5265,Movie,Title_5265,Japan,2015,2018,TV-PG,Documentaries
s5266,Movie,Title_5266,United States,2009,2017,TV-14,Reality TV
s5267,Movie,Title_5267,United Kingdom,2013,2021,PG-13,Horror Movies
s5268,Movie,Title_5268,United States,2020,2012,TV-MA,International Movies
s5269,Movie,Title_5269,France,2020,2014,TV-14,Comedies
s5270,TV Show,Title_5270,Nigeria,2015,2016,R,Anime Series
s5271,TV Show,Title_5271,India,2015,2015,TV-14,Comedies
s5272,TV Show,Title_5272,Germany,2020,2018,PG-13,Crime TV Shows
s5273,Movie,Title_5273,United Kingdom,2021,2010,TV-MA,Sci-Fi & Fantasy
s5274,Movie,Title_5274,United Kingdom,2019,2014,R,Horror Movies
s5275,Movie,Title_5275,Italy,2018,2015,NR,Comedies
s5276,Movie,Title_5276,Brazil,2015,2019,TV-MA,Romantic Movies
s5277,Movie,Title_5277,Spain,2018,2020,TV-14,Documentaries
s5278,Movie,Title_5278,United States,2015,2020,TV-MA,Thrillers
s5279,TV Show,Title_5279,United Kingdom,2020,2014,TV-PG,Thrillers
s5280,Movie,Title_5280,United States,2016,2018,TV-14,Thrillers
s5281,Movie,Title_5281,India,2020,2010,TV-MA,Dramas
s5282,Movie,Title_5282,United Kingdom,2016,2016,R,Thrillers
s5283,TV Show,Title_5283,Mexico,2020,2020,PG-13,Dramas
s5284,Movie,Title_5284,Brazil,2016,2017,PG,Sci-Fi & Fantasy
s5285,Movie,Title_5285,India,2017,2013,TV-14,Thrillers
s5286,TV Show,Title_5286,United States,2018,2017,TV-14,Anime Series
s5287,TV Show,Title_5287,Australia,2012,2014,PG,Romantic Movies
s5288,Movie,Title_5288,United States,2021,2016,TV-14,International TV Shows
s5289,Movie,Title_5289,France,2018,2017,TV-PG,Thrillers
s5290,Movie,Title_5290,United States,2017,2016,TV-PG,Comedies
s5291,TV Show,Title_5291,India,2020,2021,TV-14,Comedies
s5292,Movie,Title_5292,Nigeria,2020,2018,TV-MA,Thrillers
s5293,Movie,Title_5293,United States,2018,2020,TV-MA,International Movies
s5294,Movie,Title_5294,India,2021,2019,TV-14,International TV Shows
s5295,Movie,Title_5295,United States,2011,2019,TV-14,Kids TV
s5296,Movie,Title_5296,Brazil,2013,2017,PG-13,Documentaries
s5297,Movie,Title_5297,Australia,2018,2008,TV-14,Romantic Movies
s5298,TV Show,Title_5298,United States,2016,2018,TV-MA,Comedies
s5299,TV Show,Title_5299,United States,2017,2016,TV-14,Documentaries
s5300,Movie,Title_5300,France,2016,2013,TV-MA,Reality TV
s5301,TV Show,Title_5301,United States,2017,2017,TV-MA,Anime Series
s5302,Movie,Title_5302,Japan,2020,2019,TV-MA,Comedies
s5303,Movie,Title_5303,United States,2018,2021,TV-MA,International Movies
s5304,TV Show,Title_5304,United States,2021,2016,TV-MA,Action & Adventure
s5305,Movie,Title_5305,Japan,2019,2018,TV-MA,Documentaries
s5306,Movie,Title_5306,United States,2015,2020,R,Thrillers
s5307,Movie,Title_5307,Australia,2015,2016,TV-MA,Anime Series
s5308,TV Show,Title_5308,United States,2016,2013,TV-MA,Anime Series
s5309,Movie,Title_5309,United States,2020,2015,NR,Reality TV
s5310,TV Show,Title_5310,Nigeria,2010,2020,TV-PG,Reality TV
s5311,Movie,Title_5311,India,2015,2013,TV-MA,Reality TV
s5312,Movie,Title_5312,Japan,2020,2016,TV-MA,International TV Shows
s5313,Movie,Title_5313,United States,2018,2017,TV-PG,International Movies
s5314,TV Show,Title_5314,Canada,2015,2020,TV-14,Anime Series
s5315,Movie,Title_5315,South Korea,2014,2021,TV-MA,Reality TV
s5316,TV Show,Title_5316,United States,2020,2017,TV-MA,Comedies
s5317,TV Show,Title_5317,Mexico,2020,2021,NR,Comedies
s5318,TV Show,Title_5318,Canada,2015,2014,TV-14,Thrillers
s5319,Movie,Title_5319,India,2017,2013,TV-14,Dramas
s5320,Movie,Title_5320,Canada,2020,2021,TV-MA,Children & Family Movies
s5321,Movie,Title_5321,Canada,2019,2017,TV-MA,Anime Series
s5322,TV Show,Title_5322,United States,2020,2014,TV-14,Stand-Up Comedy
s5323,TV Show,Title_5323,India,2017,2017,NR,Children & Family Movies
s5324,Movie,Title_5324,United States,2021,2019,TV-MA,Action & Adventure
s5325,TV Show,Title_5325,India,2016,2020,TV-Y7,Children & Family Movies
s5326,TV Show,Title_5326,Spain,2013,2020,TV-MA,Dramas
s5327,TV Show,Title_5327,United Kingdom,2019,2018,TV-14,Sci-Fi & Fantasy
s5328,TV Show,Title_5328,Turkey,2018,2020,TV-MA,Anime Series
s5329,TV Show,Title_5329,United States,2020,2017,TV-14,International TV Shows
s5330,TV Show,Title_5330,India,2012,2018,TV-14,Anime Series
s5331,TV Show,Title_5331,Spain,2020,2019,TV-PG,Stand-Up Comedy
s5332,TV Show,Title_5332,United Kingdom,2015,2017,TV-14,Reality TV
s5333,Movie,Title_5333,United Kingdom,2018,2012,TV-14,Romantic Movies
s5334,TV Show,Title_5334,United States,2011,2016,R,International TV Shows
s5335,Movie,Title_5335,India,2018,2018,TV-MA,Romantic Movies
s5336,Movie,Title_5336,United States,2019,2014,TV-14,Comedies
s5337,Movie,Title_5337,Nigeria,2016,2013,TV-MA,Horror Movies
s5338,Movie,Title_5338,United States,2014,2015,TV-14,Dramas
s5339,Movie,Title_5339,Brazil,2018,2010,R,Sci-Fi & Fantasy
s5340,Movie,Title_5340,Japan,2020,2019,TV-MA,Sci-Fi & Fantasy
s5341,TV Show,Title_5341,United States,2016,2015,NR,Thrillers
s5342,TV Show,Title_5342,United Kingdom,2015,2013,PG,Dramas
s5343,TV Show,Title_5343,Mexico,2015,2019,TV-14,Stand-Up Comedy
s5344,Movie,Title_5344,Brazil,2021,2020,TV-MA,Reality TV
s5345,Movie,Title_5345,United States,2016,2009,R,Comedies
s5346,Movie,Title_5346,United States,2008,2015,PG,Action & Adventure
s5347,Movie,Title_5347,United States,2019,2021,TV-MA,Kids TV
s5348,TV Show,Title_5348,United States,2019,2016,PG,Thrillers
s5349,Movie,Title_5349,Canada,2013,2021,PG,Action & Adventure
s5350,Movie,Title_5350,Australia,2021,2015,TV-14,Reality TV
s5351,TV Show,Title_5351,India,2018,2014,R,Stand-Up Comedy
s5352,Movie,Title_5352,South Korea,2017,2014,TV-14,Horror Movies
s5353,Movie,Title_5353,France,2016,2012,TV-14,Documentaries
s5354,Movie,Title_5354,India,2020,2020,TV-MA,Dramas
s5355,Movie,Title_5355,United States,2015,2021,TV-MA,Stand-Up Comedy
s5356,TV Show,Title_5356,Japan,2015,2021,R,Reality TV
s5357,Movie,Title_5357,Australia,2013,2020,TV-MA,Anime Series
s5358,Movie,Title_5358,Japan,2019,2020,TV-14,International TV Shows
s5359,TV Show,Title_5359,United States,2018,2019,PG-13,Sci-Fi & Fantasy
s5360,TV Show,Title_5360,United States,2018,2020,TV-MA,International Movies
s5361,Movie,Title_5361,United States,2014,2014,TV-MA,Sci-Fi & Fantasy
s5362,TV Show,Title_5362,Canada,2018,2016,TV-14,Thrillers
s5363,TV Show,Title_5363,South Korea,2019,2018,TV-MA,Thrillers
s5364,Movie,Title_5364,United States,2016,2020,PG-13,Sci-Fi & Fantasy
s5365,Movie,Title_5365,Mexico,2020,2019,TV-14,Crime TV Shows
s5366,Movie,Title_5366,United Kingdom,2016,2020,TV-14,Children & Family Movies
s5367,TV Show,Title_5367,Japan,2019,2017,TV-MA,Kids TV
s5368,Movie,Title_5368,Nigeria,2010,2019,TV-MA,Horror Movies
s5369,TV Show,Title_5369,United States,2018,2021,TV-MA,Dramas
s5370,TV Show,Title_5370,Brazil,2021,2013,TV-MA,Romantic Movies
s5371,TV Show,Title_5371,United States,2021,2021,TV-14,Anime Series
s5372,TV Show,Title_5372,India,2015,2018,TV-14,Kids TV
s5373,Movie,Title_5373,Australia,2017,2018,TV-MA,Stand-Up Comedy
s5374,TV Show,Title_5374,Brazil,2011,2020,TV-MA,Crime TV Shows
s5375,Movie,Title_5375,United Kingdom,2020,2017,TV-14,Documentaries
s5376,Movie,Title_5376,Canada,2018,2017,R,Anime Series
s5377,Movie,Title_5377,Japan,2016,2018,TV-PG,Thrillers
s5378,Movie,Title_5378,Mexico,2013,2009,TV-MA,Stand-Up Comedy
s5379,Movie,Title_5379,United States,2021,2017,PG,Stand-Up Comedy
s5380,TV Show,Title_5380,Germany,2018,2015,PG,Kids TV
s5381,Movie,Title_5381,United Kingdom,2015,2021,TV-MA,Crime TV Shows
s5382,Movie,Title_5382,India,2016,2012,TV-PG,Children & Family Movies
s5383,Movie,Title_5383,India,2015,2017,TV-14,Children & Family Movies
s5384,Movie,Title_5384,United Kingdom,2018,2021,NR,Kids TV
s5385,Movie,Title_5385,Turkey,2021,2020,TV-14,Kids TV
s5386,TV Show,Title_5386,United Kingdom,2020,2019,TV-G,Dramas
s5387,Movie,Title_5387,Turkey,2017,2018,TV-MA,Stand-Up Comedy
s5388,Movie,Title_5388,United States,2020,2015,TV-MA,Sci-Fi & Fantasy
s5389,Movie,Title_5389,South Korea,2017,2016,R,Comedies
s5390,Movie,Title_5390,Germany,2015,2012,R,Documentaries
s5391,TV Show,Title_5391,Japan,2021,2019,R,Action & Adventure
s5392,Movie,Title_5392,Canada,2016,2016,PG-13,Romantic Movies
s5393,Movie,Title_5393,Canada,2016,2019,TV-PG,Comedies
s5394,Movie,Title_5394,Australia,2021,2016,TV-PG,Romantic Movies
s5395,TV Show,Title_5395,Mexico,2013,2017,TV-14,Documentaries
s5396,Movie,Title_5396,United States,2019,2018,TV-14,Comedies
s5397,Movie,Title_5397,Australia,2021,2020,TV-14,Horror Movies
s5398,Movie,Title_5398,India,2017,2014,TV-PG,Sci-Fi & Fantasy
s5399,TV Show,Title_5399,United States,2008,2016,TV-14,Crime TV Shows
s5400,TV Show,Title_5400,Australia,2016,2013,TV-MA,Anime Series
s5401,Movie,Title_5401,India,2013,2012,TV-MA,Horror Movies
s5402,TV Show,Title_5402,Germany,2017,2018,NR,Anime Series
s5403,Movie,Title_5403,United States,2020,2014,TV-MA,Thrillers
s5404,Movie,Title_5404,United States,2017,2011,TV-MA,Comedies
s5405,Movie,Title_5405,United Kingdom,2017,2020,TV-14,Documentaries
s5406,Movie,Title_5406,United States,2018,2018,TV-MA,Crime TV Shows
s5407,Movie,Title_5407,South Korea,2018,2013,TV-14,Stand-Up Comedy
s5408,TV Show,Title_5408,United States,2020,2011,TV-MA,Sci-Fi & Fantasy
s5409,Movie,Title_5409,India,2016,2013,TV-MA,Horror Movies
s5410,Movie,Title_5410,United States,2020,2017,PG-13,Comedies
s5411,Movie,Title_5411,United States,2018,2019,R,Documentaries
s5412,Movie,Title_5412,Spain,2016,2018,TV-MA,Anime Series
s5413,Movie,Title_5413,United States,2015,2013,TV-PG,Reality TV
s5414,TV Show,Title_5414,France,2016,2018,TV-PG,International TV Shows
s5415,Movie,Title_5415,Italy,2018,2017,TV-PG,Reality TV
s5416,Movie,Title_5416,Japan,2015,2017,TV-14,Anime Series
s5417,Movie,Title_5417,Germany,2021,2020,TV-MA,International Movies
s5418,TV Show,Title_5418,United States,2018,2016,TV-PG,International Movies
s5419,TV Show,Title_5419,United States,2021,2013,TV-14,International Movies
s5420,Movie,Title_5420,Brazil,2011,2020,TV-MA,Kids TV
s5421,Movie,Title_5421,Japan,2016,2014,TV-14,Sci-Fi & Fantasy
s5422,Movie,Title_5422,France,2010,2015,R,Thrillers
s5423,Movie,Title_5423,France,2015,2019,TV-14,Comedies
s5424,TV Show,Title_5424,India,2020,2019,TV-MA,Sci-Fi & Fantasy
s5425,Movie,Title_5425,United States,2010,2020,PG-13,Romantic Movies
s5426,Movie,Title_5426,Spain,2017,2014,PG,Documentaries
s5427,Movie,Title_5427,Japan,2013,2016,TV-14,Stand-Up Comedy
s5428,Movie,Title_5428,India,2017,2013,TV-14,Documentaries
s5429,Movie,Title_5429,Brazil,2020,2018,TV-PG,International Movies
s5430,Movie,Title_5430,United States,2018,2015,TV-MA,Thrillers
s5431,Movie,Title_5431,United States,2019,2019,TV-PG,International Movies
s5432,Movie,Title_5432,Australia,2016,2008,R,Anime Series
s5433,Movie,Title_5433,Germany,2021,2011,TV-14,Stand-Up Comedy
s5434,Movie,Title_5434,United Kingdom,2019,2017,TV-MA,International Movies
s5435,TV Show,Title_5435,United States,2017,2021,TV-MA,Children & Family Movies
s5436,Movie,Title_5436,United States,2017,2020,TV-PG,Reality TV
s5437,TV Show,Title_5437,France,2021,2021,TV-MA,Action & Adventure
s5438,TV Show,Title_5438,India,2018,2017,TV-14,Action & Adventure
s5439,Movie,Title_5439,Mexico,2019,2011,TV-14,International TV Shows
s5440,Movie,Title_5440,Turkey,2017,2016,TV-MA,Reality TV
s5441,TV Show,Title_5441,Germany,2015,2019,TV-14,Stand-Up Comedy
s5442,Movie,Title_5442,India,2019,2013,TV-14,Action & Adventure
s5443,Movie,Title_5443,Germany,2018,2015,TV-PG,Stand-Up Comedy
s5444,Movie,Title_5444,United States,2017,2011,TV-MA,Horror Movies
s5445,TV Show,Title_5445,United States,2018,2017,TV-MA,Stand-Up Comedy
s5446,TV Show,Title_5446,United States,2014,2014,PG-13,Action & Adventure
s5447,TV Show,Title_5447,India,2020,2012,TV-PG,Documentaries
s5448,Movie,Title_5448,Brazil,2021,2017,R,Thrillers
s5449,Movie,Title_5449,United States,2020,2016,TV-MA,International TV Shows
s5450,TV Show,Title_5450,United States,2016,2018,TV-MA,Horror Movies
s5451,TV Show,Title_5451,Nigeria,2017,2019,TV-14,Anime Series
s5452,Movie,Title_5452,United States,2020,2013,PG-13,Documentaries
s5453,Movie,Title_5453,Spain,2018,2020,PG,Sci-Fi & Fantasy
s5454,TV Show,Title_5454,United States,2018,2010,PG-13,Reality TV
s5455,Movie,Title_5455,United States,2021,2017,TV-MA,Reality TV
s5456,Movie,Title_5456,Italy,2018,2018,PG-13,International Movies
s5457,TV Show,Title_5457,United States,2017,2021,PG,Children & Family Movies
s5458,TV Show,Title_5458,United Kingdom,2011,2018,TV-MA,Thrillers
s5459,Movie,Title_5459,United States,2011,2013,TV-14,Crime TV Shows
s5460,TV Show,Title_5460,United States,2008,2017,TV-14,Kids TV
s5461,Movie,Title_5461,United States,2021,2016,TV-MA,Reality TV
s5462,TV Show,Title_5462,United States,2017,2017,TV-14,Comedies
s5463,Movie,Title_5463,United States,2017,2014,PG,Sci-Fi & Fantasy
s5464,TV Show,Title_5464,Spain,2020,2017,PG-13,Stand-Up Comedy
s5465,TV Show,Title_5465,United Kingdom,2018,2013,NR,Comedies
s5466,Movie,Title_5466,United States,2018,2019,TV-14,Sci-Fi & Fantasy
s5467,Movie,Title_5467,India,2015,2018,TV-14,Sci-Fi & Fantasy
s5468,Movie,Title_5468,Italy,2020,2012,TV-PG,Romantic Movies
s5469,Movie,Title_5469,Italy,2014,2020,TV-14,Crime TV Shows
s5470,TV Show,Title_5470,Japan,2011,2018,TV-MA,Action & Adventure
s5471,Movie,Title_5471,Brazil,2014,2016,TV-PG,Horror Movies
s5472,Movie,Title_5472,United States,2015,2011,TV-MA,Anime Series
s5473,TV Show,Title_5473,India,2015,2018,TV-MA,Action & Adventure
s5474,TV Show,Title_5474,Canada,2019,2016,TV-MA,International Movies
s5475,Movie,Title_5475,France,2014,2020,NR,Horror Movies
s5476,TV Show,Title_5476,United Kingdom,2019,2010,TV-MA,Romantic Movies
s5477,Movie,Title_5477,India,2012,2010,TV-14,Stand-Up Comedy
s5478,TV Show,Title_5478,Nigeria,2013,2021,TV-G,International TV Shows
s5479,TV Show,Title_5479,Mexico,2017,2021,TV-14,Action & Adventure
s5480,Movie,Title_5480,India,2021,2010,TV-MA,Sci-Fi & Fantasy
s5481,Movie,Title_5481,South Korea,2020,2019,TV-14,Anime Series
s5482,Movie,Title_5482,United States,2021,2015,TV-MA,Crime TV Shows
s5483,Movie,Title_5483,United States,2018,2019,TV-MA,Thrillers
s5484,Movie,Title_5484,United States,2019,2020,PG-13,Thrillers
s5485,Movie,Title_5485,India,2018,2012,TV-MA,Crime TV Shows
s5486,Movie,Title_5486,United States,2018,2015,TV-PG,International Movies
s5487,Movie,Title_5487,Germany,2013,2010,TV-14,Horror Movies
s5488,TV Show,Title_5488,India,2018,2011,TV-MA,Sci-Fi & Fantasy
s5489,TV Show,Title_5489,Canada,2016,2010,TV-14,Thrillers
s5490,Movie,Title_5490,United States,2017,2020,TV-MA,Documentaries
s5491,Movie,Title_5491,United States,2018,2015,TV-MA,International Movies
s5492,TV Show,Title_5492,Brazil,2013,2017,TV-14,Anime Series
s5493,TV Show,Title_5493,Canada,2016,2019,TV-MA,Reality TV
s5494,TV Show,Title_5494,Turkey,2011,2017,TV-PG,Romantic Movies
s5495,Movie,Title_5495,Nigeria,2021,2017,TV-MA,International TV Shows
s5496,Movie,Title_5496,India,2013,2009,TV-14,International TV Shows
s5497,TV Show,Title_5497,United States,2015,2018,TV-PG,Dramas
s5498,Movie,Title_5498,Australia,2020,2013,TV-14,Children & Family Movies
s5499,Movie,Title_5499,Nigeria,2017,2019,PG,Action & Adventure
s5500,Movie,Title_5500,France,2013,2015,TV-PG,Crime TV Shows
s5501,Movie,Title_5501,Germany,2016,2019,TV-G,Anime Series
s5502,Movie,Title_5502,Spain,2013,2018,TV-MA,Children & Family Movies
s5503,Movie,Title_5503,India,2014,2018,NR,Documentaries
s5504,TV Show,Title_5504,Canada,2011,2015,TV-PG,Sci-Fi & Fantasy
s5505,Movie,Title_5505,Mexico,2017,2015,R,Dramas
s5506,TV Show,Title_5506,Japan,2020,2020,PG,Documentaries
s5507,Movie,Title_5507,United States,2018,2009,TV-14,Kids TV
s5508,Movie,Title_5508,United States,2018,2014,PG-13,Action & Adventure
s5509,TV Show,Title_5509,United States,2014,2018,TV-14,Dramas
s5510,TV Show,Title_5510,United States,2016,2020,TV-14,Romantic Movies
s5511,Movie,Title_5511,Brazil,2020,2016,TV-14,International Movies
s5512,Movie,Title_5512,United States,2012,2018,TV-MA,Anime Series
s5513,Movie,Title_5513,United States,2020,2018,TV-14,International TV Shows
s5514,Movie,Title_5514,United States,2017,2011,G,Anime Series
s5515,Movie,Title_5515,France,2020,2018,R,Horror Movies
s5516,Movie,Title_5516,United Kingdom,2016,2020,R,International TV Shows
s5517,Movie,Title_5517,United States,2016,2021,TV-PG,Kids TV
s5518,TV Show,Title_5518,United States,2019,2010,TV-MA,Dramas
s5519,Movie,Title_5519,United States,2019,2019,TV-MA,Romantic Movies
s5520,Movie,Title_5520,United Kingdom,2015,2017,TV-MA,Action & Adventure
s5521,TV Show,Title_5521,United States,2021,2008,TV-MA,Stand-Up Comedy
s5522,Movie,Title_5522,Turkey,2012,2018,TV-PG,Documentaries
s5523,Movie,Title_5523,India,2011,2013,PG-13,Romantic Movies
s5524,Movie,Title_5524,United States,2018,2016,TV-MA,Children & Family Movies
s5525,Movie,Title_5525,South Korea,2019,2015,TV-MA,International TV Shows
s5526,TV Show,Title_5526,United States,2021,2016,TV-MA,Crime TV Shows
s5527,Movie,Title_5527,France,2017,2017,TV-MA,International Movies
s5528,Movie,Title_5528,United States,2010,2016,TV-14,Action & Adventure
s5529,Movie,Title_5529,Canada,2018,2018,TV-MA,Action & Adventure
s5530,TV Show,Title_5530,Spain,2015,2015,TV-MA,Dramas
s5531,Movie,Title_5531,Italy,2017,2018,PG,Kids TV
s5532,TV Show,Title_5532,United States,2017,2020,TV-MA,Stand-Up Comedy
s5533,TV Show,Title_5533,United States,2011,2015,R,Crime TV Shows
s5534,TV Show,Title_5534,India,2017,2017,TV-PG,Comedies
s5535,Movie,Title_5535,Italy,2017,2018,TV-MA,International TV Shows
s5536,Movie,Title_5536,Brazil,2019,2018,PG-13,Kids TV
s5537,Movie,Title_5537,United States,2018,2016,TV-14,Anime Series
s5538,Movie,Title_5538,United States,2014,2018,TV-MA,Kids TV
s5539,TV Show,Title_5539,United Kingdom,2014,2010,TV-MA,Anime Series
s5540,Movie,Title_5540,United States,2015,2016,R,Action & Adventure
s5541,Movie,Title_5541,United States,2014,2018,TV-14,International Movies
s5542,Movie,Title_5542,United States,2018,2010,TV-14,Kids TV
s5543,TV Show,Title_5543,France,2021,2017,TV-MA,Romantic Movies
s5544,Movie,Title_5544,Turkey,2018,2018,TV-MA,Documentaries
s5545,Movie,Title_5545,Nigeria,2018,2019,R,Sci-Fi & Fantasy
s5546,Movie,Title_5546,India,2017,2013,PG-13,Kids TV
s5547,Movie,Title_5547,Canada,2016,2021,TV-14,Documentaries
s5548,Movie,Title_5548,Australia,2021,2018,TV-MA,International TV Shows
s5549,Movie,Title_5549,United States,2021,2016,NR,Comedies
s5550,Movie,Title_5550,Japan,2017,2015,TV-PG,Reality TV
s5551,TV Show,Title_5551,India,2015,2018,R,Stand-Up Comedy
s5552,Movie,Title_5552,United States,2019,2020,TV-MA,International TV Shows
s5553,TV Show,Title_5553,India,2013,2018,TV-14,Dramas
s5554,Movie,Title_5554,United States,2019,2019,PG,Anime Series
s5555,Movie,Title_5555,Japan,2020,2016,TV-MA,Sci-Fi & Fantasy
s5556,TV Show,Title_5556,United States,2013,2016,R,International Movies
s5557,Movie,Title_5557,United States,2021,2015,TV-PG,Dramas
s5558,Movie,Title_5558,United States,2021,2019,TV-MA,Sci-Fi & Fantasy
s5559,TV Show,Title_5559,Australia,2021,2016,R,Thrillers
s5560,TV Show,Title_5560,United Kingdom,2017,2014,TV-MA,International TV Shows
s5561,TV Show,Title_5561,Canada,2015,2016,R,Action & Adventure
s5562,TV Show,Title_5562,Canada,2018,2020,TV-Y7,Romantic Movies
s5563,Movie,Title_5563,India,2017,2019,TV-G,Dramas
s5564,Movie,Title_5564,United States,2014,2016,PG-13,Children & Family Movies
s5565,TV Show,Title_5565,South Korea,2017,2020,TV-14,Horror Movies
s5566,Movie,Title_5566,United States,2019,2012,TV-PG,Documentaries
s5567,Movie,Title_5567,United States,2012,2011,R,Children & Family Movies
s5568,Movie,Title_5568,Japan,2016,2013,TV-MA,Action & Adventure
s5569,Movie,Title_5569,United States,2009,2013,TV-MA,Action & Adventure
s5570,TV Show,Title_5570,United States,2019,2012,TV-14,Action & Adventure
s5571,Movie,Title_5571,United Kingdom,2018,2019,TV-MA,Anime Series
s5572,TV Show,Title_5572,India,2011,2018,PG,Documentaries
s5573,TV Show,Title_5573,Japan,2021,2018,TV-14,Stand-Up Comedy
s5574,TV Show,Title_5574,France,2010,2019,TV-MA,Action & Adventure
s5575,TV Show,Title_5575,France,2018,2019,TV-14,Children & Family Movies
s5576,Movie,Title_5576,Japan,2019,2014,PG-13,Horror Movies
s5577,Movie,Title_5577,United States,2019,2018,NR,Thrillers
s5578,TV Show,Title_5578,United States,2010,2018,TV-MA,Action & Adventure
s5579,Movie,Title_5579,India,2020,2021,R,Sci-Fi & Fantasy
s5580,TV Show,Title_5580,United States,2021,2015,TV-14,Documentaries
s5581,Movie,Title_5581,Nigeria,2018,2011,TV-14,Stand-Up Comedy
s5582,Movie,Title_5582,Germany,2017,2018,R,Action & Adventure
s5583,Movie,Title_5583,United States,2011,2019,TV-MA,Anime Series
s5584,Movie,Title_5584,United States,2018,2015,TV-14,Action & Adventure
s5585,Movie,Title_5585,United States,2017,2018,TV-MA,Children & Family Movies
s5586,Movie,Title_5586,United States,2019,2011,TV-MA,Thrillers
s5587,Movie,Title_5587,United States,2017,2021,TV-MA,Dramas
s5588,Movie,Title_5588,United Kingdom,2019,2012,TV-MA,International TV Shows
s5589,TV Show,Title_5589,Australia,2012,2011,TV-PG,Horror Movies
s5590,Movie,Title_5590,South Korea,2013,2011,TV-MA,Anime Series
s5591,TV Show,Title_5591,United States,2013,2017,TV-14,Documentaries
s5592,Movie,Title_5592,India,2011,2012,TV-14,Romantic Movies
s5593,TV Show,Title_5593,United Kingdom,2018,2019,PG,Crime TV Shows
s5594,Movie,Title_5594,Germany,2020,2020,TV-PG,International Movies
s5595,Movie,Title_5595,Mexico,2018,2015,TV-Y,Documentaries
s5596,Movie,Title_5596,Italy,2018,2018,TV-MA,Stand-Up Comedy
s5597,Movie,Title_5597,United Kingdom,2019,2011,TV-PG,Thrillers
s5598,TV Show,Title_5598,Japan,2016,2016,TV-MA,Stand-Up Comedy
s5599,Movie,Title_5599,United States,2016,2015,R,Documentaries
s5600,Movie,Title_5600,Canada,2016,2015,TV-14,Action & Adventure
s5601,Movie,Title_5601,United States,2019,2018,TV-PG,Romantic Movies
s5602,Movie,Title_5602,India,2014,2013,TV-MA,Comedies
s5603,Movie,Title_5603,France,2009,2020,TV-MA,Sci-Fi & Fantasy
s5604,Movie,Title_5604,United States,2018,2019,R,International Movies
s5605,Movie,Title_5605,United States,2021,2019,PG,International TV Shows
s5606,TV Show,Title_5606,United States,2018,2021,TV-MA,Horror Movies
s5607,Movie,Title_5607,United States,2019,2021,NR,International TV Shows
s5608,Movie,Title_5608,United States,2019,2018,TV-MA,Dramas
s5609,Movie,Title_5609,United States,2017,2017,R,Romantic Movies
s5610,Movie,Title_5610,United States,2019,2016,TV-G,Reality TV
s5611,Movie,Title_5611,United States,2020,2019,TV-MA,International TV Shows
s5612,Movie,Title_5612,Nigeria,2015,2018,TV-14,International Movies
s5613,Movie,Title_5613,United States,2016,2021,TV-MA,Thrillers
s5614,TV Show,Title_5614,United States,2015,2015,TV-14,Anime Series
s5615,Movie,Title_5615,United Kingdom,2017,2016,R,Thrillers
s5616,Movie,Title_5616,Australia,2020,2016,TV-PG,Kids TV
s5617,Movie,Title_5617,Japan,2016,2020,TV-G,Dramas
s5618,TV Show,Title_5618,United States,2016,2012,TV-MA,Stand-Up Comedy
s5619,Movie,Title_5619,Canada,2020,2017,TV-14,Crime TV Shows
s5620,Movie,Title_5620,Japan,2017,2017,TV-14,Action & Adventure
s5621,TV Show,Title_5621,South Korea,2018,2012,PG,Reality TV
s5622,TV Show,Title_5622,France,2020,2017,TV-MA,Children & Family Movies
s5623,Movie,Title_5623,Australia,2017,2017,TV-Y,Romantic Movies
s5624,TV Show,Title_5624,Australia,2019,2011,TV-14,International TV Shows
s5625,Movie,Title_5625,Canada,2012,2017,TV-PG,International TV Shows
s5626,Movie,Title_5626,India,2014,2021,TV-14,Horror Movies
s5627,Movie,Title_5627,France,2017,2021,PG-13,Sci-Fi & Fantasy
s5628,Movie,Title_5628,Mexico,2017,2018,TV-14,International Movies
s5629,Movie,Title_5629,United States,2021,2017,TV-PG,Children & Family Movies
s5630,Movie,Title_5630,Nigeria,2021,2015,TV-PG,Dramas
s5631,Movie,Title_5631,United States,2020,2021,TV-14,Comedies
s5632,Movie,Title_5632,India,2016,2015,TV-MA,Action & Adventure
s5633,Movie,Title_5633,Australia,2021,2017,PG-13,Comedies
s5634,Movie,Title_5634,United States,2019,2008,TV-MA,Stand-Up Comedy
s5635,TV Show,Title_5635,United Kingdom,2016,2016,PG-13,Crime TV Shows
s5636,TV Show,Title_5636,United States,2019,2012,TV-PG,Kids TV
s5637,Movie,Title_5637,India,2009,2019,TV-MA,Reality TV
s5638,Movie,Title_5638,United States,2013,2018,TV-14,Sci-Fi & Fantasy
s5639,Movie,Title_5639,India,2020,2018,TV-PG,Kids TV
s5640,Movie,Title_5640,India,2018,2015,TV-PG,Reality TV
s5641,Movie,Title_5641,Nigeria,2016,2020,PG-13,Sci-Fi & Fantasy
s5642,Movie,Title_5642,Nigeria,2017,2008,TV-MA,Children & Family Movies
s5643,Movie,Title_5643,United States,2020,2016,NR,Comedies
s5644,TV Show,Title_5644,South Korea,2018,2018,TV-14,Children & Family Movies
s5645,Movie,Title_5645,United States,2016,2020,PG-13,International Movies
s5646,Movie,Title_5646,United States,2013,2015,TV-MA,Sci-Fi & Fantasy
s5647,Movie,Title_5647,United States,2015,2018,TV-MA,Kids TV
s5648,TV Show,Title_5648,Turkey,2021,2018,TV-14,Crime TV Shows
s5649,Movie,Title_5649,Turkey,2017,2020,TV-MA,Sci-Fi & Fantasy
s5650,Movie,Title_5650,United States,2017,2011,TV-Y,Crime TV Shows
s5651,TV Show,Title_5651,United States,2017,2017,TV-MA,Comedies
s5652,Movie,Title_5652,United States,2020,2014,TV-MA,Children & Family Movies
s5653,Movie,Title_5653,United Kingdom,2018,2010,TV-MA,Romantic Movies
s5654,TV Show,Title_5654,Canada,2019,2013,TV-MA,Anime Series
s5655,Movie,Title_5655,United States,2016,2021,TV-14,Documentaries
s5656,Movie,Title_5656,South Korea,2010,2014,TV-14,Kids TV
s5657,Movie,Title_5657,United States,2021,2021,TV-MA,International TV Shows
s5658,TV Show,Title_5658,Italy,2021,2014,TV-MA,Anime Series
s5659,TV Show,Title_5659,France,2021,2021,TV-MA,Horror Movies
s5660,TV Show,Title_5660,India,2021,2018,TV-MA,Stand-Up Comedy
s5661,TV Show,Title_5661,Germany,2020,2013,R,Thrillers
s5662,Movie,Title_5662,Germany,2019,2018,R,Kids TV
s5663,TV Show,Title_5663,United States,2020,2016,R,Action & Adventure
s5664,Movie,Title_5664,United States,2018,2016,TV-G,Comedies
s5665,Movie,Title_5665,Italy,2013,2017,PG,Thrillers
s5666,Movie,Title_5666,United States,2016,2017,TV-14,Sci-Fi & Fantasy
s5667,Movie,Title_5667,United States,2021,2019,TV-14,Horror Movies
s5668,Movie,Title_5668,India,2016,2019,PG,Documentaries
s5669,Movie,Title_5669,Germany,2020,2016,TV-PG,Kids TV
s5670,Movie,Title_5670,Spain,2012,2021,TV-MA,Children & Family Movies
s5671,TV Show,Title_5671,Italy,2016,2021,TV-14,Children & Family Movies
s5672,TV Show,Title_5672,United Kingdom,2016,2011,TV-Y7,Sci-Fi & Fantasy
s5673,TV Show,Title_5673,United States,2011,2009,PG-13,Reality TV
s5674,TV Show,Title_5674,Canada,2013,2017,TV-MA,Children & Family Movies
s5675,Movie,Title_5675,Spain,2014,2018,TV-G,Horror Movies
s5676,Movie,Title_5676,United States,2020,2015,TV-Y,International Movies
s5677,TV Show,Title_5677,United States,2011,2015,TV-MA,Stand-Up Comedy
s5678,Movie,Title_5678,United States,2015,2019,PG,International Movies
s5679,Movie,Title_5679,Canada,2009,2018,PG,International TV Shows
s5680,Movie,Title_5680,Brazil,2019,2014,TV-MA,Crime TV Shows
s5681,Movie,Title_5681,Japan,2018,2020,TV-PG,Dramas
s5682,TV Show,Title_5682,Nigeria,2018,2019,TV-MA,Kids TV
s5683,Movie,Title_5683,United States,2016,2016,TV-PG,Romantic Movies
s5684,TV Show,Title_5684,Brazil,2014,2019,PG,Thrillers
s5685,TV Show,Title_5685,Germany,2019,2013,TV-14,International Movies
s5686,Movie,Title_5686,United States,2020,2017,TV-14,Reality TV
s5687,TV Show,Title_5687,Nigeria,2013,2014,NR,Anime Series
s5688,TV Show,Title_5688,United States,2017,2011,G,Documentaries
s5689,Movie,Title_5689,Brazil,2015,2016,TV-MA,Dramas
s5690,Movie,Title_5690,Brazil,2014,2013,NR,Children & Family Movies
s5691,TV Show,Title_5691,Spain,2019,2018,TV-MA,Anime Series
s5692,Movie,Title_5692,Canada,2018,2019,TV-MA,Dramas
s5693,Movie,Title_5693,United States,2014,2013,R,Kids TV
s5694,Movie,Title_5694,United Kingdom,2016,2010,R,Kids TV
s5695,Movie,Title_5695,India,2021,2020,R,Stand-Up Comedy
s5696,Movie,Title_5696,Germany,2020,2008,TV-MA,Kids TV
s5697,TV Show,Title_5697,Spain,2020,2016,TV-MA,Documentaries
s5698,Movie,Title_5698,Italy,2017,2017,NR,Documentaries
s5699,Movie,Title_5699,United States,2018,2020,TV-MA,Comedies
s5700,Movie,Title_5700,Germany,2016,2020,TV-MA,International Movies
s5701,TV Show,Title_5701,Italy,2012,2019,PG-13,Thrillers
s5702,Movie,Title_5702,Germany,2017,2015,TV-PG,Action & Adventure
s5703,Movie,Title_5703,United States,2018,2019,TV-MA,International TV Shows
s5704,Movie,Title_5704,United States,2015,2015,TV-MA,Anime Series
s5705,Movie,Title_5705,United States,2020,2014,PG,Romantic Movies
s5706,Movie,Title_5706,France,2013,2018,TV-Y,Kids TV
s5707,TV Show,Title_5707,France,2016,2019,TV-MA,Action & Adventure
s5708,TV Show,Title_5708,Nigeria,2013,2011,TV-14,Thrillers
s5709,TV Show,Title_5709,India,2017,2011,TV-MA,International Movies
s5710,Movie,Title_5710,United States,2010,2019,PG-13,International Movies
s5711,Movie,Title_5711,France,2015,2020,TV-MA,Anime Series
s5712,TV Show,Title_5712,Mexico,2017,2018,TV-PG,Romantic Movies
s5713,Movie,Title_5713,Italy,2017,2017,TV-14,International TV Shows
s5714,TV Show,Title_5714,Germany,2018,2020,TV-14,International TV Shows
s5715,TV Show,Title_5715,India,2015,2019,PG-13,Romantic Movies
s5716,Movie,Title_5716,France,2018,2018,TV-14,Anime Series
s5717,Movie,Title_5717,Australia,2017,2016,PG-13,Action & Adventure
s5718,Movie,Title_5718,United Kingdom,2016,2014,TV-14,Thrillers
s5719,Movie,Title_5719,United States,2020,2017,TV-MA,International Movies
s5720,TV Show,Title_5720,United States,2018,2015,TV-14,Reality TV
s5721,TV Show,Title_5721,United States,2016,2016,TV-14,Children & Family Movies
s5722,Movie,Title_5722,South Korea,2021,2017,TV-14,Crime TV Shows
s5723,Movie,Title_5723,United States,2020,2014,PG-13,Stand-Up Comedy
s5724,Movie,Title_5724,United States,2021,2020,TV-14,Horror Movies
s5725,Movie,Title_5725,United States,2019,2013,PG,Thrillers
s5726,Movie,Title_5726,Canada,2016,2017,TV-14,International Movies
s5727,Movie,Title_5727,India,2015,2019,TV-MA,Thrillers
s5728,Movie,Title_5728,Japan,2019,2017,TV-MA,Stand-Up Comedy
s5729,Movie,Title_5729,United States,2021,2016,PG-13,Romantic Movies
s5730,TV Show,Title_5730,United States,2018,2017,TV-MA,International TV Shows
s5731,Movie,Title_5731,United Kingdom,2020,2020,TV-MA,Dramas
s5732,Movie,Title_5732,United States,2016,2021,TV-MA,Crime TV Shows
s5733,TV Show,Title_5733,United States,2017,2018,TV-14,Thrillers
s5734,TV Show,Title_5734,United States,2020,2020,TV-14,Kids TV
s5735,Movie,Title_5735,Brazil,2019,2009,TV-MA,Crime TV Shows
s5736,Movie,Title_5736,Japan,2021,2020,TV-14,Dramas
s5737,TV Show,Title_5737,United States,2019,2021,TV-14,Sci-Fi & Fantasy
s5738,Movie,Title_5738,United States,2017,2018,R,Thrillers
s5739,TV Show,Title_5739,Nigeria,2018,2019,PG-13,Romantic Movies
s5740,TV Show,Title_5740,Japan,2020,2017,TV-PG,Action & Adventure
s5741,TV Show,Title_5741,India,2018,2015,TV-14,Comedies
s5742,TV Show,Title_5742,Japan,2015,2020,TV-MA,Comedies
s5743,Movie,Title_5743,South Korea,2017,2018,PG-13,Action & Adventure
s5744,Movie,Title_5744,Spain,2017,2018,TV-MA,Comedies
s5745,Movie,Title_5745,United Kingdom,2012,2018,TV-MA,Horror Movies
s5746,TV Show,Title_5746,India,2019,2020,PG,Action & Adventure
s5747,TV Show,Title_5747,United States,2012,2019,G,Dramas
s5748,Movie,Title_5748,Italy,2017,2014,PG,Action & Adventure
s5749,Movie,Title_5749,Canada,2020,2017,TV-Y7,Dramas
s5750,TV Show,Title_5750,United States,2017,2021,PG-13,Romantic Movies
s5751,Movie,Title_5751,Italy,2020,2018,TV-PG,Romantic Movies
s5752,Movie,Title_5752,Italy,2016,2021,TV-MA,Comedies
s5753,Movie,Title_5753,Nigeria,2021,2020,TV-G,Action & Adventure
s5754,Movie,Title_5754,Australia,2014,2019,PG,Reality TV
s5755,Movie,Title_5755,Nigeria,2010,2016,TV-MA,Sci-Fi & Fantasy
s5756,Movie,Title_5756,United States,2020,2016,TV-14,Action & Adventure
s5757,Movie,Title_5757,Mexico,2019,2018,TV-MA,Horror Movies
s5758,Movie,Title_5758,Mexico,2015,2017,TV-G,Thrillers
s5759,TV Show,Title_5759,United States,2021,2020,TV-14,Comedies
s5760,TV Show,Title_5760,United States,2017,2019,TV-MA,Children & Family Movies
s5761,Movie,Title_5761,Nigeria,2021,2016,TV-MA,Crime TV Shows
s5762,Movie,Title_5762,United States,2017,2019,TV-Y,Sci-Fi & Fantasy
s5763,Movie,Title_5763,Australia,2017,2017,TV-PG,International TV Shows
s5764,TV Show,Title_5764,United States,2017,2016,TV-14,Sci-Fi & Fantasy
s5765,TV Show,Title_5765,United States,2016,2017,TV-14,Reality TV
s5766,Movie,Title_5766,India,2018,2020,TV-MA,Action & Adventure
s5767,Movie,Title_5767,United States,2017,2016,TV-MA,Children & Family Movies
s5768,Movie,Title_5768,Japan,2010,2015,TV-14,International Movies
s5769,Movie,Title_5769,Canada,2015,2016,TV-14,Children & Family Movies
s5770,Movie,Title_5770,United States,2014,2014,TV-MA,Stand-Up Comedy
s5771,Movie,Title_5771,United States,2020,2018,TV-14,Kids TV
s5772,TV Show,Title_5772,India,2018,2013,TV-MA,Children & Family Movies
s5773,Movie,Title_5773,United States,2019,2020,NR,Thrillers
s5774,Movie,Title_5774,Germany,2021,2015,TV-MA,Action & Adventure
s5775,TV Show,Title_5775,India,2018,2018,TV-MA,Anime Series
s5776,Movie,Title_5776,United States,2021,2013,TV-MA,Horror Movies
s5777,Movie,Title_5777,United Kingdom,2016,2021,TV-MA,Dramas
s5778,Movie,Title_5778,United States,2014,2017,TV-MA,Documentaries
s5779,Movie,Title_5779,United States,2017,2020,TV-14,Crime TV Shows
s5780,TV Show,Title_5780,United States,2017,2019,R,Sci-Fi & Fantasy
s5781,TV Show,Title_5781,Australia,2020,2019,TV-MA,Reality TV
s5782,TV Show,Title_5782,Italy,2018,2020,TV-14,Dramas
s5783,TV Show,Title_5783,Mexico,2015,2012,NR,Crime TV Shows
s5784,Movie,Title_5784,United States,2019,2019,TV-MA,Romantic Movies
s5785,Movie,Title_5785,United States,2017,2015,R,Crime TV Shows
s5786,TV Show,Title_5786,United Kingdom,2014,2019,TV-MA,Sci-Fi & Fantasy
s5787,TV Show,Title_5787,South Korea,2018,2021,TV-MA,Dramas
s5788,TV Show,Title_5788,Nigeria,2021,2020,TV-14,Thrillers
s5789,Movie,Title_5789,United States,2020,2013,TV-MA,Thrillers
s5790,Movie,Title_5790,United States,2018,2016,PG,Crime TV Shows
s5791,TV Show,Title_5791,Japan,2016,2016,TV-MA,Children & Family Movies
s5792,TV Show,Title_5792,Mexico,2012,2013,TV-14,Sci-Fi & Fantasy
s5793,Movie,Title_5793,Mexico,2017,2012,TV-PG,Romantic Movies
s5794,Movie,Title_5794,Japan,2019,2016,TV-MA,Anime Series
s5795,Movie,Title_5795,Turkey,2016,2021,R,Horror Movies
s5796,TV Show,Title_5796,United Kingdom,2015,2018,TV-14,Thrillers
s5797,Movie,Title_5797,Italy,2021,2018,R,International Movies
s5798,Movie,Title_5798,Turkey,2020,2017,PG-13,Action & Adventure
s5799,TV Show,Title_5799,Mexico,2018,2019,TV-MA,Anime Series
s5800,Movie,Title_5800,United States,2013,2021,TV-14,Anime Series
s5801,Movie,Title_5801,United States,2013,2018,TV-MA,International TV Shows
s5802,TV Show,Title_5802,United Kingdom,2012,2011,TV-MA,International TV Shows
s5803,Movie,Title_5803,India,2018,2017,TV-MA,Horror Movies
s5804,TV Show,Title_5804,Australia,2013,2021,TV-G,International Movies
s5805,Movie,Title_5805,United States,2020,2016,TV-14,Reality TV
s5806,TV Show,Title_5806,United States,2021,2018,TV-MA,Children & Family Movies
s5807,Movie,Title_5807,South Korea,2016,2012,TV-MA,Reality TV
s5808,Movie,Title_5808,United States,2017,2013,TV-MA,Action & Adventure
s5809,Movie,Title_5809,United States,2019,2020,TV-MA,Reality TV
s5810,Movie,Title_5810,India,2021,2016,TV-14,Romantic Movies
s5811,Movie,Title_5811,France,2020,2016,TV-MA,Reality TV
s5812,Movie,Title_5812,United States,2011,2016,TV-MA,Crime TV Shows
s5813,TV Show,Title_5813,Australia,2014,2021,TV-PG,Thrillers
s5814,Movie,Title_5814,India,2019,2012,PG,Dramas
s5815,TV Show,Title_5815,Italy,2019,2020,TV-14,Crime TV Shows
s5816,Movie,Title_5816,India,2013,2016,PG-13,Reality TV
s5817,TV Show,Title_5817,United States,2017,2020,TV-MA,Reality TV
s5818,Movie,Title_5818,United States,2019,2021,R,Stand-Up Comedy
s5819,Movie,Title_5819,United States,2014,2016,TV-MA,Thrillers
s5820,Movie,Title_5820,United Kingdom,2020,2013,PG-13,Crime TV Shows
s5821,TV Show,Title_5821,United States,2011,2013,PG,Reality TV
s5822,Movie,Title_5822,India,2019,2019,R,Children & Family Movies
s5823,TV Show,Title_5823,Canada,2018,2013,PG-13,Anime Series
s5824,TV Show,Title_5824,United States,2016,2015,TV-14,Thrillers
s5825,Movie,Title_5825,United States,2019,2014,TV-MA,Children & Family Movies
s5826,Movie,Title_5826,Spain,2019,2016,TV-PG,Documentaries
s5827,TV Show,Title_5827,Turkey,2021,2012,TV-14,Comedies
s5828,Movie,Title_5828,United States,2016,2020,TV-MA,Thrillers
s5829,TV Show,Title_5829,United States,2019,2020,TV-14,International TV Shows
s5830,Movie,Title_5830,Turkey,2018,2017,TV-PG,Romantic Movies
s5831,Movie,Title_5831,United States,2018,2018,TV-MA,International TV Shows
s5832,Movie,Title_5832,Nigeria,2020,2018,TV-PG,Horror Movies
s5833,Movie,Title_5833,United States,2008,2019,TV-PG,Thrillers
s5834,TV Show,Title_5834,Australia,2015,2018,TV-MA,Horror Movies
s5835,Movie,Title_5835,United States,2018,2017,TV-14,International Movies
s5836,TV Show,Title_5836,Italy,2014,2018,TV-G,Crime TV Shows
s5837,TV Show,Title_5837,United States,2020,2019,PG,Dramas
s5838,Movie,Title_5838,France,2018,2016,TV-14,Reality TV
s5839,Movie,Title_5839,United States,2017,2016,TV-MA,Anime Series
s5840,Movie,Title_5840,United States,2020,2015,TV-MA,Action & Adventure
s5841,Movie,Title_5841,Spain,2017,2018,TV-MA,Documentaries
s5842,TV Show,Title_5842,United Kingdom,2018,2016,TV-MA,Romantic Movies
s5843,TV Show,Title_5843,Italy,2008,2018,NR,Children & Family Movies
s5844,Movie,Title_5844,India,2016,2017,TV-G,Stand-Up Comedy
s5845,Movie,Title_5845,Australia,2013,2020,PG-13,Sci-Fi & Fantasy
s5846,Movie,Title_5846,India,2019,2012,TV-MA,Kids TV
s5847,Movie,Title_5847,Nigeria,2017,2018,TV-MA,Dramas
s5848,Movie,Title_5848,Turkey,2016,2018,TV-14,Thrillers
s5849,Movie,Title_5849,United States,2017,2016,TV-PG,Dramas
s5850,Movie,Title_5850,Brazil,2014,2017,TV-14,Stand-Up Comedy
s5851,Movie,Title_5851,Mexico,2021,2020,TV-PG,Kids TV
s5852,Movie,Title_5852,United States,2011,2015,R,Sci-Fi & Fantasy
s5853,TV Show,Title_5853,France,2020,2020,R,Dramas
s5854,TV Show,Title_5854,United States,2017,2020,TV-14,Action & Adventure
s5855,Movie,Title_5855,Mexico,2018,2018,R,Comedies
s5856,TV Show,Title_5856,United States,2016,2019,TV-MA,International Movies
s5857,Movie,Title_5857,United States,2021,2018,TV-PG,Stand-Up Comedy
s5858,Movie,Title_5858,India,2015,2018,TV-MA,Thrillers
s5859,Movie,Title_5859,Canada,2018,2021,TV-MA,Anime Series
s5860,TV Show,Title_5860,Australia,2021,2015,TV-MA,Kids TV
s5861,TV Show,Title_5861,Nigeria,2020,2013,TV-MA,International TV Shows
s5862,Movie,Title_5862,India,2018,2015,TV-Y7,Action & Adventure
s5863,Movie,Title_5863,United States,2021,2018,TV-14,Comedies
s5864,TV Show,Title_5864,South Korea,2019,2014,NR,International TV Shows
s5865,TV Show,Title_5865,Canada,2014,2020,TV-MA,Thrillers
s5866,Movie,Title_5866,India,2017,2017,TV-MA,Thrillers
s5867,TV Show,Title_5867,United States,2016,2020,TV-14,Documentaries
s5868,Movie,Title_5868,United Kingdom,2016,2015,TV-MA,Comedies
s5869,TV Show,Title_5869,United States,2019,2016,TV-PG,Crime TV Shows
s5870,TV Show,Title_5870,South Korea,2018,2011,TV-14,Romantic Movies
s5871,TV Show,Title_5871,United Kingdom,2010,2015,PG-13,Horror Movies
s5872,Movie,Title_5872,Australia,2020,2017,TV-14,Reality TV
s5873,TV Show,Title_5873,United Kingdom,2015,2021,TV-14,Thrillers
s5874,Movie,Title_5874,United States,2021,2016,TV-MA,Documentaries
s5875,Movie,Title_5875,Australia,2021,2018,TV-PG,Crime TV Shows
s5876,Movie,Title_5876,Canada,2021,2017,TV-PG,Children & Family Movies
s5877,Movie,Title_5877,United States,2020,2011,TV-14,Dramas
s5878,Movie,Title_5878,France,2015,2017,TV-MA,Children & Family Movies
s5879,Movie,Title_5879,India,2018,2011,TV-PG,Dramas
s5880,Movie,Title_5880,Mexico,2015,2020,NR,Horror Movies
s5881,Movie,Title_5881,India,2015,2019,TV-MA,Thrillers
s5882,TV Show,Title_5882,South Korea,2018,2016,R,Children & Family Movies
s5883,TV Show,Title_5883,United States,2011,2018,TV-14,Children & Family Movies
s5884,TV Show,Title_5884,India,2021,2013,TV-14,Dramas
s5885,Movie,Title_5885,Nigeria,2021,2019,TV-G,International Movies
s5886,Movie,Title_5886,Germany,2016,2020,TV-PG,Romantic Movies
s5887,Movie,Title_5887,United States,2017,2020,PG-13,Comedies
s5888,TV Show,Title_5888,United States,2017,2015,TV-14,Stand-Up Comedy
s5889,Movie,Title_5889,United States,2020,2015,TV-MA,Horror Movies
s5890,Movie,Title_5890,France,2019,2018,TV-PG,International TV Shows
s5891,Movie,Title_5891,South Korea,2015,2021,NR,Crime TV Shows
s5892,Movie,Title_5892,South Korea,2017,2021,PG-13,Stand-Up Comedy
s5893,Movie,Title_5893,United Kingdom,2017,2016,TV-MA,Kids TV
s5894,Movie,Title_5894,Germany,2021,2019,TV-MA,Thrillers
s5895,TV Show,Title_5895,India,2014,2021,TV-14,International Movies
s5896,Movie,Title_5896,United States,2012,2015,TV-14,International Movies
s5897,Movie,Title_5897,Canada,2020,2020,TV-MA,Reality TV
s5898,Movie,Title_5898,Turkey,2020,2015,TV-MA,Anime Series
s5899,Movie,Title_5899,Germany,2020,2016,R,Kids TV
s5900,Movie,Title_5900,Canada,2017,2014,R,International TV Shows
s5901,TV Show,Title_5901,France,2018,2017,PG-13,Romantic Movies
s5902,Movie,Title_5902,Italy,2018,2020,NR,Children & Family Movies
s5903,Movie,Title_5903,India,2011,2018,TV-MA,Horror Movies
s5904,TV Show,Title_5904,United States,2018,2013,PG-13,Thrillers
s5905,Movie,Title_5905,Nigeria,2009,2015,TV-PG,Dramas
s5906,Movie,Title_5906,Australia,2016,2018,TV-G,Reality TV
s5907,Movie,Title_5907,United States,2021,2018,TV-MA,International TV Shows
s5908,Movie,Title_5908,India,2016,2018,TV-MA,Horror Movies
s5909,TV Show,Title_5909,India,2021,2012,TV-PG,Reality TV
s5910,Movie,Title_5910,United States,2015,2019,NR,Children & Family Movies
s5911,Movie,Title_5911,Turkey,2016,2020,PG-13,International TV Shows
s5912,Movie,Title_5912,India,2018,2017,R,Comedies
s5913,Movie,Title_5913,Australia,2019,2019,TV-14,International Movies
s5914,Movie,Title_5914,United States,2017,2021,TV-PG,Comedies
s5915,TV Show,Title_5915,United Kingdom,2020,2018,PG-13,International TV Shows
s5916,Movie,Title_5916,United States,2011,2019,R,International Movies
s5917,Movie,Title_5917,Spain,2021,2019,TV-PG,Anime Series
s5918,Movie,Title_5918,Canada,2014,2015,TV-MA,Crime TV Shows
s5919,TV Show,Title_5919,France,2020,2018,TV-PG,Romantic Movies
s5920,Movie,Title_5920,United States,2017,2020,TV-14,Anime Series
s5921,Movie,Title_5921,United States,2020,2015,TV-G,International TV Shows
s5922,TV Show,Title_5922,United States,2019,2020,TV-PG,International Movies
s5923,TV Show,Title_5923,United States,2014,2018,TV-PG,Action & Adventure
s5924,TV Show,Title_5924,France,2021,2017,TV-Y7,Thrillers
s5925,Movie,Title_5925,Canada,2015,2018,TV-MA,Comedies
s5926,Movie,Title_5926,Canada,2015,2017,TV-MA,Horror Movies
s5927,Movie,Title_5927,United Kingdom,2020,2020,TV-PG,Documentaries
s5928,Movie,Title_5928,United States,2012,2017,TV-MA,Documentaries
s5929,Movie,Title_5929,United States,2015,2020,TV-MA,International TV Shows
s5930,Movie,Title_5930,United States,2017,2017,PG,Children & Family Movies
s5931,Movie,Title_5931,Australia,2020,2019,TV-14,Horror Movies
s5932,TV Show,Title_5932,France,2013,2021,TV-MA,Anime Series
s5933,TV Show,Title_5933,United States,2018,2013,TV-MA,Dramas
s5934,Movie,Title_5934,United States,2019,2019,TV-MA,Horror Movies
s5935,Movie,Title_5935,Australia,2020,2013,TV-14,International Movies
s5936,Movie,Title_5936,South Korea,2021,2020,TV-MA,Comedies
s5937,Movie,Title_5937,France,2019,2018,PG-13,Kids TV
s5938,Movie,Title_5938,India,2018,2021,TV-14,Documentaries
s5939,Movie,Title_5939,United States,2017,2020,TV-MA,Romantic Movies
s5940,Movie,Title_5940,Nigeria,2013,2012,TV-MA,Kids TV
s5941,TV Show,Title_5941,Germany,2019,2013,TV-PG,Action & Adventure
s5942,Movie,Title_5942,United States,2021,2018,TV-MA,Documentaries
s5943,Movie,Title_5943,Mexico,2019,2017,TV-14,Anime Series
s5944,TV Show,Title_5944,Spain,2009,2014,PG,Romantic Movies
s5945,Movie,Title_5945,United States,2017,2013,TV-MA,Documentaries
s5946,Movie,Title_5946,India,2018,2018,TV-MA,Kids TV
s5947,Movie,Title_5947,United States,2019,2011,PG-13,Documentaries
s5948,Movie,Title_5948,United States,2019,2020,TV-MA,Reality TV
s5949,Movie,Title_5949,South Korea,2018,2020,TV-MA,Reality TV
s5950,Movie,Title_5950,United States,2015,2019,TV-MA,Romantic Movies
s5951,TV Show,Title_5951,Mexico,2021,2009,NR,Romantic Movies
s5952,Movie,Title_5952,Nigeria,2019,2011,NR,Romantic Movies
s5953,Movie,Title_5953,United States,2015,2018,TV-MA,Documentaries
s5954,Movie,Title_5954,India,2016,2021,TV-14,Crime TV Shows
s5955,Movie,Title_5955,Germany,2021,2016,TV-MA,International Movies
s5956,Movie,Title_5956,Germany,2020,2016,TV-PG,Crime TV Shows
s5957,Movie,Title_5957,Spain,2017,2013,TV-MA,Dramas
s5958,Movie,Title_5958,United States,2010,2019,TV-MA,Romantic Movies
s5959,Movie,Title_5959,India,2011,2018,PG-13,Crime TV Shows
s5960,TV Show,Title_5960,Canada,2015,2012,TV-MA,International TV Shows
s5961,Movie,Title_5961,Nigeria,2018,2017,TV-MA,Stand-Up Comedy
s5962,Movie,Title_5962,United States,2018,2019,PG-13,Comedies
s5963,TV Show,Title_5963,Italy,2018,2017,R,Kids TV
s5964,TV Show,Title_5964,United States,2019,2019,TV-PG,Sci-Fi & Fantasy
s5965,Movie,Title_5965,Nigeria,2009,2020,PG,Children & Family Movies
s5966,Movie,Title_5966,Japan,2012,2019,TV-14,Stand-Up Comedy
s5967,TV Show,Title_5967,India,2016,2018,TV-MA,Crime TV Shows
s5968,Movie,Title_5968,Canada,2013,2020,TV-MA,Kids TV
s5969,Movie,Title_5969,United States,2012,2020,TV-MA,Thrillers
s5970,TV Show,Title_5970,United States,2018,2016,TV-MA,Reality TV
s5971,TV Show,Title_5971,United States,2020,2014,TV-14,Thrillers
s5972,Movie,Title_5972,United States,2019,2020,TV-MA,Crime TV Shows
s5973,Movie,Title_5973,United States,2020,2014,TV-14,Comedies
s5974,Movie,Title_5974,Spain,2019,2021,TV-MA,Horror Movies
s5975,TV Show,Title_5975,Canada,2019,2010,TV-14,Comedies
s5976,Movie,Title_5976,United States,2015,2021,TV-PG,Anime Series
s5977,Movie,Title_5977,Australia,2021,2018,TV-MA,Documentaries
s5978,TV Show,Title_5978,Canada,2014,2019,TV-MA,Thrillers
s5979,Movie,Title_5979,Turkey,2014,2016,TV-Y7,International TV Shows
s5980,TV Show,Title_5980,Japan,2015,2021,TV-PG,International TV Shows
s5981,Movie,Title_5981,United States,2021,2015,TV-14,Anime Series
s5982,Movie,Title_5982,India,2021,2015,TV-14,Dramas
s5983,Movie,Title_5983,France,2020,2011,TV-PG,Crime TV Shows
s5984,Movie,Title_5984,United States,2018,2021,TV-MA,Horror Movies
s5985,Movie,Title_5985,United States,2018,2017,TV-MA,Children & Family Movies
s5986,Movie,Title_5986,United States,2021,2019,TV-PG,Crime TV Shows
s5987,TV Show,Title_5987,United States,2019,2019,TV-14,Kids TV
s5988,TV Show,Title_5988,India,2021,2020,TV-MA,Dramas
s5989,Movie,Title_5989,United Kingdom,2016,2019,TV-MA,Thrillers
s5990,Movie,Title_5990,United States,2016,2018,TV-MA,Children & Family Movies
s5991,Movie,Title_5991,Japan,2020,2019,PG,Documentaries
s5992,Movie,Title_5992,Canada,2013,2019,TV-MA,Anime Series
s5993,Movie,Title_5993,United States,2021,2014,TV-MA,Documentaries
s5994,Movie,Title_5994,United States,2017,2012,TV-PG,Children & Family Movies
s5995,Movie,Title_5995,United States,2021,2012,TV-14,Comedies
s5996,Movie,Title_5996,India,2016,2016,TV-14,Comedies
s5997,Movie,Title_5997,United States,2019,2017,TV-14,Dramas
s5998,TV Show,Title_5998,India,2017,2018,TV-14,Reality TV
s5999,Movie,Title_5999,France,2018,2021,R,Stand-Up Comedy
s6000,Movie,Title_6000,United Kingdom,2017,2016,TV-MA,International Movies
s6001,Movie,Title_6001,United States,2021,2019,TV-14,International TV Shows
s6002,Movie,Title_6002,United States,2019,2018,TV-G,Comedies
s6003,Movie,Title_6003,Canada,2015,2015,TV-MA,Children & Family Movies
s6004,TV Show,Title_6004,Australia,2020,2018,TV-MA,Romantic Movies
s6005,TV Show,Title_6005,South Korea,2015,2021,TV-MA,Romantic Movies
s6006,TV Show,Title_6006,United Kingdom,2016,2013,TV-MA,Crime TV Shows
s6007,TV Show,Title_6007,India,2012,2017,TV-MA,Sci-Fi & Fantasy
s6008,Movie,Title_6008,India,2020,2011,TV-MA,Stand-Up Comedy
s6009,TV Show,Title_6009,Brazil,2015,2016,TV-MA,Horror Movies
s6010,TV Show,Title_6010,United States,2015,2018,TV-14,Reality TV
s6011,Movie,Title_6011,Nigeria,2021,2020,TV-MA,Stand-Up Comedy
s6012,Movie,Title_6012,France,2020,2019,R,Children & Family Movies
s6013,Movie,Title_6013,Japan,2013,2017,R,Romantic Movies
s6014,TV Show,Title_6014,United States,2019,2020,TV-14,Dramas
s6015,Movie,Title_6015,Canada,2021,2016,TV-Y,Dramas
s6016,TV Show,Title_6016,United Kingdom,2012,2019,TV-PG,Reality TV
s6017,Movie,Title_6017,United States,2020,2017,R,Crime TV Shows
s6018,TV Show,Title_6018,United States,2018,2020,TV-MA,Stand-Up Comedy
s6019,Movie,Title_6019,Brazil,2019,2020,PG-13,Reality TV
s6020,Movie,Title_6020,United Kingdom,2017,2020,NR,Children & Family Movies
s6021,TV Show,Title_6021,India,2019,2014,TV-MA,International Movies
s6022,Movie,Title_6022,United States,2010,2019,TV-PG,Horror Movies
s6023,TV Show,Title_6023,Japan,2019,2019,R,Romantic Movies
s6024,Movie,Title_6024,Japan,2010,2019,TV-MA,Children & Family Movies
s6025,Movie,Title_6025,Canada,2017,2017,TV-14,International TV Shows
s6026,Movie,Title_6026,United Kingdom,2013,2009,TV-MA,Horror Movies
s6027,Movie,Title_6027,India,2020,2015,TV-MA,Crime TV Shows
s6028,Movie,Title_6028,Canada,2016,2016,TV-MA,International TV Shows
s6029,TV Show,Title_6029,United States,2017,2020,TV-14,Dramas
s6030,TV Show,Title_6030,Turkey,2017,2020,TV-PG,Crime TV Shows
s6031,TV Show,Title_6031,Canada,2019,2012,PG,Comedies
s6032,Movie,Title_6032,United States,2017,2021,TV-14,Romantic Movies
s6033,Movie,Title_6033,India,2019,2014,TV-MA,International Movies
s6034,TV Show,Title_6034,Germany,2012,2017,TV-MA,Thrillers
s6035,Movie,Title_6035,United States,2014,2014,PG,Romantic Movies
s6036,TV Show,Title_6036,United States,2018,2020,TV-14,Action & Adventure
s6037,Movie,Title_6037,Japan,2021,2019,R,International Movies
s6038,Movie,Title_6038,United States,2012,2016,TV-MA,International Movies
s6039,TV Show,Title_6039,Germany,2011,2019,TV-14,Thrillers
s6040,TV Show,Title_6040,United States,2013,2014,TV-MA,Horror Movies
s6041,Movie,Title_6041,Spain,2018,2016,TV-MA,Thrillers
s6042,Movie,Title_6042,United States,2016,2016,R,Sci-Fi & Fantasy
s6043,Movie,Title_6043,United States,2020,2015,TV-14,Action & Adventure
s6044,Movie,Title_6044,Brazil,2012,2020,TV-MA,Kids TV
s6045,Movie,Title_6045,Canada,2014,2019,PG-13,International TV Shows
s6046,TV Show,Title_6046,United States,2016,2015,TV-14,Horror Movies
s6047,Movie,Title_6047,United States,2018,2015,TV-MA,International Movies
s6048,Movie,Title_6048,France,2019,2009,NR,Thrillers
s6049,Movie,Title_6049,United Kingdom,2013,2016,TV-MA,Children & Family Movies
s6050,Movie,Title_6050,Nigeria,2021,2018,PG-13,Anime Series
s6051,Movie,Title_6051,Nigeria,2016,2015,PG-13,Comedies
s6052,TV Show,Title_6052,France,2019,2019,TV-MA,Action & Adventure
s6053,Movie,Title_6053,India,2018,2017,TV-14,Children & Family Movies
s6054,Movie,Title_6054,United Kingdom,2015,2016,TV-MA,Horror Movies
s6055,Movie,Title_6055,Japan,2020,2021,TV-MA,International TV Shows
s6056,TV Show,Title_6056,United States,2020,2015,R,Documentaries
s6057,Movie,Title_6057,United States,2016,2016,TV-MA,Crime TV Shows
s6058,Movie,Title_6058,United States,2018,2016,TV-MA,Anime Series
s6059,Movie,Title_6059,United States,2015,2015,TV-14,International Movies
s6060,Movie,Title_6060,United States,2019,2014,TV-14,Stand-Up Comedy
s6061,Movie,Title_6061,United Kingdom,2016,2016,TV-PG,Horror Movies
s6062,TV Show,Title_6062,Spain,2020,2020,R,Crime TV Shows
s6063,Movie,Title_6063,United Kingdom,2014,2019,TV-PG,Crime TV Shows
s6064,TV Show,Title_6064,United States,2009,2019,PG-13,Sci-Fi & Fantasy
s6065,Movie,Title_6065,United States,2015,2017,TV-MA,International Movies
s6066,Movie,Title_6066,United Kingdom,2014,2017,TV-14,Romantic Movies
s6067,Movie,Title_6067,United States,2017,2015,TV-14,Romantic Movies
s6068,Movie,Title_6068,Canada,2014,2012,TV-G,Dramas
s6069,Movie,Title_6069,Nigeria,2019,2016,TV-14,Action & Adventure
s6070,Movie,Title_6070,United States,2015,2017,TV-G,Anime Series
s6071,TV Show,Title_6071,United States,2019,2011,R,Dramas
s6072,TV Show,Title_6072,India,2018,2012,TV-PG,Dramas
s6073,Movie,Title_6073,Turkey,2021,2015,TV-14,Documentaries
s6074,Movie,Title_6074,Spain,2021,2016,TV-14,Children & Family Movies
s6075,Movie,Title_6075,Brazil,2020,2016,TV-14,Comedies
s6076,Movie,Title_6076,United States,2019,2013,TV-MA,Children & Family Movies
s6077,TV Show,Title_6077,Nigeria,2016,2015,PG,Documentaries
s6078,TV Show,Title_6078,United States,2019,2015,R,Romantic Movies
s6079,TV Show,Title_6079,United States,2021,2011,PG-13,Crime TV Shows
s6080,TV Show,Title_6080,Australia,2010,2016,TV-14,Stand-Up Comedy
s6081,TV Show,Title_6081,Italy,2018,2012,TV-MA,Children & Family Movies
s6082,Movie,Title_6082,United States,2014,2019,TV-PG,Dramas
s6083,Movie,Title_6083,United States,2018,2016,TV-14,Anime Series
s6084,Movie,Title_6084,United States,2017,2016,PG,Dramas
s6085,Movie,Title_6085,United States,2018,2013,R,Children & Family Movies
s6086,Movie,Title_6086,United States,2018,2015,TV-MA,Thrillers
s6087,TV Show,Title_6087,Nigeria,2021,2015,TV-PG,Horror Movies
s6088,Movie,Title_6088,Japan,2018,2021,TV-PG,Stand-Up Comedy
s6089,TV Show,Title_6089,Spain,2020,2020,TV-14,Anime Series
s6090,Movie,Title_6090,Spain,2016,2009,TV-14,Reality TV
s6091,Movie,Title_6091,United Kingdom,2017,2018,TV-MA,Thrillers
s6092,TV Show,Title_6092,Germany,2017,2015,TV-MA,Thrillers
s6093,Movie,Title_6093,Canada,2015,2012,R,Horror Movies
s6094,Movie,Title_6094,United States,2016,2019,TV-MA,Kids TV
s6095,Movie,Title_6095,Canada,2018,2013,R,Action & Adventure
s6096,Movie,Title_6096,United Kingdom,2018,2017,TV-14,Horror Movies
s6097,TV Show,Title_6097,Mexico,2018,2018,NR,Crime TV Shows
s6098,Movie,Title_6098,Nigeria,2016,2018,TV-Y7,Crime TV Shows
s6099,Movie,Title_6099,India,2016,2021,TV-PG,Stand-Up Comedy
s6100,Movie,Title_6100,Spain,2018,2019,TV-14,Comedies
s6101,TV Show,Title_6101,United States,2013,2019,TV-14,Crime TV Shows
s6102,TV Show,Title_6102,Spain,2015,2016,TV-MA,Action & Adventure
s6103,TV Show,Title_6103,India,2011,2008,TV-MA,Children & Family Movies
s6104,TV Show,Title_6104,United States,2012,2019,TV-14,Comedies
s6105,Movie,Title_6105,India,2015,2021,PG-13,Anime Series
s6106,TV Show,Title_6106,Canada,2009,2017,TV-MA,Comedies
s6107,Movie,Title_6107,United States,2015,2021,TV-14,Stand-Up Comedy
s6108,TV Show,Title_6108,Italy,2018,2013,TV-14,Documentaries
s6109,Movie,Title_6109,United States,2011,2015,PG,Kids TV
s6110,TV Show,Title_6110,Italy,2017,2014,TV-MA,Documentaries
s6111,Movie,Title_6111,Japan,2021,2017,TV-MA,Stand-Up Comedy
s6112,TV Show,Title_6112,United States,2020,2020,PG,Thrillers
s6113,Movie,Title_6113,India,2016,2016,TV-MA,Documentaries
s6114,Movie,Title_6114,South Korea,2021,2020,TV-PG,Dramas
s6115,Movie,Title_6115,Canada,2016,2018,TV-PG,Documentaries
s6116,Movie,Title_6116,Japan,2012,2017,TV-14,Stand-Up Comedy
s6117,Movie,Title_6117,India,2021,2019,TV-14,Reality TV
s6118,TV Show,Title_6118,United Kingdom,2020,2012,PG-13,Horror Movies
s6119,Movie,Title_6119,Nigeria,2017,2019,TV-MA,Thrillers
s6120,TV Show,Title_6120,United States,2019,2015,TV-MA,Crime TV Shows
s6121,Movie,Title_6121,India,2019,2015,TV-14,Anime Series
s6122,Movie,Title_6122,United States,2014,2018,TV-14,International TV Shows
s6123,TV Show,Title_6123,Spain,2014,2020,TV-14,Anime Series
s6124,TV Show,Title_6124,Spain,2017,2018,NR,Romantic Movies
s6125,TV Show,Title_6125,United States,2021,2018,PG,Comedies
s6126,TV Show,Title_6126,United States,2008,2019,TV-MA,Stand-Up Comedy
s6127,Movie,Title_6127,United States,2019,2015,TV-MA,Anime Series
s6128,Movie,Title_6128,India,2011,2020,TV-MA,Documentaries
s6129,Movie,Title_6129,India,2017,2017,NR,International Movies
s6130,Movie,Title_6130,Nigeria,2018,2014,TV-14,Sci-Fi & Fantasy
s6131,Movie,Title_6131,India,2019,2016,TV-14,Dramas
s6132,TV Show,Title_6132,United States,2011,2015,PG-13,Crime TV Shows
s6133,TV Show,Title_6133,Brazil,2017,2015,TV-14,Sci-Fi & Fantasy
s6134,Movie,Title_6134,United Kingdom,2018,2015,TV-MA,Stand-Up Comedy
s6135,Movie,Title_6135,Canada,2011,2014,TV-14,International Movies
s6136,TV Show,Title_6136,United States,2013,2019,TV-PG,Crime TV Shows
s6137,Movie,Title_6137,India,2019,2018,TV-PG,Comedies
s6138,Movie,Title_6138,Turkey,2018,2018,TV-PG,Horror Movies
s6139,Movie,Title_6139,Canada,2014,2016,TV-MA,Dramas
s6140,Movie,Title_6140,United States,2018,2019,TV-MA,Stand-Up Comedy
s6141,TV Show,Title_6141,France,2021,2013,R,Kids TV
s6142,TV Show,Title_6142,Italy,2009,2018,PG,International Movies
s6143,Movie,Title_6143,United States,2018,2015,TV-MA,Stand-Up Comedy
s6144,Movie,Title_6144,United Kingdom,2012,2018,TV-MA,Reality TV
s6145,Movie,Title_6145,Turkey,2008,2016,TV-PG,International Movies
s6146,TV Show,Title_6146,United States,2013,2020,TV-14,Children & Family Movies
s6147,Movie,Title_6147,South Korea,2017,2020,TV-MA,Comedies
s6148,Movie,Title_6148,Canada,2020,2019,TV-14,Action & Adventure
s6149,Movie,Title_6149,Japan,2015,2014,G,Kids TV
s6150,Movie,Title_6150,United States,2018,2015,TV-PG,International TV Shows
s6151,Movie,Title_6151,United States,2017,2021,TV-14,Sci-Fi & Fantasy
s6152,Movie,Title_6152,Japan,2015,2017,PG-13,Crime TV Shows
s6153,Movie,Title_6153,United States,2017,2021,TV-MA,Dramas
s6154,TV Show,Title_6154,India,2020,2016,TV-14,Kids TV
s6155,TV Show,Title_6155,United States,2020,2021,TV-14,Romantic Movies
s6156,Movie,Title_6156,United States,2020,2021,TV-14,Dramas
s6157,Movie,Title_6157,Nigeria,2016,2019,NR,Anime Series
s6158,Movie,Title_6158,India,2020,2008,TV-MA,Kids TV
s6159,Movie,Title_6159,Turkey,2014,2017,TV-MA,Crime TV Shows
s6160,Movie,Title_6160,United States,2019,2021,PG,Romantic Movies
s6161,Movie,Title_6161,Canada,2021,2020,TV-MA,International TV Shows
s6162,Movie,Title_6162,United States,2009,2014,TV-14,Kids TV
s6163,Movie,Title_6163,Germany,2017,2016,TV-14,Crime TV Shows
s6164,Movie,Title_6164,Spain,2018,2020,G,Stand-Up Comedy
s6165,Movie,Title_6165,United States,2019,2018,TV-14,Stand-Up Comedy
s6166,Movie,Title_6166,Italy,2014,2020,TV-14,International Movies
s6167,Movie,Title_6167,United States,2021,2020,TV-14,Action & Adventure
s6168,Movie,Title_6168,Canada,2018,2020,G,International Movies
s6169,Movie,Title_6169,Nigeria,2014,2013,PG-13,Anime Series
s6170,Movie,Title_6170,Brazil,2010,2013,TV-MA,International TV Shows
s6171,Movie,Title_6171,Turkey,2019,2012,PG-13,Stand-Up Comedy
s6172,Movie,Title_6172,United States,2012,2021,PG-13,Children & Family Movies
s6173,TV Show,Title_6173,United States,2013,2017,TV-PG,Children & Family Movies
s6174,Movie,Title_6174,United States,2018,2011,TV-PG,Romantic Movies
s6175,Movie,Title_6175,United Kingdom,2018,2016,TV-14,International TV Shows
s6176,Movie,Title_6176,Germany,2019,2016,TV-PG,International TV Shows
s6177,TV Show,Title_6177,United States,2016,2020,R,Comedies
s6178,TV Show,Title_6178,France,2019,2019,TV-MA,Kids TV
s6179,Movie,Title_6179,United States,2021,2019,TV-MA,Crime TV Shows
s6180,Movie,Title_6180,United States,2015,2010,TV-MA,Documentaries
s6181,Movie,Title_6181,France,2019,2021,PG-13,Reality TV
s6182,TV Show,Title_6182,India,2021,2014,TV-PG,Dramas
s6183,TV Show,Title_6183,Germany,2019,2018,TV-14,Romantic Movies
s6184,Movie,Title_6184,United States,2019,2011,PG-13,Crime TV Shows
s6185,Movie,Title_6185,Germany,2015,2012,TV-PG,Reality TV
s6186,Movie,Title_6186,United States,2018,2008,PG,Action & Adventure
s6187,TV Show,Title_6187,United States,2018,2018,TV-MA,Action & Adventure
s6188,TV Show,Title_6188,France,2019,2018,TV-14,Dramas
s6189,Movie,Title_6189,Australia,2021,2011,TV-PG,Kids TV
s6190,TV Show,Title_6190,United States,2010,2015,TV-MA,Children & Family Movies
s6191,Movie,Title_6191,United States,2011,2020,TV-MA,Documentaries
s6192,TV Show,Title_6192,United Kingdom,2012,2012,TV-14,Dramas
s6193,Movie,Title_6193,United States,2019,2014,R,Documentaries
s6194,Movie,Title_6194,Germany,2013,2017,TV-14,Stand-Up Comedy
s6195,TV Show,Title_6195,Spain,2018,2020,TV-14,Romantic Movies
s6196,Movie,Title_6196,United States,2016,2015,TV-14,Stand-Up Comedy
s6197,Movie,Title_6197,India,2017,2021,TV-MA,Anime Series
s6198,Movie,Title_6198,Spain,2014,2016,NR,International Movies
s6199,Movie,Title_6199,United States,2020,2016,TV-MA,Anime Series
s6200,Movie,Title_6200,France,2018,2013,TV-14,Dramas
s6201,Movie,Title_6201,United States,2021,2019,TV-MA,International Movies
s6202,Movie,Title_6202,Canada,2018,2015,TV-14,Thrillers
s6203,Movie,Title_6203,United States,2013,2018,PG,Anime Series
s6204,TV Show,Title_6204,Mexico,2014,2015,TV-Y7,Documentaries
s6205,Movie,Title_6205,India,2021,2016,TV-14,Sci-Fi & Fantasy
s6206,TV Show,Title_6206,United States,2019,2020,TV-MA,Action & Adventure
s6207,TV Show,Title_6207,Mexico,2011,2019,TV-MA,Stand-Up Comedy
s6208,TV Show,Title_6208,United States,2019,2013,TV-MA,International TV Shows
s6209,Movie,Title_6209,India,2017,2018,TV-PG,Documentaries
s6210,Movie,Title_6210,India,2016,2018,TV-14,Action & Adventure
s6211,Movie,Title_6211,United States,2013,2012,R,Anime Series
s6212,Movie,Title_6212,Italy,2020,2017,TV-PG,Crime TV Shows
s6213,Movie,Title_6213,South Korea,2011,2015,TV-MA,Stand-Up Comedy
s6214,Movie,Title_6214,United States,2015,2017,R,Kids TV
s6215,TV Show,Title_6215,Japan,2016,2019,PG-13,Dramas
s6216,Movie,Title_6216,United Kingdom,2014,2013,TV-14,Horror Movies
s6217,Movie,Title_6217,Brazil,2017,2013,NR,International Movies
s6218,Movie,Title_6218,United States,2009,2015,R,Reality TV
s6219,Movie,Title_6219,Canada,2016,2021,TV-14,Sci-Fi & Fantasy
s6220,TV Show,Title_6220,United Kingdom,2021,2019,PG,Reality TV
s6221,Movie,Title_6221,United Kingdom,2016,2009,TV-PG,Stand-Up Comedy
s6222,TV Show,Title_6222,India,2016,2017,TV-14,Horror Movies
s6223,TV Show,Title_6223,United States,2017,2015,TV-MA,Romantic Movies
s6224,TV Show,Title_6224,South Korea,2018,2018,PG,Stand-Up Comedy
s6225,Movie,Title_6225,India,2020,2017,TV-MA,Horror Movies
s6226,TV Show,Title_6226,Turkey,2014,2021,TV-14,Action & Adventure
s6227,TV Show,Title_6227,United States,2020,2014,TV-14,Crime TV Shows
s6228,Movie,Title_6228,Japan,2019,2018,TV-14,International Movies
s6229,Movie,Title_6229,Turkey,2019,2019,TV-PG,Comedies
s6230,TV Show,Title_6230,France,2012,2020,TV-14,Anime Series
s6231,TV Show,Title_6231,Australia,2010,2017,TV-MA,Sci-Fi & Fantasy
s6232,TV Show,Title_6232,Mexico,2018,2019,PG-13,Stand-Up Comedy
s6233,TV Show,Title_6233,India,2020,2016,TV-PG,Documentaries
s6234,TV Show,Title_6234,Canada,2018,2017,PG-13,Crime TV Shows
s6235,Movie,Title_6235,United States,2014,2020,TV-MA,Action & Adventure
s6236,Movie,Title_6236,United Kingdom,2012,2021,TV-PG,Comedies
s6237,TV Show,Title_6237,United States,2019,2019,TV-PG,Crime TV Shows
s6238,Movie,Title_6238,South Korea,2019,2016,TV-14,Comedies
s6239,Movie,Title_6239,United Kingdom,2014,2020,PG-13,Romantic Movies
s6240,TV Show,Title_6240,India,2010,2010,TV-MA,International TV Shows
s6241,Movie,Title_6241,United States,2017,2012,TV-14,Romantic Movies
s6242,Movie,Title_6242,Nigeria,2018,2019,TV-PG,Children & Family Movies
s6243,Movie,Title_6243,United States,2019,2015,TV-14,Crime TV Shows
s6244,Movie,Title_6244,United States,2020,2021,TV-PG,Reality TV
s6245,Movie,Title_6245,United States,2018,2017,TV-MA,Kids TV
s6246,Movie,Title_6246,Nigeria,2013,2017,TV-PG,Stand-Up Comedy
s6247,Movie,Title_6247,Nigeria,2019,2019,TV-MA,Anime Series
s6248,TV Show,Title_6248,France,2021,2019,TV-14,Documentaries
s6249,TV Show,Title_6249,Brazil,2020,2017,TV-MA,Stand-Up Comedy
s6250,Movie,Title_6250,United States,2020,2014,TV-14,Anime Series
s6251,Movie,Title_6251,Nigeria,2016,2019,TV-PG,Sci-Fi & Fantasy
s6252,Movie,Title_6252,United States,2019,2016,PG-13,Horror Movies
s6253,TV Show,Title_6253,United States,2020,2014,TV-14,Action & Adventure
s6254,Movie,Title_6254,United States,2019,2018,TV-MA,International Movies
s6255,Movie,Title_6255,Canada,2015,2012,TV-14,Documentaries
s6256,Movie,Title_6256,Spain,2021,2021,TV-PG,International Movies
s6257,TV Show,Title_6257,India,2017,2018,TV-MA,Romantic Movies
s6258,TV Show,Title_6258,Nigeria,2013,2021,TV-14,International Movies
s6259,Movie,Title_6259,India,2012,2016,TV-14,Thrillers
s6260,Movie,Title_6260,United States,2018,2021,TV-MA,Romantic Movies
s6261,TV Show,Title_6261,India,2017,2013,TV-MA,Crime TV Shows
s6262,Movie,Title_6262,Japan,2012,2011,TV-MA,Romantic Movies
s6263,Movie,Title_6263,Mexico,2019,2010,TV-MA,Dramas
s6264,Movie,Title_6264,India,2020,2017,TV-MA,International Movies
s6265,Movie,Title_6265,Canada,2019,2012,TV-14,Documentaries
s6266,TV Show,Title_6266,United States,2014,2017,TV-MA,Romantic Movies
s6267,Movie,Title_6267,France,2019,2016,TV-14,Documentaries
s6268,TV Show,Title_6268,Nigeria,2009,2016,TV-MA,Romantic Movies
s6269,Movie,Title_6269,United States,2016,2018,TV-PG,Kids TV
s6270,TV Show,Title_6270,Brazil,2016,2014,PG-13,Comedies
s6271,Movie,Title_6271,Canada,2020,2019,TV-PG,Documentaries
s6272,Movie,Title_6272,United States,2016,2018,TV-14,Horror Movies
s6273,Movie,Title_6273,Turkey,2009,2021,TV-PG,International Movies
s6274,Movie,Title_6274,United Kingdom,2016,2016,TV-MA,Anime Series
s6275,Movie,Title_6275,United States,2017,2021,TV-MA,Thrillers
s6276,Movie,Title_6276,United States,2021,2018,TV-MA,International TV Shows
s6277,TV Show,Title_6277,United States,2021,2021,TV-MA,Stand-Up Comedy
s6278,Movie,Title_6278,Mexico,2014,2010,TV-MA,Sci-Fi & Fantasy
s6279,Movie,Title_6279,Canada,2014,2019,TV-14,Comedies
s6280,TV Show,Title_6280,Italy,2014,2020,TV-MA,Reality TV
s6281,TV Show,Title_6281,United States,2019,2011,NR,International Movies
s6282,Movie,Title_6282,United States,2008,2018,PG-13,Crime TV Shows
s6283,Movie,Title_6283,United States,2013,2020,G,Dramas
s6284,Movie,Title_6284,United Kingdom,2018,2018,TV-MA,Anime Series
s6285,TV Show,Title_6285,Nigeria,2015,2011,PG-13,Dramas
s6286,TV Show,Title_6286,Japan,2012,2019,PG-13,Crime TV Shows
s6287,TV Show,Title_6287,United States,2016,2011,PG,Action & Adventure
s6288,TV Show,Title_6288,Australia,2015,2020,TV-14,Sci-Fi & Fantasy
s6289,Movie,Title_6289,Spain,2017,2011,R,Kids TV
s6290,Movie,Title_6290,United States,2021,2013,TV-MA,Thrillers
s6291,TV Show,Title_6291,Germany,2013,2015,TV-MA,Children & Family Movies
s6292,TV Show,Title_6292,United States,2016,2018,TV-MA,Anime Series
s6293,TV Show,Title_6293,United States,2021,2021,PG,Sci-Fi & Fantasy
s6294,Movie,Title_6294,United States,2020,2013,TV-MA,Stand-Up Comedy
s6295,Movie,Title_6295,India,2016,2013,TV-MA,Stand-Up Comedy
s6296,TV Show,Title_6296,India,2019,2016,NR,Romantic Movies
s6297,TV Show,Title_6297,United States,2012,2020,TV-MA,Reality TV
s6298,Movie,Title_6298,United States,2019,2017,PG-13,Dramas
s6299,TV Show,Title_6299,Spain,2021,2016,R,Kids TV
s6300,TV Show,Title_6300,Nigeria,2018,2018,TV-MA,Stand-Up Comedy
s6301,Movie,Title_6301,Spain,2017,2015,TV-MA,Kids TV
s6302,TV Show,Title_6302,United States,2014,2017,TV-14,Romantic Movies
s6303,Movie,Title_6303,United States,2018,2016,TV-Y7,Dramas
s6304,Movie,Title_6304,United States,2018,2020,PG,Comedies
s6305,Movie,Title_6305,United States,2018,2021,TV-MA,Reality TV
s6306,Movie,Title_6306,United Kingdom,2010,2019,TV-14,Kids TV
s6307,Movie,Title_6307,Canada,2018,2017,TV-14,Documentaries
s6308,Movie,Title_6308,Japan,2018,2017,R,Anime Series
s6309,TV Show,Title_6309,Japan,2014,2013,TV-MA,Crime TV Shows
s6310,Movie,Title_6310,United States,2014,2019,TV-MA,Sci-Fi & Fantasy
s6311,TV Show,Title_6311,United States,2015,2018,R,Romantic Movies
s6312,TV Show,Title_6312,Japan,2019,2020,TV-14,Romantic Movies
s6313,Movie,Title_6313,United States,2018,2014,TV-MA,Reality TV
s6314,TV Show,Title_6314,United States,2020,2019,R,Kids TV
s6315,Movie,Title_6315,India,2015,2019,TV-14,Stand-Up Comedy
s6316,Movie,Title_6316,United States,2021,2015,TV-14,Stand-Up Comedy
s6317,Movie,Title_6317,United States,2019,2019,TV-PG,Thrillers
s6318,TV Show,Title_6318,Mexico,2016,2021,TV-14,Action & Adventure
s6319,Movie,Title_6319,Australia,2012,2021,TV-PG,Action & Adventure
s6320,TV Show,Title_6320,United States,2015,2019,PG-13,Stand-Up Comedy
s6321,Movie,Title_6321,United States,2021,2011,TV-PG,Crime TV Shows
s6322,Movie,Title_6322,South Korea,2016,2020,TV-PG,Comedies
s6323,Movie,Title_6323,United States,2016,2018,TV-PG,Stand-Up Comedy
s6324,Movie,Title_6324,India,2014,2016,TV-14,Action & Adventure
s6325,Movie,Title_6325,United States,2020,2014,TV-MA,Romantic Movies
s6326,Movie,Title_6326,United States,2015,2013,TV-MA,Horror Movies
s6327,TV Show,Title_6327,Germany,2016,2011,TV-PG,Kids TV
s6328,Movie,Title_6328,Germany,2017,2019,TV-14,International Movies
s6329,TV Show,Title_6329,United States,2017,2015,TV-14,Romantic Movies
s6330,TV Show,Title_6330,United States,2017,2010,R,Anime Series
s6331,Movie,Title_6331,United States,2017,2016,TV-MA,Reality TV
s6332,TV Show,Title_6332,United States,2020,2017,TV-PG,Dramas
s6333,Movie,Title_6333,Nigeria,2020,2014,TV-14,Action & Adventure
s6334,TV Show,Title_6334,France,2020,2011,TV-14,International TV Shows
s6335,TV Show,Title_6335,United Kingdom,2012,2014,TV-MA,Horror Movies
s6336,Movie,Title_6336,Spain,2020,2019,TV-MA,Kids TV
s6337,Movie,Title_6337,Mexico,2013,2012,TV-MA,Sci-Fi & Fantasy
s6338,TV Show,Title_6338,Germany,2013,2018,TV-14,Children & Family Movies
s6339,TV Show,Title_6339,United States,2021,2013,TV-14,Reality TV
s6340,TV Show,Title_6340,United States,2020,2014,TV-PG,Horror Movies
s6341,Movie,Title_6341,France,2018,2016,TV-14,Horror Movies
s6342,Movie,Title_6342,India,2020,2012,R,Romantic Movies
s6343,TV Show,Title_6343,Nigeria,2021,2014,TV-PG,International TV Shows
s6344,TV Show,Title_6344,France,2018,2016,TV-MA,Horror Movies
s6345,TV Show,Title_6345,Turkey,2018,2016,TV-MA,Horror Movies
s6346,Movie,Title_6346,United States,2019,2019,TV-MA,Reality TV
s6347,Movie,Title_6347,Australia,2015,2012,NR,Sci-Fi & Fantasy
s6348,TV Show,Title_6348,United States,2014,2020,PG,Children & Family Movies
s6349,Movie,Title_6349,Nigeria,2019,2020,TV-MA,Stand-Up Comedy
s6350,TV Show,Title_6350,United States,2016,2019,TV-14,Kids TV
s6351,Movie,Title_6351,United Kingdom,2013,2016,TV-G,International Movies
s6352,Movie,Title_6352,Germany,2016,2020,R,Horror Movies
s6353,Movie,Title_6353,India,2016,2014,TV-14,International Movies
s6354,Movie,Title_6354,India,2021,2013,TV-MA,Stand-Up Comedy
s6355,Movie,Title_6355,Nigeria,2019,2011,TV-MA,International Movies
s6356,Movie,Title_6356,India,2018,2021,R,Crime TV Shows
s6357,Movie,Title_6357,Canada,2021,2016,R,Kids TV
s6358,Movie,Title_6358,United States,2020,2021,TV-14,Stand-Up Comedy
s6359,Movie,Title_6359,Mexico,2017,2015,TV-MA,Comedies
s6360,Movie,Title_6360,France,2020,2020,NR,International Movies
s6361,Movie,Title_6361,India,2017,2020,PG-13,Thrillers
s6362,Movie,Title_6362,United States,2015,2021,TV-MA,Thrillers
s6363,TV Show,Title_6363,Canada,2015,2017,TV-MA,Dramas
s6364,Movie,Title_6364,United States,2019,2020,TV-14,Sci-Fi & Fantasy
s6365,TV Show,Title_6365,United States,2017,2021,TV-MA,Children & Family Movies
s6366,TV Show,Title_6366,Canada,2018,2016,TV-MA,Kids TV
s6367,Movie,Title_6367,United States,2019,2017,TV-MA,Anime Series
s6368,Movie,Title_6368,United States,2010,2019,TV-G,Kids TV
s6369,Movie,Title_6369,France,2011,2016,PG-13,Crime TV Shows
s6370,Movie,Title_6370,United States,2018,2019,TV-MA,International TV Shows
s6371,Movie,Title_6371,United States,2014,2012,PG,Kids TV
s6372,Movie,Title_6372,United States,2018,2018,TV-PG,Dramas
s6373,Movie,Title_6373,Canada,2018,2013,TV-MA,Action & Adventure
s6374,Movie,Title_6374,France,2018,2015,PG,Anime Series
s6375,Movie,Title_6375,South Korea,2016,2015,TV-14,Thrillers
s6376,TV Show,Title_6376,United States,2018,2020,PG-13,International TV Shows
s6377,TV Show,Title_6377,United States,2020,2014,TV-14,Stand-Up Comedy
s6378,Movie,Title_6378,United States,2021,2020,TV-14,Crime TV Shows
s6379,Movie,Title_6379,India,2020,2020,TV-MA,Crime TV Shows
s6380,Movie,Title_6380,Turkey,2018,2017,TV-14,Stand-Up Comedy
s6381,TV Show,Title_6381,United States,2014,2015,TV-14,Romantic Movies
s6382,Movie,Title_6382,United States,2019,2015,NR,Children & Family Movies
s6383,Movie,Title_6383,United States,2021,2017,TV-PG,Crime TV Shows
s6384,TV Show,Title_6384,Canada,2014,2008,TV-MA,Documentaries
s6385,TV Show,Title_6385,Japan,2015,2018,TV-MA,Anime Series
s6386,Movie,Title_6386,France,2013,2021,PG-13,Thrillers
s6387,Movie,Title_6387,Australia,2019,2013,TV-14,Stand-Up Comedy
s6388,TV Show,Title_6388,United Kingdom,2017,2018,TV-MA,Comedies
s6389,Movie,Title_6389,United States,2011,2021,PG-13,Thrillers
s6390,Movie,Title_6390,United States,2020,2020,NR,Action & Adventure
s6391,Movie,Title_6391,France,2018,2020,R,Anime Series
s6392,TV Show,Title_6392,Canada,2016,2020,TV-MA,Comedies
s6393,Movie,Title_6393,United Kingdom,2016,2016,TV-14,Comedies
s6394,Movie,Title_6394,Japan,2015,2020,R,Action & Adventure
s6395,Movie,Title_6395,France,2017,2021,PG,Thrillers
s6396,TV Show,Title_6396,Brazil,2016,2017,TV-Y7,International TV Shows
s6397,Movie,Title_6397,Canada,2018,2016,TV-14,Crime TV Shows
s6398,Movie,Title_6398,Spain,2019,2017,PG-13,Dramas
s6399,Movie,Title_6399,United States,2019,2016,TV-MA,International Movies
s6400,TV Show,Title_6400,Japan,2015,2014,TV-MA,Anime Series
s6401,Movie,Title_6401,Brazil,2018,2018,TV-14,Action & Adventure
s6402,Movie,Title_6402,India,2020,2018,G,Kids TV
s6403,Movie,Title_6403,Spain,2011,2017,TV-MA,Romantic Movies
s6404,TV Show,Title_6404,South Korea,2012,2012,TV-MA,Horror Movies
s6405,TV Show,Title_6405,United States,2018,2020,NR,Stand-Up Comedy
s6406,Movie,Title_6406,Canada,2018,2014,TV-MA,Romantic Movies
s6407,Movie,Title_6407,United States,2014,2013,TV-MA,Stand-Up Comedy
s6408,Movie,Title_6408,Turkey,2019,2018,R,Crime TV Shows
s6409,Movie,Title_6409,Germany,2018,2016,R,Children & Family Movies
s6410,TV Show,Title_6410,United States,2021,2011,TV-14,Reality TV
s6411,Movie,Title_6411,United States,2014,2016,NR,Kids TV
s6412,Movie,Title_6412,Canada,2019,2019,TV-MA,Thrillers
s6413,Movie,Title_6413,United States,2012,2018,PG,Reality TV
s6414,Movie,Title_6414,United States,2018,2016,R,Reality TV
s6415,Movie,Title_6415,United Kingdom,2018,2014,TV-14,Children & Family Movies
s6416,TV Show,Title_6416,India,2016,2018,PG-13,Thrillers
s6417,Movie,Title_6417,United States,2020,2020,TV-MA,Comedies
s6418,TV Show,Title_6418,Germany,2008,2018,TV-MA,International TV Shows
s6419,Movie,Title_6419,Italy,2018,2020,NR,Kids TV
s6420,Movie,Title_6420,South Korea,2014,2018,TV-MA,Thrillers
s6421,Movie,Title_6421,Mexico,2019,2019,TV-MA,Kids TV
s6422,Movie,Title_6422,United States,2011,2020,TV-14,Children & Family Movies
s6423,TV Show,Title_6423,United States,2020,2019,TV-MA,Thrillers
s6424,TV Show,Title_6424,United States,2020,2020,PG-13,Crime TV Shows
s6425,Movie,Title_6425,Spain,2020,2017,NR,International Movies
s6426,TV Show,Title_6426,Turkey,2013,2020,TV-14,Thrillers
s6427,Movie,Title_6427,Japan,2018,2018,TV-14,Anime Series
s6428,Movie,Title_6428,Brazil,2009,2020,TV-14,Sci-Fi & Fantasy
s6429,Movie,Title_6429,France,2020,2010,TV-MA,Anime Series
s6430,Movie,Title_6430,India,2019,2018,TV-MA,International Movies
s6431,Movie,Title_6431,India,2018,2020,TV-MA,Dramas
s6432,Movie,Title_6432,United States,2019,2014,TV-14,International TV Shows
s6433,Movie,Title_6433,United States,2012,2019,TV-PG,Romantic Movies
s6434,TV Show,Title_6434,Japan,2018,2020,NR,Romantic Movies
s6435,Movie,Title_6435,India,2015,2015,R,Romantic Movies
s6436,TV Show,Title_6436,United Kingdom,2021,2017,R,Documentaries
s6437,Movie,Title_6437,Canada,2020,2018,TV-MA,Sci-Fi & Fantasy
s6438,Movie,Title_6438,United States,2019,2017,PG,Action & Adventure
s6439,Movie,Title_6439,United Kingdom,2021,2010,NR,Sci-Fi & Fantasy
s6440,TV Show,Title_6440,India,2016,2012,NR,Horror Movies
s6441,TV Show,Title_6441,India,2020,2012,TV-MA,International TV Shows
s6442,Movie,Title_6442,Mexico,2016,2015,TV-PG,Horror Movies
s6443,Movie,Title_6443,India,2019,2015,TV-PG,Sci-Fi & Fantasy
s6444,TV Show,Title_6444,Canada,2019,2019,TV-MA,Horror Movies
s6445,Movie,Title_6445,Brazil,2009,2018,TV-Y7,Comedies
s6446,Movie,Title_6446,Australia,2016,2019,TV-MA,Reality TV
s6447,Movie,Title_6447,Brazil,2009,2011,TV-MA,Romantic Movies
s6448,Movie,Title_6448,United States,2021,2017,TV-14,Kids TV
s6449,Movie,Title_6449,United States,2013,2016,TV-MA,Kids TV
s6450,Movie,Title_6450,United States,2018,2020,NR,Comedies
s6451,Movie,Title_6451,United States,2020,2019,TV-14,Anime Series
s6452,TV Show,Title_6452,Italy,2014,2020,TV-14,Comedies
s6453,TV Show,Title_6453,France,2017,2011,TV-PG,Crime TV Shows
s6454,Movie,Title_6454,United States,2018,2019,TV-MA,Romantic Movies
s6455,TV Show,Title_6455,United States,2014,2018,R,Documentaries
s6456,Movie,Title_6456,United States,2019,2020,R,Thrillers
s6457,Movie,Title_6457,France,2015,2017,TV-14,Thrillers
s6458,TV Show,Title_6458,South Korea,2014,2018,TV-G,Comedies
s6459,TV Show,Title_6459,Australia,2018,2011,TV-14,Reality TV
s6460,Movie,Title_6460,Turkey,2017,2019,TV-PG,Sci-Fi & Fantasy
s6461,Movie,Title_6461,United States,2021,2015,NR,Kids TV
s6462,TV Show,Title_6462,United States,2020,2009,TV-PG,International Movies
s6463,Movie,Title_6463,United States,2017,2011,TV-14,Thrillers
s6464,Movie,Title_6464,India,2016,2021,TV-MA,Anime Series
s6465,Movie,Title_6465,Italy,2016,2016,R,Action & Adventure
s6466,Movie,Title_6466,Canada,2015,2020,TV-G,Horror Movies
s6467,Movie,Title_6467,South Korea,2018,2021,TV-14,International Movies
s6468,Movie,Title_6468,United Kingdom,2020,2021,TV-MA,Action & Adventure
s6469,Movie,Title_6469,United States,2016,2020,TV-14,Crime TV Shows
s6470,Movie,Title_6470,United States,2014,2020,R,Crime TV Shows
s6471,TV Show,Title_6471,United Kingdom,2017,2015,TV-MA,International Movies
s6472,TV Show,Title_6472,South Korea,2011,2013,PG,Documentaries
s6473,Movie,Title_6473,United States,2019,2018,PG,International TV Shows
s6474,Movie,Title_6474,South Korea,2017,2017,TV-14,Comedies
s6475,Movie,Title_6475,Germany,2017,2012,TV-MA,Action & Adventure
s6476,Movie,Title_6476,India,2016,2019,TV-PG,Horror Movies
s6477,TV Show,Title_6477,South Korea,2020,2018,TV-MA,Anime Series
s6478,Movie,Title_6478,India,2012,2020,TV-14,International TV Shows
s6479,TV Show,Title_6479,Japan,2020,2018,TV-MA,Romantic Movies
s6480,Movie,Title_6480,Spain,2016,2018,TV-14,Crime TV Shows
s6481,Movie,Title_6481,Nigeria,2020,2017,TV-MA,Documentaries
s6482,Movie,Title_6482,United States,2019,2017,PG-13,Sci-Fi & Fantasy
s6483,Movie,Title_6483,India,2012,2021,R,Horror Movies
s6484,Movie,Title_6484,United States,2020,2013,TV-Y7,Sci-Fi & Fantasy
s6485,Movie,Title_6485,United States,2019,2017,TV-MA,Sci-Fi & Fantasy
s6486,TV Show,Title_6486,Japan,2010,2018,TV-MA,Sci-Fi & Fantasy
s6487,Movie,Title_6487,Italy,2013,2017,TV-14,Anime Series
s6488,TV Show,Title_6488,India,2018,2015,TV-MA,Documentaries
s6489,Movie,Title_6489,United States,2019,2015,TV-MA,Romantic Movies
s6490,Movie,Title_6490,United States,2019,2015,TV-14,International TV Shows
s6491,Movie,Title_6491,India,2019,2016,TV-14,Horror Movies
s6492,Movie,Title_6492,United States,2018,2020,TV-MA,Stand-Up Comedy
s6493,Movie,Title_6493,United States,2019,2017,TV-14,Dramas
s6494,Movie,Title_6494,South Korea,2018,2015,TV-14,Anime Series
s6495,Movie,Title_6495,United States,2015,2016,TV-MA,Comedies
s6496,Movie,Title_6496,United Kingdom,2021,2012,PG,Documentaries
s6497,Movie,Title_6497,Germany,2009,2020,TV-MA,Kids TV
s6498,Movie,Title_6498,United States,2016,2017,TV-MA,Comedies
s6499,Movie,Title_6499,Canada,2019,2021,TV-MA,Romantic Movies
s6500,Movie,Title_6500,Japan,2017,2016,TV-MA,Sci-Fi & Fantasy
s6501,Movie,Title_6501,France,2010,2020,PG,Sci-Fi & Fantasy
s6502,TV Show,Title_6502,India,2011,2015,TV-MA,Dramas
s6503,Movie,Title_6503,United States,2018,2012,R,Reality TV
s6504,TV Show,Title_6504,Mexico,2021,2010,TV-14,Crime TV Shows
s6505,Movie,Title_6505,Spain,2018,2018,TV-PG,International Movies
s6506,TV Show,Title_6506,United States,2017,2016,NR,Anime Series
s6507,Movie,Title_6507,United States,2016,2017,PG-13,International Movies
s6508,Movie,Title_6508,United States,2015,2020,TV-MA,Sci-Fi & Fantasy
s6509,Movie,Title_6509,United States,2010,2015,PG-13,Action & Adventure
s6510,Movie,Title_6510,Canada,2015,2016,TV-14,Thrillers
s6511,Movie,Title_6511,United States,2017,2020,TV-MA,International Movies
s6512,Movie,Title_6512,United States,2014,2017,TV-PG,Sci-Fi & Fantasy
s6513,Movie,Title_6513,South Korea,2012,2020,TV-G,Reality TV
s6514,Movie,Title_6514,United States,2019,2016,TV-MA,Sci-Fi & Fantasy
s6515,TV Show,Title_6515,Spain,2020,2016,R,Thrillers
s6516,TV Show,Title_6516,South Korea,2021,2014,TV-MA,Crime TV Shows
s6517,TV Show,Title_6517,United States,2018,2021,TV-14,International TV Shows
s6518,TV Show,Title_6518,South Korea,2011,2020,PG,Dramas
s6519,Movie,Title_6519,South Korea,2019,2021,TV-14,Stand-Up Comedy
s6520,Movie,Title_6520,India,2013,2017,TV-MA,Comedies
s6521,Movie,Title_6521,United States,2019,2020,TV-14,Stand-Up Comedy
s6522,TV Show,Title_6522,United Kingdom,2019,2017,R,Comedies
s6523,Movie,Title_6523,Italy,2019,2017,TV-14,Dramas
s6524,Movie,Title_6524,France,2021,2020,TV-MA,Action & Adventure
s6525,Movie,Title_6525,United States,2019,2014,TV-14,Comedies
s6526,TV Show,Title_6526,Japan,2019,2015,NR,Stand-Up Comedy
s6527,TV Show,Title_6527,India,2015,2016,TV-PG,Dramas
s6528,Movie,Title_6528,Canada,2021,2019,R,Horror Movies
s6529,TV Show,Title_6529,South Korea,2014,2016,R,Crime TV Shows
s6530,TV Show,Title_6530,United Kingdom,2020,2016,TV-MA,Reality TV
s6531,Movie,Title_6531,Germany,2016,2021,TV-14,Horror Movies
s6532,Movie,Title_6532,South Korea,2013,2016,TV-14,Thrillers
s6533,TV Show,Title_6533,Canada,2020,2015,TV-MA,Documentaries
s6534,Movie,Title_6534,United States,2008,2018,TV-MA,Crime TV Shows
s6535,Movie,Title_6535,Mexico,2020,2020,R,Reality TV
s6536,Movie,Title_6536,Italy,2015,2011,TV-MA,Kids TV
s6537,TV Show,Title_6537,United States,2020,2018,TV-MA,Documentaries
s6538,Movie,Title_6538,United Kingdom,2019,2010,TV-MA,International TV Shows
s6539,Movie,Title_6539,United States,2019,2018,TV-MA,Kids TV
s6540,Movie,Title_6540,South Korea,2016,2015,TV-14,Thrillers
s6541,TV Show,Title_6541,South Korea,2011,2016,R,Children & Family Movies
s6542,TV Show,Title_6542,United States,2020,2017,TV-MA,Stand-Up Comedy
s6543,Movie,Title_6543,Australia,2014,2021,TV-MA,Comedies
s6544,Movie,Title_6544,United States,2016,2019,R,Romantic Movies
s6545,Movie,Title_6545,Germany,2018,2021,TV-14,Sci-Fi & Fantasy
s6546,Movie,Title_6546,India,2017,2018,TV-PG,Dramas
s6547,Movie,Title_6547,United States,2014,2008,TV-MA,Documentaries
s6548,TV Show,Title_6548,United States,2013,2015,PG-13,Crime TV Shows
s6549,Movie,Title_6549,United States,2013,2020,TV-14,Dramas
s6550,TV Show,Title_6550,France,2020,2018,TV-PG,Reality TV
s6551,Movie,Title_6551,United Kingdom,2010,2021,TV-MA,International Movies
s6552,TV Show,Title_6552,United States,2021,2013,TV-MA,Kids TV
s6553,TV Show,Title_6553,United States,2014,2015,R,Sci-Fi & Fantasy
s6554,Movie,Title_6554,United States,2013,2016,TV-MA,Stand-Up Comedy
s6555,TV Show,Title_6555,South Korea,2018,2016,TV-MA,Comedies
s6556,Movie,Title_6556,Japan,2012,2015,TV-14,Crime TV Shows
s6557,Movie,Title_6557,United States,2018,2017,TV-14,Reality TV
s6558,TV Show,Title_6558,Canada,2020,2018,TV-PG,Romantic Movies
s6559,Movie,Title_6559,United States,2011,2016,TV-PG,International TV Shows
s6560,Movie,Title_6560,Brazil,2020,2012,TV-14,Action & Adventure
s6561,TV Show,Title_6561,Brazil,2016,2019,TV-14,Crime TV Shows
s6562,Movie,Title_6562,Japan,2013,2017,NR,Sci-Fi & Fantasy
s6563,Movie,Title_6563,Italy,2014,2018,TV-14,Thrillers
s6564,Movie,Title_6564,Germany,2021,2017,TV-PG,Stand-Up Comedy
s6565,TV Show,Title_6565,Mexico,2013,2020,TV-MA,International TV Shows
s6566,Movie,Title_6566,Canada,2020,2018,PG,Dramas
s6567,TV Show,Title_6567,United States,2018,2021,TV-MA,Reality TV
s6568,Movie,Title_6568,United States,2010,2017,TV-14,International Movies
s6569,Movie,Title_6569,United States,2017,2015,TV-14,International TV Shows
s6570,Movie,Title_6570,France,2020,2016,TV-PG,Crime TV Shows
s6571,TV Show,Title_6571,United States,2019,2018,TV-14,Thrillers
s6572,Movie,Title_6572,United States,2017,2018,TV-PG,International TV Shows
s6573,Movie,Title_6573,India,2020,2019,TV-MA,Stand-Up Comedy
s6574,Movie,Title_6574,United States,2013,2015,TV-14,Kids TV
s6575,TV Show,Title_6575,Canada,2020,2018,PG-13,Stand-Up Comedy
s6576,Movie,Title_6576,Italy,2020,2019,TV-MA,Anime Series
s6577,TV Show,Title_6577,South Korea,2019,2019,TV-MA,Comedies
s6578,Movie,Title_6578,France,2020,2017,TV-14,Action & Adventure
s6579,TV Show,Title_6579,Canada,2018,2021,G,Romantic Movies
s6580,TV Show,Title_6580,United Kingdom,2019,2017,TV-MA,Action & Adventure
s6581,Movie,Title_6581,United States,2018,2012,TV-MA,Action & Adventure
s6582,TV Show,Title_6582,Brazil,2016,2020,TV-14,International TV Shows
s6583,Movie,Title_6583,United States,2018,2014,TV-MA,International Movies
s6584,Movie,Title_6584,United States,2015,2019,TV-14,Anime Series
s6585,Movie,Title_6585,South Korea,2017,2014,PG-13,Thrillers
s6586,Movie,Title_6586,United States,2015,2009,TV-MA,Stand-Up Comedy
s6587,TV Show,Title_6587,India,2013,2013,TV-PG,Horror Movies
s6588,Movie,Title_6588,United States,2016,2016,TV-14,Anime Series
s6589,Movie,Title_6589,United States,2020,2012,PG,Dramas
s6590,Movie,Title_6590,United States,2016,2014,G,Dramas
s6591,Movie,Title_6591,United States,2019,2019,TV-14,Horror Movies
s6592,TV Show,Title_6592,France,2014,2019,TV-14,Crime TV Shows
s6593,Movie,Title_6593,Mexico,2017,2020,R,Sci-Fi & Fantasy
s6594,Movie,Title_6594,India,2013,2020,TV-MA,Anime Series
s6595,Movie,Title_6595,Australia,2013,2017,TV-MA,Action & Adventure
s6596,Movie,Title_6596,United States,2018,2020,TV-G,International TV Shows
s6597,Movie,Title_6597,United States,2018,2018,TV-14,Crime TV Shows
s6598,TV Show,Title_6598,United States,2014,2017,TV-MA,Children & Family Movies
s6599,Movie,Title_6599,France,2017,2019,PG-13,International Movies
s6600,Movie,Title_6600,India,2020,2014,TV-14,Romantic Movies
s6601,Movie,Title_6601,Canada,2014,2019,TV-MA,Dramas
s6602,TV Show,Title_6602,Spain,2009,2017,TV-MA,Crime TV Shows
s6603,Movie,Title_6603,United Kingdom,2018,2013,TV-MA,Reality TV
s6604,Movie,Title_6604,France,2011,2013,NR,Children & Family Movies
s6605,Movie,Title_6605,Italy,2021,2014,NR,Thrillers
s6606,TV Show,Title_6606,United States,2018,2020,TV-MA,Comedies
s6607,TV Show,Title_6607,India,2017,2021,PG-13,Romantic Movies
s6608,Movie,Title_6608,South Korea,2017,2016,TV-14,Action & Adventure
s6609,Movie,Title_6609,Canada,2018,2015,TV-PG,Anime Series
s6610,TV Show,Title_6610,United States,2012,2014,TV-MA,Anime Series
s6611,Movie,Title_6611,India,2021,2020,TV-14,Sci-Fi & Fantasy
s6612,TV Show,Title_6612,India,2018,2014,TV-MA,Dramas
s6613,TV Show,Title_6613,India,2014,2021,TV-MA,Children & Family Movies
s6614,Movie,Title_6614,United States,2018,2019,TV-MA,Horror Movies
s6615,Movie,Title_6615,Italy,2013,2020,TV-MA,Dramas
s6616,TV Show,Title_6616,Spain,2009,2018,G,International Movies
s6617,Movie,Title_6617,United Kingdom,2018,2019,TV-G,International Movies
s6618,TV Show,Title_6618,Japan,2018,2018,PG-13,Sci-Fi & Fantasy
s6619,TV Show,Title_6619,Brazil,2018,2020,TV-MA,Thrillers
s6620,Movie,Title_6620,United States,2014,2020,TV-14,Sci-Fi & Fantasy
s6621,Movie,Title_6621,United States,2018,2018,TV-14,Documentaries
s6622,Movie,Title_6622,United Kingdom,2011,2018,TV-14,Reality TV
s6623,Movie,Title_6623,Germany,2018,2021,TV-MA,Thrillers
s6624,Movie,Title_6624,United States,2018,2021,TV-14,Dramas
s6625,Movie,Title_6625,Nigeria,2018,2019,TV-MA,Thrillers
s6626,Movie,Title_6626,India,2020,2008,PG-13,Crime TV Shows
s6627,Movie,Title_6627,India,2020,2012,TV-PG,Thrillers
s6628,TV Show,Title_6628,United States,2021,2020,TV-MA,Children & Family Movies
s6629,Movie,Title_6629,United States,2021,2012,TV-PG,Kids TV
s6630,Movie,Title_6630,Germany,2019,2014,TV-MA,International Movies
s6631,Movie,Title_6631,Turkey,2021,2015,TV-MA,Thrillers
s6632,Movie,Title_6632,India,2020,2018,TV-MA,International TV Shows
s6633,Movie,Title_6633,Turkey,2019,2018,R,Horror Movies
s6634,TV Show,Title_6634,Mexico,2012,2015,TV-MA,Sci-Fi & Fantasy
s6635,TV Show,Title_6635,United Kingdom,2011,2014,TV-14,Sci-Fi & Fantasy
s6636,Movie,Title_6636,Japan,2020,2019,TV-MA,International TV Shows
s6637,Movie,Title_6637,India,2017,2021,TV-MA,Horror Movies
s6638,Movie,Title_6638,Canada,2020,2011,TV-MA,International Movies
s6639,Movie,Title_6639,United States,2016,2013,TV-PG,Documentaries
s6640,Movie,Title_6640,Japan,2016,2018,TV-14,Anime Series
s6641,TV Show,Title_6641,United States,2019,2020,R,Children & Family Movies
s6642,Movie,Title_6642,Germany,2021,2020,TV-MA,Documentaries
s6643,TV Show,Title_6643,Mexico,2012,2019,TV-MA,Anime Series
s6644,Movie,Title_6644,United States,2020,2020,TV-PG,Comedies
s6645,Movie,Title_6645,United States,2020,2014,TV-MA,Dramas
s6646,TV Show,Title_6646,United Kingdom,2016,2012,TV-MA,Anime Series
s6647,Movie,Title_6647,Canada,2016,2018,TV-MA,Sci-Fi & Fantasy
s6648,Movie,Title_6648,United States,2011,2020,R,Children & Family Movies
s6649,TV Show,Title_6649,Canada,2009,2018,TV-PG,International TV Shows
s6650,Movie,Title_6650,United States,2017,2021,TV-MA,International TV Shows
s6651,Movie,Title_6651,United States,2012,2020,TV-14,Anime Series
s6652,Movie,Title_6652,United States,2014,2019,TV-PG,Stand-Up Comedy
s6653,Movie,Title_6653,United States,2020,2011,TV-14,Sci-Fi & Fantasy
s6654,Movie,Title_6654,Germany,2018,2012,TV-MA,Thrillers
s6655,Movie,Title_6655,Turkey,2018,2019,TV-PG,International TV Shows
s6656,Movie,Title_6656,India,2014,2014,TV-PG,Sci-Fi & Fantasy
s6657,TV Show,Title_6657,United Kingdom,2020,2010,TV-MA,Kids TV
s6658,Movie,Title_6658,United States,2020,2021,TV-PG,Kids TV
s6659,Movie,Title_6659,United Kingdom,2018,2020,TV-14,Children & Family Movies
s6660,Movie,Title_6660,United States,2021,2014,R,Horror Movies
s6661,Movie,Title_6661,Canada,2020,2019,TV-MA,Reality TV
s6662,Movie,Title_6662,Italy,2019,2011,TV-MA,International Movies
s6663,Movie,Title_6663,United States,2019,2015,TV-14,Documentaries
s6664,Movie,Title_6664,Spain,2012,2018,TV-14,Comedies
s6665,TV Show,Title_6665,United States,2015,2019,TV-14,Kids TV
s6666,Movie,Title_6666,India,2011,2009,R,Anime Series
s6667,TV Show,Title_6667,United States,2008,2016,TV-14,International Movies
s6668,TV Show,Title_6668,United States,2013,2014,TV-PG,Comedies
s6669,Movie,Title_6669,United States,2020,2021,TV-MA,Action & Adventure
s6670,TV Show,Title_6670,India,2015,2019,R,Reality TV
s6671,Movie,Title_6671,India,2021,2017,TV-14,International Movies
s6672,TV Show,Title_6672,United States,2018,2012,TV-MA,International Movies
s6673,Movie,Title_6673,France,2015,2018,TV-MA,Stand-Up Comedy
s6674,Movie,Title_6674,Italy,2017,2018,TV-MA,Reality TV
s6675,Movie,Title_6675,India,2014,2020,TV-14,Comedies
s6676,Movie,Title_6676,United States,2021,2015,TV-MA,Comedies
s6677,Movie,Title_6677,United States,2020,2021,TV-Y,Action & Adventure
s6678,Movie,Title_6678,Australia,2010,2017,PG-13,Crime TV Shows
s6679,TV Show,Title_6679,Canada,2021,2015,PG-13,Documentaries
s6680,Movie,Title_6680,India,2019,2016,TV-14,Comedies
s6681,Movie,Title_6681,United States,2012,2017,PG-13,Thrillers
s6682,TV Show,Title_6682,India,2019,2021,TV-MA,Romantic Movies
s6683,TV Show,Title_6683,United States,2018,2019,TV-14,Comedies
s6684,Movie,Title_6684,Turkey,2014,2018,TV-14,International TV Shows
s6685,Movie,Title_6685,Brazil,2019,2014,TV-MA,Stand-Up Comedy
s6686,TV Show,Title_6686,United States,2012,2013,TV-MA,Action & Adventure
s6687,Movie,Title_6687,United Kingdom,2017,2017,TV-14,Documentaries
s6688,Movie,Title_6688,United States,2008,2019,TV-MA,Comedies
s6689,Movie,Title_6689,India,2021,2019,TV-PG,Documentaries
s6690,Movie,Title_6690,Australia,2019,2015,NR,Crime TV Shows
s6691,TV Show,Title_6691,United Kingdom,2013,2012,TV-MA,Anime Series
s6692,Movie,Title_6692,United States,2016,2016,TV-14,Children & Family Movies
s6693,Movie,Title_6693,United States,2014,2021,R,Comedies
s6694,Movie,Title_6694,Germany,2019,2018,TV-MA,Comedies
s6695,Movie,Title_6695,France,2011,2016,NR,Dramas
s6696,Movie,Title_6696,India,2020,2016,PG,International Movies
s6697,Movie,Title_6697,United States,2021,2013,TV-MA,Action & Adventure
s6698,Movie,Title_6698,United States,2019,2017,TV-MA,Kids TV
s6699,Movie,Title_6699,Turkey,2014,2020,G,Horror Movies
s6700,Movie,Title_6700,United Kingdom,2016,2021,TV-G,Comedies
s6701,TV Show,Title_6701,India,2017,2017,TV-14,Romantic Movies
s6702,Movie,Title_6702,United Kingdom,2018,2014,TV-MA,Documentaries
s6703,Movie,Title_6703,Spain,2019,2019,TV-PG,Horror Movies
s6704,Movie,Title_6704,United States,2018,2019,TV-MA,Action & Adventure
s6705,Movie,Title_6705,United States,2016,2012,NR,Action & Adventure
s6706,TV Show,Title_6706,Canada,2020,2020,R,Thrillers
s6707,Movie,Title_6707,France,2012,2020,TV-PG,Children & Family Movies
s6708,TV Show,Title_6708,Japan,2017,2017,TV-MA,Reality TV
s6709,Movie,Title_6709,Brazil,2019,2018,TV-PG,Kids TV
s6710,Movie,Title_6710,India,2011,2019,TV-MA,Crime TV Shows
s6711,Movie,Title_6711,United States,2019,2019,TV-MA,Thrillers
s6712,Movie,Title_6712,Turkey,2020,2009,TV-14,Anime Series
s6713,Movie,Title_6713,India,2019,2013,TV-14,Anime Series
s6714,Movie,Title_6714,France,2009,2014,R,Anime Series
s6715,Movie,Title_6715,France,2014,2019,PG-13,Crime TV Shows
s6716,TV Show,Title_6716,United Kingdom,2016,2017,TV-MA,International TV Shows
s6717,TV Show,Title_6717,United States,2015,2018,TV-14,Action & Adventure
s6718,TV Show,Title_6718,South Korea,2021,2019,TV-14,Reality TV
s6719,Movie,Title_6719,Germany,2018,2016,TV-MA,Children & Family Movies
s6720,Movie,Title_6720,United Kingdom,2015,2019,R,International TV Shows
s6721,Movie,Title_6721,United Kingdom,2021,2017,TV-14,Reality TV
s6722,Movie,Title_6722,United States,2019,2016,PG,Kids TV
s6723,Movie,Title_6723,United States,2015,2016,TV-PG,Crime TV Shows
s6724,Movie,Title_6724,United States,2016,2021,TV-MA,Romantic Movies
s6725,TV Show,Title_6725,United States,2014,2019,TV-MA,Comedies
s6726,TV Show,Title_6726,Turkey,2021,2010,TV-14,Comedies
s6727,TV Show,Title_6727,Spain,2017,2021,TV-MA,Kids TV
s6728,TV Show,Title_6728,France,2020,2019,TV-14,Anime Series
s6729,Movie,Title_6729,United Kingdom,2016,2013,TV-MA,Children & Family Movies
s6730,Movie,Title_6730,United States,2020,2012,G,Kids TV
s6731,Movie,Title_6731,Nigeria,2011,2016,TV-MA,Thrillers
s6732,TV Show,Title_6732,India,2021,2018,TV-PG,International Movies
s6733,Movie,Title_6733,United States,2021,2018,TV-MA,Dramas
s6734,Movie,Title_6734,United Kingdom,2016,2015,TV-14,Thrillers
s6735,Movie,Title_6735,Australia,2019,2017,TV-MA,Horror Movies
s6736,Movie,Title_6736,Brazil,2019,2014,TV-14,Comedies
s6737,Movie,Title_6737,United States,2020,2011,TV-14,Horror Movies
s6738,Movie,Title_6738,Brazil,2016,2017,TV-PG,International TV Shows
s6739,Movie,Title_6739,United States,2017,2016,TV-14,Thrillers
s6740,Movie,Title_6740,United States,2020,2018,TV-PG,Anime Series
s6741,Movie,Title_6741,Mexico,2019,2021,PG-13,Action & Adventure
s6742,Movie,Title_6742,Australia,2016,2013,PG,Romantic Movies
s6743,TV Show,Title_6743,Canada,2020,2008,R,Romantic Movies
s6744,Movie,Title_6744,Canada,2011,2012,TV-MA,Romantic Movies
s6745,Movie,Title_6745,Germany,2019,2017,TV-G,Reality TV
s6746,Movie,Title_6746,Spain,2014,2019,NR,Reality TV
s6747,Movie,Title_6747,Brazil,2015,2018,TV-PG,Sci-Fi & Fantasy
s6748,TV Show,Title_6748,United Kingdom,2017,2017,TV-14,Sci-Fi & Fantasy
s6749,Movie,Title_6749,Turkey,2017,2016,TV-MA,Kids TV
s6750,Movie,Title_6750,Nigeria,2018,2016,R,Anime Series
s6751,TV Show,Title_6751,United States,2018,2016,PG,International Movies
s6752,Movie,Title_6752,Australia,2016,2018,TV-PG,Horror Movies
s6753,TV Show,Title_6753,United Kingdom,2014,2014,TV-PG,Anime Series
s6754,TV Show,Title_6754,India,2019,2019,TV-MA,Documentaries
s6755,TV Show,Title_6755,Canada,2016,2018,TV-MA,Reality TV
s6756,TV Show,Title_6756,United States,2017,2015,R,Reality TV
s6757,TV Show,Title_6757,United Kingdom,2018,2017,TV-MA,Documentaries
s6758,Movie,Title_6758,Australia,2020,2021,TV-PG,International Movies
s6759,Movie,Title_6759,United States,2019,2010,R,Documentaries
s6760,TV Show,Title_6760,India,2011,2014,TV-MA,Thrillers
s6761,Movie,Title_6761,Turkey,2020,2017,TV-MA,International Movies
s6762,Movie,Title_6762,India,2021,2018,PG-13,Dramas
s6763,Movie,Title_6763,India,2017,2014,TV-MA,Sci-Fi & Fantasy
s6764,Movie,Title_6764,India,2021,2021,TV-14,Thrillers
s6765,Movie,Title_6765,United Kingdom,2018,2018,TV-PG,Horror Movies
s6766,Movie,Title_6766,France,2017,2020,PG-13,Horror Movies
s6767,Movie,Title_6767,Germany,2016,2016,PG-13,Reality TV
s6768,Movie,Title_6768,India,2018,2020,TV-14,Reality TV
s6769,Movie,Title_6769,Germany,2015,2016,TV-14,Horror Movies
s6770,TV Show,Title_6770,United Kingdom,2012,2015,PG-13,Anime Series
s6771,Movie,Title_6771,United States,2010,2021,TV-14,Documentaries
s6772,Movie,Title_6772,France,2015,2012,TV-14,International TV Shows
s6773,Movie,Title_6773,South Korea,2016,2021,TV-14,Romantic Movies
s6774,Movie,Title_6774,Canada,2018,2017,TV-14,International TV Shows
s6775,Movie,Title_6775,United States,2015,2021,TV-14,Dramas
s6776,Movie,Title_6776,United States,2021,2018,TV-14,Comedies
s6777,Movie,Title_6777,United States,2015,2019,TV-MA,Stand-Up Comedy
s6778,Movie,Title_6778,United States,2017,2008,TV-Y7,Horror Movies
s6779,Movie,Title_6779,Japan,2012,2017,TV-MA,Action & Adventure
s6780,Movie,Title_6780,United States,2015,2019,TV-MA,Crime TV Shows
s6781,Movie,Title_6781,South Korea,2011,2019,TV-MA,Kids TV
s6782,Movie,Title_6782,United States,2018,2013,TV-14,Comedies
s6783,Movie,Title_6783,United States,2019,2017,PG,Reality TV
s6784,Movie,Title_6784,United Kingdom,2014,2017,R,International Movies
s6785,Movie,Title_6785,United States,2016,2012,PG-13,International TV Shows
s6786,Movie,Title_6786,Brazil,2009,2017,PG-13,Documentaries
s6787,Movie,Title_6787,United States,2020,2020,NR,International Movies
s6788,Movie,Title_6788,India,2019,2016,TV-MA,Crime TV Shows
s6789,Movie,Title_6789,Australia,2011,2017,TV-14,Horror Movies
s6790,TV Show,Title_6790,Canada,2016,2021,TV-14,Romantic Movies
s6791,Movie,Title_6791,United States,2021,2010,TV-14,Crime TV Shows
s6792,Movie,Title_6792,India,2016,2018,TV-PG,Horror Movies
s6793,Movie,Title_6793,Japan,2018,2019,TV-14,Anime Series
s6794,TV Show,Title_6794,Nigeria,2016,2019,TV-PG,Comedies
s6795,Movie,Title_6795,Brazil,2018,2019,TV-14,Action & Adventure
s6796,TV Show,Title_6796,United States,2021,2019,TV-MA,Kids TV
s6797,TV Show,Title_6797,Nigeria,2021,2011,TV-MA,Sci-Fi & Fantasy
s6798,Movie,Title_6798,United States,2019,2018,PG-13,Kids TV
s6799,Movie,Title_6799,United States,2017,2019,TV-PG,Horror Movies
s6800,Movie,Title_6800,Mexico,2017,2012,G,Sci-Fi & Fantasy
s6801,Movie,Title_6801,United States,2016,2009,PG-13,International TV Shows
s6802,Movie,Title_6802,United States,2021,2020,TV-14,Dramas
s6803,Movie,Title_6803,United States,2019,2019,TV-MA,Sci-Fi & Fantasy
s6804,Movie,Title_6804,India,2017,2017,TV-PG,Children & Family Movies
s6805,Movie,Title_6805,South Korea,2009,2021,R,International Movies
s6806,Movie,Title_6806,France,2018,2019,TV-14,Horror Movies
s6807,Movie,Title_6807,United States,2021,2021,TV-MA,Crime TV Shows
s6808,TV Show,Title_6808,United Kingdom,2018,2021,TV-14,Kids TV
s6809,TV Show,Title_6809,Italy,2014,2017,TV-MA,International TV Shows
s6810,Movie,Title_6810,Germany,2010,2019,NR,Anime Series
s6811,TV Show,Title_6811,United States,2016,2019,TV-PG,Reality TV
s6812,Movie,Title_6812,Nigeria,2021,2020,TV-MA,Kids TV
s6813,TV Show,Title_6813,Japan,2021,2019,TV-MA,Comedies
s6814,Movie,Title_6814,United States,2021,2013,TV-PG,Thrillers
s6815,Movie,Title_6815,United States,2019,2015,TV-PG,Documentaries
s6816,Movie,Title_6816,United States,2018,2015,TV-14,Sci-Fi & Fantasy
s6817,Movie,Title_6817,South Korea,2018,2020,TV-PG,International Movies
s6818,TV Show,Title_6818,United States,2018,2020,TV-PG,Horror Movies
s6819,Movie,Title_6819,United Kingdom,2019,2017,TV-14,Sci-Fi & Fantasy
s6820,Movie,Title_6820,United States,2017,2018,NR,Comedies
s6821,TV Show,Title_6821,Italy,2019,2020,TV-14,Thrillers
s6822,Movie,Title_6822,United States,2013,2016,TV-MA,Horror Movies
s6823,Movie,Title_6823,Brazil,2015,2011,TV-MA,International TV Shows
s6824,Movie,Title_6824,Turkey,2020,2017,TV-MA,Stand-Up Comedy
s6825,TV Show,Title_6825,United States,2020,2021,TV-14,Romantic Movies
s6826,Movie,Title_6826,India,2018,2020,TV-PG,Documentaries
s6827,Movie,Title_6827,United States,2010,2016,TV-MA,Thrillers
s6828,Movie,Title_6828,Brazil,2021,2011,PG,Comedies
s6829,Movie,Title_6829,United Kingdom,2019,2018,TV-PG,International TV Shows
s6830,Movie,Title_6830,United States,2017,2020,TV-MA,Documentaries
s6831,Movie,Title_6831,United States,2018,2019,TV-MA,Thrillers
s6832,Movie,Title_6832,India,2017,2017,TV-14,Reality TV
s6833,Movie,Title_6833,Turkey,2017,2013,TV-MA,Comedies
s6834,Movie,Title_6834,Japan,2020,2021,TV-MA,Romantic Movies
s6835,Movie,Title_6835,Australia,2014,2015,TV-MA,International Movies
s6836,TV Show,Title_6836,India,2012,2015,TV-MA,Romantic Movies
s6837,TV Show,Title_6837,United States,2008,2020,TV-MA,Horror Movies
s6838,Movie,Title_6838,Nigeria,2016,2021,TV-MA,Children & Family Movies
s6839,Movie,Title_6839,United States,2013,2019,PG-13,Action & Adventure
s6840,TV Show,Title_6840,Turkey,2014,2018,TV-MA,Anime Series
s6841,Movie,Title_6841,India,2009,2016,TV-14,Comedies
s6842,Movie,Title_6842,United States,2015,2010,TV-MA,Anime Series
s6843,Movie,Title_6843,Japan,2016,2014,TV-MA,Action & Adventure
s6844,Movie,Title_6844,Nigeria,2010,2018,R,Horror Movies
s6845,Movie,Title_6845,Turkey,2018,2013,TV-MA,Horror Movies
s6846,Movie,Title_6846,United States,2018,2020,TV-MA,Kids TV
s6847,Movie,Title_6847,United States,2012,2014,TV-14,Thrillers
s6848,Movie,Title_6848,Canada,2018,2018,TV-MA,Crime TV Shows
s6849,TV Show,Title_6849,France,2021,2017,TV-14,Kids TV
s6850,TV Show,Title_6850,South Korea,2021,2018,TV-MA,Horror Movies
s6851,TV Show,Title_6851,United States,2008,2016,TV-MA,Reality TV
s6852,Movie,Title_6852,Turkey,2020,2020,TV-MA,Horror Movies
s6853,Movie,Title_6853,France,2016,2017,TV-G,Thrillers
s6854,TV Show,Title_6854,Mexico,2011,2019,TV-14,Documentaries
s6855,Movie,Title_6855,United Kingdom,2015,2018,TV-14,Crime TV Shows
s6856,TV Show,Title_6856,India,2016,2013,TV-PG,Comedies
s6857,Movie,Title_6857,Nigeria,2018,2018,R,Dramas
s6858,TV Show,Title_6858,Canada,2019,2018,TV-PG,Action & Adventure
s6859,Movie,Title_6859,Australia,2019,2020,R,Dramas
s6860,Movie,Title_6860,Turkey,2015,2020,TV-14,Anime Series
s6861,Movie,Title_6861,Japan,2016,2013,TV-14,Sci-Fi & Fantasy
s6862,TV Show,Title_6862,United Kingdom,2016,2012,PG-13,Kids TV
s6863,Movie,Title_6863,United States,2016,2015,PG-13,Dramas
s6864,TV Show,Title_6864,United States,2021,2021,TV-MA,Reality TV
s6865,Movie,Title_6865,United States,2019,2010,TV-14,International TV Shows
s6866,TV Show,Title_6866,United States,2021,2019,TV-PG,Thrillers
s6867,Movie,Title_6867,United States,2019,2018,TV-MA,Sci-Fi & Fantasy
s6868,TV Show,Title_6868,United States,2017,2018,NR,Crime TV Shows
s6869,TV Show,Title_6869,India,2016,2014,TV-14,Documentaries
s6870,Movie,Title_6870,India,2017,2015,TV-PG,Children & Family Movies
s6871,TV Show,Title_6871,United States,2017,2017,TV-MA,Dramas
s6872,Movie,Title_6872,United States,2020,2012,TV-MA,Dramas
s6873,Movie,Title_6873,Japan,2017,2012,TV-MA,Stand-Up Comedy
s6874,TV Show,Title_6874,United Kingdom,2015,2012,TV-MA,Thrillers
s6875,TV Show,Title_6875,India,2019,2018,TV-14,Sci-Fi & Fantasy
s6876,Movie,Title_6876,France,2020,2016,PG-13,Stand-Up Comedy
s6877,Movie,Title_6877,Mexico,2017,2015,TV-14,International TV Shows
s6878,TV Show,Title_6878,India,2019,2016,TV-MA,Reality TV
s6879,Movie,Title_6879,France,2011,2014,TV-MA,Thrillers
s6880,TV Show,Title_6880,Turkey,2018,2017,TV-PG,Thrillers
s6881,Movie,Title_6881,Mexico,2011,2014,TV-14,Romantic Movies
s6882,TV Show,Title_6882,India,2010,2019,TV-Y,International TV Shows
s6883,Movie,Title_6883,France,2018,2013,R,Children & Family Movies
s6884,TV Show,Title_6884,United States,2016,2021,PG-13,Kids TV
s6885,Movie,Title_6885,Canada,2019,2012,TV-MA,Sci-Fi & Fantasy
s6886,Movie,Title_6886,Nigeria,2020,2021,R,International Movies
s6887,Movie,Title_6887,United Kingdom,2013,2020,TV-MA,Sci-Fi & Fantasy
s6888,Movie,Title_6888,Italy,2019,2019,TV-14,Comedies
s6889,TV Show,Title_6889,India,2017,2021,TV-14,Kids TV
s6890,TV Show,Title_6890,Nigeria,2013,2013,TV-14,Anime Series
s6891,Movie,Title_6891,Canada,2018,2014,TV-MA,Action & Adventure
s6892,Movie,Title_6892,United States,2018,2015,TV-14,International TV Shows
s6893,Movie,Title_6893,Canada,2017,2015,TV-MA,Reality TV
s6894,Movie,Title_6894,United States,2021,2016,TV-MA,Dramas
s6895,Movie,Title_6895,United States,2018,2018,TV-PG,Horror Movies
s6896,TV Show,Title_6896,Mexico,2021,2010,TV-G,Horror Movies
s6897,Movie,Title_6897,United States,2017,2016,R,Sci-Fi & Fantasy
s6898,Movie,Title_6898,Germany,2013,2015,TV-14,Action & Adventure
s6899,Movie,Title_6899,United States,2017,2018,TV-MA,Dramas
s6900,Movie,Title_6900,United States,2014,2021,TV-MA,Dramas
s6901,TV Show,Title_6901,Nigeria,2018,2017,TV-MA,Thrillers
s6902,TV Show,Title_6902,India,2019,2017,G,International Movies
s6903,Movie,Title_6903,Canada,2017,2016,TV-14,Dramas
s6904,TV Show,Title_6904,Canada,2012,2019,PG-13,Romantic Movies
s6905,TV Show,Title_6905,Canada,2017,2012,TV-PG,Crime TV Shows
s6906,TV Show,Title_6906,Italy,2012,2021,TV-PG,Kids TV
s6907,TV Show,Title_6907,Japan,2019,2017,NR,International Movies
s6908,TV Show,Title_6908,India,2020,2016,TV-MA,Children & Family Movies
s6909,Movie,Title_6909,Australia,2021,2021,TV-14,Sci-Fi & Fantasy
s6910,Movie,Title_6910,United States,2013,2021,PG-13,Reality TV
s6911,Movie,Title_6911,United Kingdom,2018,2018,TV-14,Action & Adventure
s6912,Movie,Title_6912,Turkey,2018,2009,TV-MA,Children & Family Movies
s6913,Movie,Title_6913,France,2021,2019,TV-MA,Children & Family Movies
s6914,Movie,Title_6914,Germany,2018,2016,R,Action & Adventure
s6915,TV Show,Title_6915,France,2013,2016,TV-MA,Anime Series
s6916,Movie,Title_6916,Mexico,2017,2013,PG,International Movies
s6917,TV Show,Title_6917,Turkey,2018,2018,TV-MA,Horror Movies
s6918,Movie,Title_6918,United States,2019,2019,TV-PG,International TV Shows
s6919,Movie,Title_6919,United States,2020,2015,TV-PG,Sci-Fi & Fantasy
s6920,Movie,Title_6920,United Kingdom,2014,2021,TV-14,Reality TV
s6921,Movie,Title_6921,Japan,2021,2014,TV-14,Reality TV
s6922,Movie,Title_6922,United States,2011,2011,PG-13,Anime Series
s6923,Movie,Title_6923,United States,2021,2018,TV-PG,Romantic Movies
s6924,Movie,Title_6924,United States,2020,2020,R,Reality TV
s6925,Movie,Title_6925,Turkey,2019,2021,TV-MA,Romantic Movies
s6926,Movie,Title_6926,Japan,2019,2019,TV-MA,Comedies
s6927,Movie,Title_6927,India,2012,2014,TV-MA,Dramas
s6928,TV Show,Title_6928,United States,2011,2021,TV-MA,Crime TV Shows
s6929,TV Show,Title_6929,India,2012,2021,TV-PG,Stand-Up Comedy
s6930,TV Show,Title_6930,United States,2012,2014,TV-14,Action & Adventure
s6931,Movie,Title_6931,United States,2018,2018,R,Horror Movies
s6932,Movie,Title_6932,Brazil,2014,2018,TV-MA,Stand-Up Comedy
s6933,Movie,Title_6933,Nigeria,2020,2017,TV-14,Crime TV Shows
s6934,Movie,Title_6934,United States,2017,2021,PG,Crime TV Shows
s6935,Movie,Title_6935,United States,2019,2011,NR,Children & Family Movies
s6936,Movie,Title_6936,United States,2018,2018,NR,International TV Shows
s6937,Movie,Title_6937,India,2016,2014,PG-13,Horror Movies
s6938,Movie,Title_6938,United States,2015,2018,TV-PG,International Movies
s6939,TV Show,Title_6939,United States,2016,2019,PG,Action & Adventure
s6940,TV Show,Title_6940,United States,2020,2015,TV-PG,Anime Series
s6941,Movie,Title_6941,Spain,2018,2016,TV-G,Reality TV
s6942,Movie,Title_6942,Japan,2015,2021,TV-MA,Documentaries
s6943,Movie,Title_6943,France,2020,2019,NR,Sci-Fi & Fantasy
s6944,TV Show,Title_6944,India,2011,2018,TV-14,Documentaries
s6945,TV Show,Title_6945,Brazil,2019,2015,TV-MA,Kids TV
s6946,TV Show,Title_6946,Turkey,2017,2017,TV-MA,Dramas
s6947,Movie,Title_6947,United States,2019,2019,PG-13,Horror Movies
s6948,Movie,Title_6948,United States,2021,2020,TV-14,International TV Shows
s6949,Movie,Title_6949,United Kingdom,2019,2015,TV-Y,Horror Movies
s6950,TV Show,Title_6950,United States,2017,2019,TV-MA,Documentaries
s6951,Movie,Title_6951,India,2013,2012,TV-14,Romantic Movies
s6952,Movie,Title_6952,Canada,2020,2010,TV-MA,Comedies
s6953,Movie,Title_6953,United Kingdom,2017,2018,TV-14,Stand-Up Comedy
s6954,Movie,Title_6954,United States,2012,2015,TV-PG,Children & Family Movies
s6955,Movie,Title_6955,United Kingdom,2019,2012,TV-PG,Documentaries
s6956,Movie,Title_6956,Turkey,2015,2019,TV-MA,Kids TV
s6957,TV Show,Title_6957,United States,2011,2017,TV-MA,Dramas
s6958,Movie,Title_6958,France,2020,2020,TV-MA,Children & Family Movies
s6959,Movie,Title_6959,United States,2017,2019,PG-13,Crime TV Shows
s6960,Movie,Title_6960,United States,2015,2019,TV-MA,Dramas
s6961,Movie,Title_6961,United Kingdom,2019,2016,TV-14,Dramas
s6962,Movie,Title_6962,United States,2020,2015,TV-14,Horror Movies
s6963,Movie,Title_6963,United States,2008,2018,PG-13,Thrillers
s6964,TV Show,Title_6964,United States,2019,2014,TV-MA,Children & Family Movies
s6965,TV Show,Title_6965,Canada,2019,2020,TV-MA,International Movies
s6966,Movie,Title_6966,Japan,2014,2018,TV-PG,International TV Shows
s6967,Movie,Title_6967,United States,2017,2015,TV-G,Crime TV Shows
s6968,TV Show,Title_6968,Japan,2012,2018,TV-PG,Sci-Fi & Fantasy
s6969,TV Show,Title_6969,United States,2019,2021,TV-MA,Sci-Fi & Fantasy
s6970,Movie,Title_6970,Canada,2020,2012,TV-14,International TV Shows
s6971,Movie,Title_6971,India,2012,2012,G,Stand-Up Comedy
s6972,Movie,Title_6972,France,2020,2020,TV-14,International TV Shows
s6973,Movie,Title_6973,Nigeria,2019,2012,TV-14,Children & Family Movies
s6974,TV Show,Title_6974,Italy,2016,2010,TV-14,Documentaries
s6975,Movie,Title_6975,United States,2019,2016,TV-G,Stand-Up Comedy
s6976,Movie,Title_6976,Brazil,2008,2017,TV-PG,International Movies
s6977,Movie,Title_6977,United States,2021,2018,TV-PG,Thrillers
s6978,Movie,Title_6978,Turkey,2018,2017,TV-MA,Action & Adventure
s6979,Movie,Title_6979,United States,2018,2021,TV-14,Children & Family Movies
s6980,TV Show,Title_6980,India,2019,2019,TV-MA,Thrillers
s6981,Movie,Title_6981,United States,2018,2021,TV-MA,Kids TV
s6982,TV Show,Title_6982,United States,2020,2017,PG,Thrillers
s6983,Movie,Title_6983,South Korea,2018,2012,TV-14,Documentaries
s6984,Movie,Title_6984,Turkey,2020,2021,TV-MA,Crime TV Shows
s6985,Movie,Title_6985,Canada,2018,2008,NR,Documentaries
s6986,TV Show,Title_6986,Japan,2014,2019,TV-MA,International Movies
s6987,TV Show,Title_6987,Spain,2021,2010,R,Crime TV Shows
s6988,Movie,Title_6988,United States,2019,2019,TV-PG,Children & Family Movies
s6989,Movie,Title_6989,United States,2019,2021,NR,Children & Family Movies
s6990,Movie,Title_6990,United States,2021,2016,PG-13,Stand-Up Comedy
s6991,Movie,Title_6991,United States,2012,2015,TV-PG,Action & Adventure
s6992,Movie,Title_6992,United States,2017,2015,TV-MA,Crime TV Shows
s6993,Movie,Title_6993,United States,2015,2017,TV-14,Crime TV Shows
s6994,Movie,Title_6994,United States,2018,2014,NR,Crime TV Shows
s6995,TV Show,Title_6995,United States,2020,2019,TV-MA,Anime Series
s6996,Movie,Title_6996,Italy,2021,2016,R,Horror Movies
s6997,Movie,Title_6997,United States,2017,2016,TV-MA,Romantic Movies
s6998,Movie,Title_6998,United Kingdom,2019,2017,TV-MA,Comedies
s6999,Movie,Title_6999,Canada,2021,2018,TV-MA,Comedies
s7000,TV Show,Title_7000,United Kingdom,2019,2013,TV-MA,Anime Series
s7001,TV Show,Title_7001,United States,2015,2019,TV-Y7,International Movies
s7002,Movie,Title_7002,United States,2018,2020,PG-13,Romantic Movies
s7003,Movie,Title_7003,United States,2021,2015,TV-14,Children & Family Movies
s7004,TV Show,Title_7004,India,2021,2014,TV-PG,Kids TV
s7005,Movie,Title_7005,United States,2018,2019,TV-14,Romantic Movies
s7006,Movie,Title_7006,Canada,2020,2014,PG-13,International Movies
s7007,Movie,Title_7007,Japan,2014,2011,PG-13,Children & Family Movies
s7008,Movie,Title_7008,United Kingdom,2015,2018,TV-MA,Comedies
s7009,Movie,Title_7009,India,2021,2015,TV-14,International TV Shows
s7010,Movie,Title_7010,India,2013,2014,TV-PG,Dramas
s7011,Movie,Title_7011,Mexico,2014,2021,G,Crime TV Shows
s7012,Movie,Title_7012,United States,2017,2015,TV-PG,Stand-Up Comedy
s7013,Movie,Title_7013,South Korea,2018,2020,PG,Stand-Up Comedy
s7014,Movie,Title_7014,South Korea,2018,2014,PG-13,Reality TV
s7015,Movie,Title_7015,India,2015,2020,TV-14,Anime Series
s7016,TV Show,Title_7016,United States,2021,2017,PG,Romantic Movies
s7017,TV Show,Title_7017,India,2021,2012,TV-14,Dramas
s7018,TV Show,Title_7018,United States,2016,2019,TV-14,Crime TV Shows
s7019,Movie,Title_7019,United States,2017,2020,R,Thrillers
s7020,Movie,Title_7020,United States,2019,2014,TV-MA,Action & Adventure
s7021,Movie,Title_7021,United States,2019,2019,TV-MA,Documentaries
s7022,TV Show,Title_7022,United Kingdom,2016,2017,TV-PG,Reality TV
s7023,Movie,Title_7023,Australia,2017,2019,TV-14,Stand-Up Comedy
s7024,TV Show,Title_7024,United States,2016,2019,NR,Stand-Up Comedy
s7025,Movie,Title_7025,Italy,2015,2010,TV-G,Children & Family Movies
s7026,TV Show,Title_7026,Turkey,2017,2014,TV-14,Documentaries
s7027,TV Show,Title_7027,Turkey,2019,2017,TV-14,Thrillers
s7028,Movie,Title_7028,Mexico,2019,2021,R,Stand-Up Comedy
s7029,Movie,Title_7029,India,2019,2016,TV-14,Documentaries
s7030,TV Show,Title_7030,United States,2016,2018,TV-MA,Comedies
s7031,TV Show,Title_7031,Canada,2019,2009,R,Horror Movies
s7032,Movie,Title_7032,Canada,2008,2019,R,Horror Movies
s7033,Movie,Title_7033,Australia,2017,2018,TV-MA,Romantic Movies
s7034,Movie,Title_7034,Nigeria,2020,2019,PG-13,Dramas
s7035,Movie,Title_7035,United Kingdom,2018,2020,TV-PG,Children & Family Movies
s7036,Movie,Title_7036,United States,2017,2013,TV-MA,Action & Adventure
s7037,Movie,Title_7037,United States,2018,2015,TV-PG,Thrillers
s7038,Movie,Title_7038,United States,2020,2021,TV-MA,Sci-Fi & Fantasy
s7039,Movie,Title_7039,United Kingdom,2018,2013,TV-MA,Anime Series
s7040,Movie,Title_7040,United Kingdom,2020,2019,PG-13,Children & Family Movies
s7041,Movie,Title_7041,Mexico,2021,2019,NR,Stand-Up Comedy
s7042,TV Show,Title_7042,United Kingdom,2019,2019,TV-MA,Crime TV Shows
s7043,Movie,Title_7043,Italy,2018,2015,NR,Documentaries
s7044,Movie,Title_7044,France,2010,2014,TV-MA,Documentaries
s7045,TV Show,Title_7045,Mexico,2016,2019,TV-MA,Kids TV
s7046,Movie,Title_7046,United States,2018,2014,TV-MA,Thrillers
s7047,Movie,Title_7047,Australia,2020,2019,TV-MA,International TV Shows
s7048,Movie,Title_7048,Japan,2017,2017,TV-14,Children & Family Movies
s7049,Movie,Title_7049,United States,2021,2016,NR,International TV Shows
s7050,TV Show,Title_7050,United States,2015,2016,TV-MA,Documentaries
s7051,TV Show,Title_7051,Italy,2019,2021,TV-14,Documentaries
s7052,Movie,Title_7052,United States,2017,2017,R,Kids TV
s7053,TV Show,Title_7053,India,2017,2018,TV-MA,Action & Adventure
s7054,TV Show,Title_7054,United States,2020,2021,TV-PG,Dramas
s7055,TV Show,Title_7055,France,2015,2018,TV-14,Reality TV
s7056,Movie,Title_7056,Mexico,2012,2021,TV-MA,Children & Family Movies
s7057,Movie,Title_7057,India,2018,2012,R,Children & Family Movies
s7058,TV Show,Title_7058,India,2018,2020,TV-MA,Anime Series
s7059,Movie,Title_7059,Nigeria,2020,2016,TV-MA,Thrillers
s7060,TV Show,Title_7060,Spain,2021,2020,TV-MA,Romantic Movies
s7061,TV Show,Title_7061,Brazil,2011,2020,TV-14,International Movies
s7062,Movie,Title_7062,India,2018,2015,TV-PG,International Movies
s7063,Movie,Title_7063,United States,2019,2017,TV-14,Thrillers
s7064,Movie,Title_7064,India,2021,2019,TV-14,Kids TV
s7065,Movie,Title_7065,Japan,2021,2012,TV-14,Anime Series
s7066,Movie,Title_7066,United States,2019,2019,TV-14,Horror Movies
s7067,Movie,Title_7067,United States,2018,2013,NR,Documentaries
s7068,Movie,Title_7068,United States,2014,2021,TV-G,Children & Family Movies
s7069,Movie,Title_7069,India,2016,2015,TV-14,International Movies
s7070,Movie,Title_7070,Mexico,2018,2018,TV-MA,Thrillers
s7071,Movie,Title_7071,United States,2019,2013,TV-14,Crime TV Shows
s7072,Movie,Title_7072,Japan,2018,2015,TV-MA,Thrillers
s7073,Movie,Title_7073,Italy,2019,2017,TV-14,Romantic Movies
s7074,Movie,Title_7074,United States,2017,2017,TV-MA,Thrillers
s7075,TV Show,Title_7075,Japan,2019,2008,TV-PG,Thrillers
s7076,Movie,Title_7076,Nigeria,2013,2020,TV-MA,Reality TV
s7077,Movie,Title_7077,Turkey,2014,2008,TV-G,Action & Adventure
s7078,TV Show,Title_7078,United States,2014,2019,TV-MA,Documentaries
s7079,Movie,Title_7079,United States,2020,2017,TV-PG,Action & Adventure
s7080,Movie,Title_7080,United States,2012,2018,PG,Thrillers
s7081,TV Show,Title_7081,Japan,2020,2014,TV-MA,Horror Movies
s7082,Movie,Title_7082,South Korea,2015,2018,NR,Anime Series
s7083,TV Show,Title_7083,Japan,2017,2018,TV-14,Documentaries
s7084,TV Show,Title_7084,United States,2021,2014,TV-G,Documentaries
s7085,Movie,Title_7085,United States,2018,2015,G,Comedies
s7086,Movie,Title_7086,Canada,2014,2011,TV-MA,Anime Series
s7087,Movie,Title_7087,United Kingdom,2015,2011,PG-13,Crime TV Shows
s7088,Movie,Title_7088,South Korea,2021,2009,TV-MA,Children & Family Movies
s7089,TV Show,Title_7089,India,2017,2015,TV-MA,Documentaries
s7090,Movie,Title_7090,United States,2018,2019,TV-MA,Reality TV
s7091,Movie,Title_7091,United States,2017,2016,TV-MA,International Movies
s7092,Movie,Title_7092,United States,2016,2016,TV-PG,Horror Movies
s7093,TV Show,Title_7093,United States,2015,2013,TV-14,Documentaries
s7094,TV Show,Title_7094,United States,2019,2018,R,Children & Family Movies
s7095,Movie,Title_7095,United States,2019,2016,TV-MA,Kids TV
s7096,TV Show,Title_7096,United States,2015,2019,TV-G,Children & Family Movies
s7097,TV Show,Title_7097,United States,2019,2019,TV-MA,Romantic Movies
s7098,TV Show,Title_7098,South Korea,2020,2018,TV-MA,Kids TV
s7099,Movie,Title_7099,United States,2021,2015,TV-PG,Stand-Up Comedy
s7100,Movie,Title_7100,Japan,2014,2017,PG,Action & Adventure
s7101,Movie,Title_7101,Japan,2016,2015,R,Children & Family Movies
s7102,Movie,Title_7102,Canada,2020,2020,TV-14,Comedies
s7103,Movie,Title_7103,Turkey,2014,2019,TV-MA,Horror Movies
s7104,TV Show,Title_7104,United States,2008,2017,TV-MA,International TV Shows
s7105,TV Show,Title_7105,South Korea,2020,2021,TV-14,International TV Shows
s7106,Movie,Title_7106,Turkey,2016,2018,TV-14,Stand-Up Comedy
s7107,Movie,Title_7107,Australia,2017,2016,TV-MA,Kids TV
s7108,TV Show,Title_7108,United States,2017,2012,TV-14,International TV Shows
s7109,Movie,Title_7109,United States,2020,2018,R,Romantic Movies
s7110,TV Show,Title_7110,United States,2016,2020,TV-PG,Sci-Fi & Fantasy
s7111,Movie,Title_7111,Canada,2020,2020,TV-MA,Horror Movies
s7112,TV Show,Title_7112,Japan,2018,2018,TV-14,International Movies
s7113,TV Show,Title_7113,United States,2018,2016,TV-MA,Action & Adventure
s7114,Movie,Title_7114,United Kingdom,2016,2018,TV-MA,Dramas
s7115,Movie,Title_7115,Japan,2015,2019,R,Stand-Up Comedy
s7116,Movie,Title_7116,India,2018,2017,TV-PG,Anime Series
s7117,TV Show,Title_7117,Australia,2017,2017,R,Action & Adventure
s7118,TV Show,Title_7118,Spain,2021,2019,TV-MA,Action & Adventure
s7119,Movie,Title_7119,United States,2017,2020,PG,Children & Family Movies
s7120,Movie,Title_7120,France,2017,2020,TV-MA,Reality TV
s7121,TV Show,Title_7121,United States,2017,2010,PG,Thrillers
s7122,Movie,Title_7122,Canada,2019,2013,TV-MA,Comedies
s7123,Movie,Title_7123,Turkey,2017,2020,TV-MA,Stand-Up Comedy
s7124,Movie,Title_7124,Brazil,2015,2020,TV-MA,International Movies
s7125,Movie,Title_7125,India,2020,2016,TV-MA,Anime Series
s7126,Movie,Title_7126,United States,2018,2018,TV-14,Dramas
s7127,Movie,Title_7127,United States,2018,2020,NR,Kids TV
s7128,Movie,Title_7128,United Kingdom,2018,2021,TV-MA,Kids TV
s7129,Movie,Title_7129,United States,2019,2019,TV-PG,Anime Series
s7130,Movie,Title_7130,United Kingdom,2016,2014,PG,Kids TV
s7131,Movie,Title_7131,United States,2010,2019,TV-PG,International TV Shows
s7132,Movie,Title_7132,United States,2020,2012,TV-14,International Movies
s7133,Movie,Title_7133,United States,2013,2020,TV-Y7,Horror Movies
s7134,Movie,Title_7134,Nigeria,2019,2013,TV-MA,International TV Shows
s7135,TV Show,Title_7135,South Korea,2012,2019,TV-14,Documentaries
s7136,Movie,Title_7136,United States,2016,2018,R,Documentaries
s7137,Movie,Title_7137,United States,2011,2019,TV-MA,Sci-Fi & Fantasy
s7138,Movie,Title_7138,United Kingdom,2018,2018,TV-PG,Thrillers
s7139,TV Show,Title_7139,United States,2018,2011,TV-MA,Comedies
s7140,Movie,Title_7140,United Kingdom,2014,2019,TV-MA,Dramas
s7141,Movie,Title_7141,Mexico,2016,2016,TV-MA,Anime Series
s7142,Movie,Title_7142,Canada,2021,2016,TV-G,Stand-Up Comedy
s7143,Movie,Title_7143,France,2017,2021,PG,Children & Family Movies
s7144,TV Show,Title_7144,United Kingdom,2020,2018,TV-MA,Kids TV
s7145,Movie,Title_7145,Italy,2021,2019,TV-MA,Sci-Fi & Fantasy
s7146,Movie,Title_7146,Italy,2021,2018,TV-14,International TV Shows
s7147,TV Show,Title_7147,United Kingdom,2020,2019,TV-14,Reality TV
s7148,Movie,Title_7148,United States,2016,2019,PG-13,Stand-Up Comedy
s7149,TV Show,Title_7149,India,2021,2018,TV-G,Horror Movies
s7150,Movie,Title_7150,United States,2020,2021,R,International Movies
s7151,Movie,Title_7151,France,2020,2017,TV-14,Documentaries
s7152,Movie,Title_7152,United Kingdom,2009,2019,TV-MA,International Movies
s7153,Movie,Title_7153,United States,2021,2020,TV-MA,Anime Series
s7154,Movie,Title_7154,United States,2019,2016,TV-14,Stand-Up Comedy
s7155,Movie,Title_7155,United Kingdom,2019,2017,TV-14,Sci-Fi & Fantasy
s7156,Movie,Title_7156,Brazil,2012,2021,PG-13,Action & Adventure
s7157,Movie,Title_7157,Canada,2015,2010,TV-MA,Crime TV Shows
s7158,Movie,Title_7158,Japan,2021,2016,TV-MA,Action & Adventure
s7159,TV Show,Title_7159,United States,2017,2017,TV-14,Romantic Movies
s7160,Movie,Title_7160,Canada,2016,2008,TV-G,Stand-Up Comedy
s7161,Movie,Title_7161,India,2020,2020,R,Children & Family Movies
s7162,Movie,Title_7162,France,2012,2015,TV-MA,Dramas
s7163,Movie,Title_7163,United States,2017,2015,PG,Children & Family Movies
s7164,Movie,Title_7164,United Kingdom,2016,2020,TV-14,Reality TV
s7165,Movie,Title_7165,United States,2016,2015,TV-14,Romantic Movies
s7166,Movie,Title_7166,United States,2016,2018,TV-MA,Comedies
s7167,TV Show,Title_7167,Turkey,2014,2020,TV-14,Documentaries
s7168,Movie,Title_7168,United States,2014,2020,TV-14,Stand-Up Comedy
s7169,Movie,Title_7169,United States,2018,2019,TV-PG,Thrillers
s7170,Movie,Title_7170,United Kingdom,2021,2012,TV-14,Stand-Up Comedy
s7171,Movie,Title_7171,Australia,2017,2012,TV-MA,Documentaries
s7172,Movie,Title_7172,India,2015,2016,TV-MA,Romantic Movies
s7173,Movie,Title_7173,South Korea,2013,2010,PG-13,Horror Movies
s7174,Movie,Title_7174,Australia,2020,2017,TV-PG,Anime Series
s7175,Movie,Title_7175,United States,2021,2016,TV-14,International TV Shows
s7176,Movie,Title_7176,India,2016,2018,TV-MA,Anime Series
s7177,TV Show,Title_7177,India,2015,2015,TV-MA,Reality TV
s7178,Movie,Title_7178,Mexico,2018,2017,TV-MA,Crime TV Shows
s7179,Movie,Title_7179,United States,2019,2016,TV-MA,Thrillers
s7180,Movie,Title_7180,United States,2017,2014,TV-14,Crime TV Shows
s7181,Movie,Title_7181,Japan,2018,2018,PG-13,International TV Shows
s7182,Movie,Title_7182,Canada,2019,2019,TV-MA,Horror Movies
s7183,Movie,Title_7183,India,2021,2020,PG-13,Anime Series
s7184,Movie,Title_7184,United Kingdom,2014,2020,TV-PG,Action & Adventure
s7185,TV Show,Title_7185,United States,2021,2019,TV-MA,International Movies
s7186,Movie,Title_7186,India,2016,2019,TV-PG,Reality TV
s7187,Movie,Title_7187,United Kingdom,2019,2011,TV-MA,Stand-Up Comedy
s7188,Movie,Title_7188,Brazil,2018,2012,TV-PG,Documentaries
s7189,TV Show,Title_7189,United States,2017,2020,TV-MA,International Movies
s7190,Movie,Title_7190,Australia,2019,2015,TV-14,Thrillers
s7191,Movie,Title_7191,France,2016,2016,TV-14,Anime Series
s7192,Movie,Title_7192,United States,2013,2013,TV-MA,Comedies
s7193,Movie,Title_7193,South Korea,2017,2014,TV-MA,Dramas
s7194,Movie,Title_7194,United States,2018,2019,TV-MA,Kids TV
s7195,Movie,Title_7195,Nigeria,2014,2015,TV-14,Thrillers
s7196,Movie,Title_7196,Australia,2021,2017,PG-13,Crime TV Shows
s7197,Movie,Title_7197,United States,2015,2013,TV-MA,Stand-Up Comedy
s7198,Movie,Title_7198,United States,2017,2019,TV-MA,Dramas
s7199,Movie,Title_7199,India,2013,2019,TV-14,Comedies
s7200,TV Show,Title_7200,India,2018,2016,TV-MA,Thrillers
s7201,TV Show,Title_7201,India,2016,2019,TV-PG,International TV Shows
s7202,Movie,Title_7202,United States,2017,2015,TV-MA,Romantic Movies
s7203,Movie,Title_7203,France,2015,2019,R,Anime Series
s7204,Movie,Title_7204,United States,2011,2019,TV-14,Comedies
s7205,Movie,Title_7205,Mexico,2019,2021,TV-MA,Children & Family Movies
s7206,Movie,Title_7206,Germany,2018,2015,TV-PG,International TV Shows
s7207,Movie,Title_7207,United Kingdom,2016,2012,TV-14,Thrillers
s7208,Movie,Title_7208,Australia,2011,2015,TV-MA,Horror Movies
s7209,TV Show,Title_7209,United States,2020,2013,TV-MA,Anime Series
s7210,TV Show,Title_7210,United States,2014,2014,TV-MA,Thrillers
s7211,Movie,Title_7211,France,2021,2016,TV-14,Children & Family Movies
s7212,Movie,Title_7212,India,2017,2017,TV-MA,International Movies
s7213,TV Show,Title_7213,Canada,2016,2020,TV-14,Romantic Movies
s7214,Movie,Title_7214,Brazil,2019,2014,TV-PG,Action & Adventure
s7215,Movie,Title_7215,Nigeria,2020,2021,PG-13,Documentaries
s7216,Movie,Title_7216,France,2016,2020,TV-PG,International Movies
s7217,TV Show,Title_7217,Spain,2017,2020,TV-PG,Crime TV Shows
s7218,Movie,Title_7218,United States,2017,2021,TV-PG,Romantic Movies
s7219,Movie,Title_7219,United States,2021,2019,TV-Y,Romantic Movies
s7220,Movie,Title_7220,South Korea,2019,2019,TV-MA,Romantic Movies
s7221,TV Show,Title_7221,India,2015,2017,TV-MA,Children & Family Movies
s7222,Movie,Title_7222,India,2014,2017,TV-MA,Action & Adventure
s7223,Movie,Title_7223,United States,2015,2021,TV-14,Reality TV
s7224,Movie,Title_7224,Canada,2015,2016,TV-MA,Horror Movies
s7225,Movie,Title_7225,United States,2015,2011,TV-MA,Reality TV
s7226,Movie,Title_7226,France,2018,2019,TV-14,Stand-Up Comedy
s7227,TV Show,Title_7227,United States,2013,2018,TV-G,Romantic Movies
s7228,Movie,Title_7228,United States,2016,2020,TV-G,Horror Movies
s7229,TV Show,Title_7229,United States,2018,2012,R,Stand-Up Comedy
s7230,Movie,Title_7230,United States,2015,2018,TV-14,Documentaries
s7231,Movie,Title_7231,Brazil,2011,2015,PG-13,Horror Movies
s7232,Movie,Title_7232,United States,2012,2020,PG,Documentaries
s7233,Movie,Title_7233,United States,2013,2012,PG,Stand-Up Comedy
s7234,Movie,Title_7234,United Kingdom,2020,2020,TV-PG,Action & Adventure
s7235,Movie,Title_7235,United Kingdom,2018,2012,TV-MA,Anime Series
s7236,Movie,Title_7236,United States,2011,2010,TV-MA,Documentaries
s7237,TV Show,Title_7237,United States,2016,2015,PG,Crime TV Shows
s7238,TV Show,Title_7238,Nigeria,2015,2016,TV-MA,Action & Adventure
s7239,TV Show,Title_7239,France,2018,2018,TV-MA,International Movies
s7240,Movie,Title_7240,India,2018,2013,TV-14,Action & Adventure
s7241,Movie,Title_7241,India,2017,2017,TV-MA,Crime TV Shows
s7242,Movie,Title_7242,United States,2016,2014,PG,International TV Shows
s7243,Movie,Title_7243,United States,2013,2020,TV-MA,Documentaries
s7244,Movie,Title_7244,France,2019,2011,TV-MA,Sci-Fi & Fantasy
s7245,Movie,Title_7245,Brazil,2020,2016,TV-Y7,Thrillers
s7246,Movie,Title_7246,United States,2021,2018,TV-MA,Action & Adventure
s7247,Movie,Title_7247,Mexico,2011,2021,PG,Crime TV Shows
s7248,Movie,Title_7248,United States,2019,2020,TV-14,Reality TV
s7249,TV Show,Title_7249,United States,2019,2020,TV-PG,Romantic Movies
s7250,Movie,Title_7250,United States,2021,2011,TV-MA,Anime Series
s7251,Movie,Title_7251,United States,2015,2020,TV-14,Kids TV
s7252,Movie,Title_7252,Italy,2019,2019,TV-MA,Action & Adventure
s7253,TV Show,Title_7253,India,2011,2020,TV-G,Sci-Fi & Fantasy
s7254,Movie,Title_7254,United States,2018,2016,TV-MA,Thrillers
s7255,TV Show,Title_7255,Turkey,2016,2021,TV-MA,International TV Shows
s7256,Movie,Title_7256,Brazil,2019,2017,PG,Children & Family Movies
s7257,Movie,Title_7257,South Korea,2020,2018,TV-14,Anime Series
s7258,Movie,Title_7258,Italy,2016,2017,TV-PG,Children & Family Movies
s7259,TV Show,Title_7259,United States,2018,2017,TV-PG,Action & Adventure
s7260,TV Show,Title_7260,Mexico,2013,2018,TV-MA,Documentaries
s7261,Movie,Title_7261,Japan,2017,2016,TV-MA,International TV Shows
s7262,TV Show,Title_7262,Australia,2016,2020,NR,Comedies
s7263,Movie,Title_7263,Germany,2014,2018,TV-MA,Documentaries
s7264,Movie,Title_7264,United States,2020,2019,TV-14,Romantic Movies
s7265,Movie,Title_7265,Spain,2013,2015,TV-PG,Documentaries
s7266,Movie,Title_7266,United States,2018,2021,TV-MA,Reality TV
s7267,Movie,Title_7267,United States,2020,2019,R,Action & Adventure
s7268,Movie,Title_7268,United States,2021,2014,TV-14,Thrillers
s7269,Movie,Title_7269,Italy,2020,2019,PG-13,Documentaries
s7270,TV Show,Title_7270,United States,2014,2014,TV-MA,Stand-Up Comedy
s7271,Movie,Title_7271,United Kingdom,2020,2011,TV-MA,Anime Series
s7272,Movie,Title_7272,India,2015,2018,PG-13,Anime Series
s7273,Movie,Title_7273,Turkey,2021,2018,TV-MA,International Movies
s7274,Movie,Title_7274,United States,2019,2014,TV-14,Thrillers
s7275,Movie,Title_7275,Spain,2019,2016,R,International Movies
s7276,Movie,Title_7276,Australia,2012,2021,TV-PG,Kids TV
s7277,TV Show,Title_7277,India,2018,2015,TV-14,Thrillers
s7278,TV Show,Title_7278,India,2020,2013,TV-MA,Action & Adventure
s7279,Movie,Title_7279,South Korea,2020,2021,R,Anime Series
s7280,TV Show,Title_7280,Italy,2010,2016,TV-MA,Dramas
s7281,Movie,Title_7281,South Korea,2021,2019,NR,Thrillers
s7282,Movie,Title_7282,United States,2011,2015,TV-MA,Comedies
s7283,Movie,Title_7283,Brazil,2018,2018,PG-13,Anime Series
s7284,TV Show,Title_7284,India,2019,2016,TV-14,International TV Shows
s7285,Movie,Title_7285,Canada,2012,2021,TV-MA,Children & Family Movies
s7286,TV Show,Title_7286,Mexico,2011,2017,TV-14,Comedies
s7287,Movie,Title_7287,United States,2019,2018,TV-MA,Romantic Movies
s7288,Movie,Title_7288,Spain,2016,2021,TV-MA,Action & Adventure
s7289,TV Show,Title_7289,Canada,2012,2021,TV-MA,Horror Movies
s7290,Movie,Title_7290,Brazil,2019,2012,PG-13,Children & Family Movies
s7291,Movie,Title_7291,United States,2020,2020,TV-MA,Action & Adventure
s7292,TV Show,Title_7292,India,2018,2016,G,International Movies
s7293,Movie,Title_7293,Mexico,2014,2018,TV-MA,Documentaries
s7294,TV Show,Title_7294,United States,2009,2016,TV-PG,Stand-Up Comedy
s7295,Movie,Title_7295,United States,2019,2017,PG-13,International Movies
s7296,Movie,Title_7296,Nigeria,2018,2013,NR,Horror Movies
s7297,Movie,Title_7297,United States,2018,2018,TV-MA,Documentaries
s7298,Movie,Title_7298,Nigeria,2020,2018,TV-PG,Thrillers
s7299,TV Show,Title_7299,United States,2017,2014,TV-MA,Children & Family Movies
s7300,Movie,Title_7300,India,2013,2018,TV-MA,Anime Series
s7301,Movie,Title_7301,South Korea,2021,2021,R,Horror Movies
s7302,Movie,Title_7302,France,2018,2019,TV-MA,Children & Family Movies
s7303,Movie,Title_7303,Canada,2018,2017,TV-MA,Action & Adventure
s7304,Movie,Title_7304,United Kingdom,2021,2021,TV-MA,Documentaries
s7305,Movie,Title_7305,Mexico,2021,2018,TV-MA,Kids TV
s7306,Movie,Title_7306,United States,2018,2013,TV-MA,Comedies
s7307,TV Show,Title_7307,India,2015,2018,PG,Dramas
s7308,TV Show,Title_7308,United States,2021,2014,TV-MA,Comedies
s7309,Movie,Title_7309,Canada,2019,2019,TV-PG,Anime Series
s7310,Movie,Title_7310,United States,2017,2021,R,Dramas
s7311,Movie,Title_7311,United States,2018,2016,TV-14,Documentaries
s7312,TV Show,Title_7312,India,2017,2017,R,Children & Family Movies
s7313,Movie,Title_7313,United States,2020,2017,TV-PG,Horror Movies
s7314,Movie,Title_7314,United States,2017,2015,TV-14,Action & Adventure
s7315,Movie,Title_7315,Japan,2020,2020,TV-14,Romantic Movies
s7316,Movie,Title_7316,India,2020,2018,NR,Reality TV
s7317,Movie,Title_7317,Australia,2020,2011,G,Romantic Movies
s7318,Movie,Title_7318,Japan,2019,2020,TV-PG,Sci-Fi & Fantasy
s7319,Movie,Title_7319,United States,2020,2014,TV-MA,Dramas
s7320,TV Show,Title_7320,France,2016,2021,TV-14,Children & Family Movies
s7321,TV Show,Title_7321,United States,2013,2016,TV-14,Comedies
s7322,Movie,Title_7322,Spain,2020,2018,R,Dramas
s7323,Movie,Title_7323,Nigeria,2017,2012,TV-PG,Action & Adventure
s7324,Movie,Title_7324,United Kingdom,2013,2016,TV-14,Reality TV
s7325,Movie,Title_7325,Japan,2013,2020,TV-PG,Sci-Fi & Fantasy
s7326,Movie,Title_7326,United States,2013,2017,TV-MA,Sci-Fi & Fantasy
s7327,TV Show,Title_7327,India,2019,2020,R,Crime TV Shows
s7328,Movie,Title_7328,Australia,2019,2018,TV-MA,Horror Movies
s7329,Movie,Title_7329,United States,2014,2021,TV-PG,International TV Shows
s7330,Movie,Title_7330,United States,2020,2021,TV-MA,Thrillers
s7331,Movie,Title_7331,India,2015,2017,TV-MA,Thrillers
s7332,Movie,Title_7332,Japan,2020,2018,TV-MA,Children & Family Movies
s7333,Movie,Title_7333,India,2017,2020,PG,Dramas
s7334,Movie,Title_7334,Italy,2019,2015,TV-PG,Documentaries
s7335,TV Show,Title_7335,United States,2016,2020,TV-14,Action & Adventure
s7336,Movie,Title_7336,India,2016,2018,R,Action & Adventure
s7337,TV Show,Title_7337,Japan,2020,2019,TV-PG,Children & Family Movies
s7338,Movie,Title_7338,United States,2010,2012,TV-PG,International Movies
s7339,Movie,Title_7339,France,2021,2019,TV-14,Documentaries
s7340,TV Show,Title_7340,United States,2018,2016,TV-MA,Children & Family Movies
s7341,Movie,Title_7341,United States,2017,2020,TV-MA,Comedies
s7342,Movie,Title_7342,United States,2018,2017,TV-MA,Reality TV
s7343,Movie,Title_7343,Italy,2013,2015,TV-PG,Sci-Fi & Fantasy
s7344,TV Show,Title_7344,United Kingdom,2017,2021,TV-MA,International Movies
s7345,TV Show,Title_7345,Germany,2021,2019,TV-14,Sci-Fi & Fantasy
s7346,Movie,Title_7346,United States,2015,2021,TV-MA,Kids TV
s7347,TV Show,Title_7347,Canada,2019,2016,TV-MA,Dramas
s7348,Movie,Title_7348,United Kingdom,2017,2018,TV-G,Documentaries
s7349,Movie,Title_7349,Turkey,2018,2018,NR,Kids TV
s7350,Movie,Title_7350,South Korea,2014,2019,TV-MA,Kids TV
s7351,Movie,Title_7351,South Korea,2017,2010,PG-13,Documentaries
s7352,TV Show,Title_7352,United States,2021,2015,TV-14,Action & Adventure
s7353,Movie,Title_7353,United Kingdom,2014,2020,R,Stand-Up Comedy
s7354,Movie,Title_7354,India,2018,2017,TV-MA,Sci-Fi & Fantasy
s7355,Movie,Title_7355,Italy,2018,2021,TV-MA,International Movies
s7356,Movie,Title_7356,United States,2018,2014,PG,International TV Shows
s7357,TV Show,Title_7357,United States,2018,2021,PG,Sci-Fi & Fantasy
s7358,Movie,Title_7358,India,2017,2019,TV-14,Anime Series
s7359,TV Show,Title_7359,United States,2009,2019,PG,Kids TV
s7360,Movie,Title_7360,United States,2020,2016,TV-PG,Action & Adventure
s7361,Movie,Title_7361,Australia,2020,2020,TV-MA,Documentaries
s7362,TV Show,Title_7362,Canada,2014,2018,TV-MA,Horror Movies
s7363,Movie,Title_7363,Australia,2017,2019,TV-MA,Sci-Fi & Fantasy
s7364,TV Show,Title_7364,Mexico,2019,2012,R,Comedies
s7365,TV Show,Title_7365,United States,2021,2018,TV-Y,Anime Series
s7366,Movie,Title_7366,United Kingdom,2021,2020,TV-14,Dramas
s7367,Movie,Title_7367,United States,2020,2014,TV-PG,Reality TV
s7368,Movie,Title_7368,Italy,2013,2019,R,Action & Adventure
s7369,Movie,Title_7369,India,2021,2010,TV-MA,Romantic Movies
s7370,Movie,Title_7370,India,2020,2021,TV-MA,Thrillers
s7371,TV Show,Title_7371,United States,2016,2021,TV-14,Children & Family Movies
s7372,Movie,Title_7372,India,2016,2016,TV-14,Action & Adventure
s7373,Movie,Title_7373,United States,2017,2012,PG-13,Action & Adventure
s7374,Movie,Title_7374,India,2018,2018,TV-MA,Thrillers
s7375,TV Show,Title_7375,Germany,2015,2010,TV-14,Dramas
s7376,TV Show,Title_7376,Mexico,2010,2017,R,Documentaries
s7377,TV Show,Title_7377,United States,2013,2015,TV-MA,Sci-Fi & Fantasy
s7378,Movie,Title_7378,India,2017,2017,TV-14,Crime TV Shows
s7379,Movie,Title_7379,Australia,2015,2009,TV-MA,Comedies
s7380,Movie,Title_7380,United States,2019,2011,TV-14,Stand-Up Comedy
s7381,Movie,Title_7381,Brazil,2012,2009,R,Documentaries
s7382,Movie,Title_7382,United States,2021,2018,TV-MA,Children & Family Movies
s7383,TV Show,Title_7383,Japan,2020,2018,PG-13,Stand-Up Comedy
s7384,TV Show,Title_7384,Canada,2020,2015,TV-MA,Stand-Up Comedy
s7385,Movie,Title_7385,United Kingdom,2019,2018,TV-MA,Anime Series
s7386,Movie,Title_7386,Australia,2012,2020,TV-14,International Movies
s7387,Movie,Title_7387,United States,2017,2015,PG,Anime Series
s7388,TV Show,Title_7388,United States,2013,2020,TV-MA,International TV Shows
s7389,Movie,Title_7389,United Kingdom,2021,2019,TV-MA,International Movies
s7390,Movie,Title_7390,Germany,2016,2010,TV-PG,Anime Series
s7391,Movie,Title_7391,United States,2018,2016,TV-MA,International TV Shows
s7392,TV Show,Title_7392,Germany,2019,2017,TV-MA,International TV Shows
s7393,Movie,Title_7393,India,2021,2019,TV-MA,Romantic Movies
s7394,Movie,Title_7394,United States,2019,2015,PG-13,Documentaries
s7395,TV Show,Title_7395,Spain,2019,2021,TV-G,Anime Series
s7396,Movie,Title_7396,United States,2017,2019,TV-MA,Comedies
s7397,Movie,Title_7397,United Kingdom,2018,2016,TV-14,Kids TV
s7398,TV Show,Title_7398,United States,2012,2012,TV-MA,Kids TV
s7399,TV Show,Title_7399,India,2020,2014,TV-PG,Romantic Movies
s7400,Movie,Title_7400,Canada,2018,2017,TV-MA,Dramas
s7401,Movie,Title_7401,Canada,2011,2017,TV-MA,Stand-Up Comedy
s7402,Movie,Title_7402,India,2021,2019,R,Thrillers
s7403,TV Show,Title_7403,India,2017,2019,TV-MA,Comedies
s7404,TV Show,Title_7404,United States,2020,2014,TV-MA,Stand-Up Comedy
s7405,Movie,Title_7405,India,2020,2018,TV-G,Anime Series
s7406,Movie,Title_7406,Turkey,2020,2010,TV-Y,Crime TV Shows
s7407,Movie,Title_7407,Australia,2011,2016,TV-MA,Dramas
s7408,TV Show,Title_7408,United States,2015,2019,TV-14,Comedies
s7409,Movie,Title_7409,United States,2020,2016,TV-14,Horror Movies
s7410,Movie,Title_7410,Italy,2020,2020,TV-14,Thrillers
s7411,Movie,Title_7411,United Kingdom,2017,2021,NR,Dramas
s7412,TV Show,Title_7412,United Kingdom,2017,2018,R,Horror Movies
s7413,Movie,Title_7413,Spain,2014,2013,R,Children & Family Movies
s7414,TV Show,Title_7414,United States,2021,2016,TV-MA,Dramas
s7415,TV Show,Title_7415,United Kingdom,2014,2008,TV-14,Dramas
s7416,Movie,Title_7416,Turkey,2014,2018,TV-14,Documentaries
s7417,Movie,Title_7417,Japan,2019,2020,TV-MA,Crime TV Shows
s7418,Movie,Title_7418,United States,2015,2018,TV-MA,Action & Adventure
s7419,TV Show,Title_7419,United States,2021,2019,TV-MA,Kids TV
s7420,Movie,Title_7420,United States,2009,2020,TV-MA,Stand-Up Comedy
s7421,Movie,Title_7421,Spain,2008,2020,TV-MA,Anime Series
s7422,Movie,Title_7422,United States,2017,2015,TV-MA,International Movies
s7423,Movie,Title_7423,United States,2017,2020,TV-MA,Thrillers
s7424,Movie,Title_7424,Turkey,2014,2018,TV-14,International TV Shows
s7425,Movie,Title_7425,United States,2017,2015,TV-14,Stand-Up Comedy
s7426,Movie,Title_7426,United States,2017,2021,TV-MA,Dramas
s7427,TV Show,Title_7427,United States,2020,2021,PG,Comedies
s7428,Movie,Title_7428,United States,2008,2018,TV-14,Dramas
s7429,Movie,Title_7429,India,2021,2020,R,Children & Family Movies
s7430,TV Show,Title_7430,Italy,2018,2015,NR,Sci-Fi & Fantasy
s7431,Movie,Title_7431,Brazil,2013,2017,TV-MA,Dramas
s7432,Movie,Title_7432,India,2011,2014,TV-14,Sci-Fi & Fantasy
s7433,Movie,Title_7433,India,2018,2018,TV-14,Kids TV
s7434,TV Show,Title_7434,United Kingdom,2015,2017,TV-MA,Horror Movies
s7435,Movie,Title_7435,United States,2016,2014,TV-MA,Stand-Up Comedy
s7436,Movie,Title_7436,United States,2015,2019,PG-13,International TV Shows
s7437,Movie,Title_7437,Italy,2018,2013,TV-MA,Crime TV Shows
s7438,TV Show,Title_7438,United States,2018,2011,TV-Y7,Comedies
s7439,TV Show,Title_7439,United States,2012,2016,R,Kids TV
s7440,TV Show,Title_7440,India,2018,2017,TV-14,Anime Series
s7441,TV Show,Title_7441,United Kingdom,2020,2016,TV-MA,Kids TV
s7442,Movie,Title_7442,United States,2012,2015,TV-14,Action & Adventure
s7443,Movie,Title_7443,United States,2020,2016,TV-MA,International TV Shows
s7444,Movie,Title_7444,India,2018,2014,TV-MA,Horror Movies
s7445,TV Show,Title_7445,Japan,2021,2017,PG-13,Romantic Movies
s7446,Movie,Title_7446,United States,2013,2020,TV-14,Thrillers
s7447,Movie,Title_7447,India,2021,2015,TV-14,Documentaries
s7448,TV Show,Title_7448,Canada,2018,2019,PG-13,Anime Series
s7449,Movie,Title_7449,Brazil,2018,2013,TV-MA,International TV Shows
s7450,Movie,Title_7450,United States,2017,2016,TV-14,Documentaries
s7451,Movie,Title_7451,United States,2010,2016,TV-14,Dramas
s7452,TV Show,Title_7452,United Kingdom,2021,2021,TV-14,Sci-Fi & Fantasy
s7453,TV Show,Title_7453,South Korea,2018,2017,PG-13,Kids TV
s7454,Movie,Title_7454,United States,2012,2019,NR,Reality TV
s7455,TV Show,Title_7455,India,2010,2018,TV-14,International TV Shows
s7456,Movie,Title_7456,United States,2011,2013,TV-14,International TV Shows
s7457,TV Show,Title_7457,United States,2018,2021,TV-14,Dramas
s7458,Movie,Title_7458,United Kingdom,2018,2016,R,Comedies
s7459,Movie,Title_7459,United States,2017,2011,TV-PG,International Movies
s7460,Movie,Title_7460,Mexico,2016,2016,TV-MA,Sci-Fi & Fantasy
s7461,Movie,Title_7461,Canada,2018,2016,TV-MA,Romantic Movies
s7462,Movie,Title_7462,India,2017,2012,NR,Reality TV
s7463,TV Show,Title_7463,India,2009,2018,TV-MA,Dramas
s7464,TV Show,Title_7464,United Kingdom,2015,2016,TV-PG,Kids TV
s7465,Movie,Title_7465,United States,2011,2018,PG-13,Documentaries
s7466,TV Show,Title_7466,Brazil,2020,2008,TV-MA,Reality TV
s7467,Movie,Title_7467,Nigeria,2019,2021,TV-PG,Reality TV
s7468,Movie,Title_7468,United States,2021,2014,TV-MA,Crime TV Shows
s7469,Movie,Title_7469,United States,2016,2018,TV-G,Comedies
s7470,Movie,Title_7470,United States,2020,2019,TV-MA,International TV Shows
s7471,Movie,Title_7471,France,2018,2014,TV-14,International TV Shows
s7472,TV Show,Title_7472,France,2017,2013,TV-14,Reality TV
s7473,Movie,Title_7473,Mexico,2015,2013,R,Children & Family Movies
s7474,Movie,Title_7474,South Korea,2019,2015,TV-MA,Stand-Up Comedy
s7475,TV Show,Title_7475,India,2020,2014,TV-14,Romantic Movies
s7476,Movie,Title_7476,Canada,2015,2019,TV-MA,Thrillers
s7477,Movie,Title_7477,Japan,2014,2017,TV-MA,Kids TV
s7478,TV Show,Title_7478,United Kingdom,2019,2018,R,Documentaries
s7479,Movie,Title_7479,United Kingdom,2021,2011,TV-MA,International TV Shows
s7480,Movie,Title_7480,France,2019,2020,R,Romantic Movies
s7481,Movie,Title_7481,Canada,2015,2014,PG-13,Kids TV
s7482,TV Show,Title_7482,France,2017,2016,PG,Documentaries
s7483,Movie,Title_7483,Canada,2016,2012,TV-PG,Dramas
s7484,Movie,Title_7484,South Korea,2020,2013,TV-MA,Kids TV
s7485,Movie,Title_7485,France,2019,2019,TV-14,Thrillers
s7486,Movie,Title_7486,United Kingdom,2018,2019,TV-G,Thrillers
s7487,Movie,Title_7487,Japan,2015,2019,PG,Comedies
s7488,Movie,Title_7488,India,2021,2018,TV-14,International TV Shows
s7489,Movie,Title_7489,United States,2018,2021,NR,Action & Adventure
s7490,Movie,Title_7490,United States,2021,2017,PG-13,Action & Adventure
s7491,Movie,Title_7491,Canada,2018,2017,PG,Thrillers
s7492,Movie,Title_7492,Canada,2020,2015,TV-PG,Reality TV
s7493,Movie,Title_7493,Nigeria,2020,2012,PG-13,Stand-Up Comedy
s7494,TV Show,Title_7494,India,2016,2018,PG,Kids TV
s7495,Movie,Title_7495,India,2021,2016,TV-MA,Anime Series
s7496,Movie,Title_7496,United States,2010,2018,TV-G,Anime Series
s7497,Movie,Title_7497,United States,2019,2014,TV-MA,Horror Movies
s7498,Movie,Title_7498,Spain,2021,2020,TV-14,Horror Movies
s7499,Movie,Title_7499,United States,2016,2021,R,Documentaries
s7500,Movie,Title_7500,Canada,2018,2016,TV-PG,Stand-Up Comedy
s7501,TV Show,Title_7501,Japan,2018,2020,PG,International TV Shows
s7502,TV Show,Title_7502,India,2019,2020,TV-14,Sci-Fi & Fantasy
s7503,TV Show,Title_7503,Australia,2020,2021,TV-14,Anime Series
s7504,TV Show,Title_7504,India,2018,2016,TV-MA,Stand-Up Comedy
s7505,TV Show,Title_7505,United States,2020,2019,TV-14,Romantic Movies
s7506,Movie,Title_7506,Brazil,2016,2015,R,Action & Adventure
s7507,Movie,Title_7507,Australia,2015,2018,TV-MA,Action & Adventure
s7508,Movie,Title_7508,United States,2017,2019,TV-14,Comedies
s7509,TV Show,Title_7509,United States,2019,2019,TV-MA,Anime Series
s7510,Movie,Title_7510,United States,2014,2014,R,Documentaries
s7511,TV Show,Title_7511,United States,2019,2020,TV-MA,Stand-Up Comedy
s7512,Movie,Title_7512,Nigeria,2016,2017,TV-PG,Stand-Up Comedy
s7513,TV Show,Title_7513,Canada,2020,2014,TV-14,Horror Movies
s7514,Movie,Title_7514,India,2010,2018,TV-MA,Reality TV
s7515,Movie,Title_7515,Brazil,2019,2020,PG-13,Dramas
s7516,Movie,Title_7516,India,2018,2021,TV-14,Reality TV
s7517,TV Show,Title_7517,United States,2021,2019,TV-14,Kids TV
s7518,TV Show,Title_7518,Turkey,2019,2008,R,Action & Adventure
s7519,Movie,Title_7519,Australia,2020,2013,TV-PG,Thrillers
s7520,Movie,Title_7520,Mexico,2020,2012,R,Documentaries
s7521,Movie,Title_7521,United Kingdom,2019,2012,R,Action & Adventure
s7522,TV Show,Title_7522,Germany,2015,2016,TV-14,Anime Series
s7523,TV Show,Title_7523,United States,2020,2016,TV-14,Sci-Fi & Fantasy
s7524,Movie,Title_7524,Canada,2019,2013,TV-MA,International TV Shows
s7525,Movie,Title_7525,Nigeria,2017,2020,PG,Crime TV Shows
s7526,Movie,Title_7526,United States,2019,2018,TV-G,Comedies
s7527,TV Show,Title_7527,Germany,2020,2020,TV-MA,International Movies
s7528,Movie,Title_7528,United Kingdom,2021,2016,TV-MA,Horror Movies
s7529,Movie,Title_7529,United States,2021,2017,TV-MA,International TV Shows
s7530,Movie,Title_7530,Spain,2016,2016,TV-PG,Romantic Movies
s7531,Movie,Title_7531,United States,2017,2017,TV-MA,Comedies
s7532,Movie,Title_7532,France,2012,2018,R,Action & Adventure
s7533,Movie,Title_7533,United States,2015,2017,NR,International TV Shows
s7534,Movie,Title_7534,Turkey,2020,2020,TV-G,Dramas
s7535,Movie,Title_7535,United States,2016,2020,TV-MA,Dramas
s7536,Movie,Title_7536,United States,2018,2017,TV-G,Romantic Movies
s7537,Movie,Title_7537,United States,2019,2015,R,Horror Movies
s7538,TV Show,Title_7538,Turkey,2019,2021,TV-MA,Crime TV Shows
s7539,Movie,Title_7539,Japan,2014,2019,TV-14,Sci-Fi & Fantasy
s7540,Movie,Title_7540,South Korea,2016,2018,TV-PG,Action & Adventure
s7541,Movie,Title_7541,United Kingdom,2017,2019,TV-G,Romantic Movies
s7542,TV Show,Title_7542,India,2016,2012,TV-MA,Action & Adventure
s7543,Movie,Title_7543,United States,2021,2011,TV-MA,Thrillers
s7544,TV Show,Title_7544,Canada,2020,2013,TV-14,International Movies
s7545,Movie,Title_7545,United States,2017,2013,TV-G,Thrillers
s7546,Movie,Title_7546,Nigeria,2020,2017,G,Anime Series
s7547,Movie,Title_7547,Germany,2016,2013,TV-MA,Children & Family Movies
s7548,Movie,Title_7548,India,2019,2020,TV-MA,Dramas
s7549,Movie,Title_7549,United States,2015,2018,PG,Stand-Up Comedy
s7550,Movie,Title_7550,Spain,2019,2016,R,Anime Series
s7551,TV Show,Title_7551,United States,2017,2011,G,Thrillers
s7552,Movie,Title_7552,United States,2012,2018,PG,Horror Movies
s7553,Movie,Title_7553,United States,2015,2013,TV-MA,Anime Series
s7554,TV Show,Title_7554,Canada,2017,2019,R,Action & Adventure
s7555,Movie,Title_7555,Spain,2019,2020,TV-MA,Crime TV Shows
s7556,TV Show,Title_7556,United States,2012,2018,PG-13,International Movies
s7557,Movie,Title_7557,United States,2018,2013,TV-PG,Horror Movies
s7558,TV Show,Title_7558,India,2019,2019,TV-G,Stand-Up Comedy
s7559,Movie,Title_7559,South Korea,2018,2016,TV-G,Sci-Fi & Fantasy
s7560,TV Show,Title_7560,United States,2019,2015,TV-MA,International Movies
s7561,TV Show,Title_7561,United States,2014,2017,TV-MA,Stand-Up Comedy
s7562,Movie,Title_7562,Turkey,2018,2021,TV-14,Crime TV Shows
s7563,Movie,Title_7563,Turkey,2021,2015,PG,Stand-Up Comedy
s7564,TV Show,Title_7564,Nigeria,2018,2020,PG-13,Documentaries
s7565,TV Show,Title_7565,Germany,2018,2011,TV-G,Children & Family Movies
s7566,Movie,Title_7566,United States,2019,2012,TV-PG,Children & Family Movies
s7567,Movie,Title_7567,United States,2016,2019,TV-MA,Action & Adventure
s7568,Movie,Title_7568,United States,2019,2014,TV-MA,Thrillers
s7569,TV Show,Title_7569,United States,2021,2016,TV-MA,Romantic Movies
s7570,Movie,Title_7570,Turkey,2009,2013,TV-PG,Thrillers
s7571,Movie,Title_7571,Germany,2020,2016,NR,Anime Series
s7572,TV Show,Title_7572,South Korea,2014,2015,TV-MA,Sci-Fi & Fantasy
s7573,Movie,Title_7573,United States,2017,2019,PG,Thrillers
s7574,Movie,Title_7574,Italy,2020,2019,TV-14,Horror Movies
s7575,Movie,Title_7575,Mexico,2020,2021,TV-MA,International TV Shows
s7576,TV Show,Title_7576,United States,2020,2019,TV-14,International Movies
s7577,Movie,Title_7577,Australia,2021,2019,TV-14,International TV Shows
s7578,Movie,Title_7578,United States,2017,2019,PG,Romantic Movies
s7579,Movie,Title_7579,United States,2018,2020,TV-14,Stand-Up Comedy
s7580,Movie,Title_7580,France,2016,2015,TV-MA,International TV Shows
s7581,TV Show,Title_7581,France,2016,2016,PG-13,Stand-Up Comedy
s7582,Movie,Title_7582,United States,2017,2019,TV-Y7,Dramas
s7583,Movie,Title_7583,United States,2019,2015,TV-PG,Crime TV Shows
s7584,TV Show,Title_7584,Nigeria,2017,2021,TV-MA,Anime Series
s7585,Movie,Title_7585,Japan,2020,2018,TV-MA,Reality TV
s7586,Movie,Title_7586,South Korea,2019,2016,TV-MA,Reality TV
s7587,Movie,Title_7587,United States,2010,2019,TV-MA,International Movies
s7588,Movie,Title_7588,United States,2018,2016,PG,Anime Series
s7589,Movie,Title_7589,United States,2017,2021,TV-MA,Reality TV
s7590,TV Show,Title_7590,United States,2017,2021,TV-14,Action & Adventure
s7591,Movie,Title_7591,United States,2020,2019,TV-PG,Documentaries
s7592,Movie,Title_7592,United States,2018,2013,PG-13,Documentaries
s7593,Movie,Title_7593,Canada,2020,2015,TV-MA,International TV Shows
s7594,Movie,Title_7594,United States,2019,2017,TV-14,Thrillers
s7595,Movie,Title_7595,Mexico,2018,2020,TV-MA,Children & Family Movies
s7596,Movie,Title_7596,United States,2019,2014,TV-MA,Dramas
s7597,Movie,Title_7597,India,2010,2012,TV-MA,Children & Family Movies
s7598,TV Show,Title_7598,United States,2010,2012,TV-14,Sci-Fi & Fantasy
s7599,Movie,Title_7599,United Kingdom,2012,2017,TV-MA,Thrillers
s7600,TV Show,Title_7600,United States,2017,2020,TV-14,Documentaries
s7601,TV Show,Title_7601,Nigeria,2015,2011,TV-MA,International TV Shows
s7602,Movie,Title_7602,Germany,2021,2014,TV-G,Reality TV
s7603,TV Show,Title_7603,United Kingdom,2018,2019,TV-14,Sci-Fi & Fantasy
s7604,Movie,Title_7604,United States,2019,2020,PG-13,Thrillers
s7605,TV Show,Title_7605,Canada,2015,2020,TV-MA,Crime TV Shows
s7606,Movie,Title_7606,Spain,2016,2019,PG-13,Stand-Up Comedy
s7607,Movie,Title_7607,United States,2016,2013,TV-14,Anime Series
s7608,TV Show,Title_7608,Canada,2019,2016,TV-MA,Kids TV
s7609,Movie,Title_7609,Germany,2017,2021,R,Thrillers
s7610,TV Show,Title_7610,Spain,2017,2021,R,Documentaries
s7611,Movie,Title_7611,Germany,2018,2018,TV-Y7,Thrillers
s7612,Movie,Title_7612,Brazil,2019,2019,R,Horror Movies
s7613,Movie,Title_7613,Italy,2012,2021,TV-MA,Kids TV
s7614,TV Show,Title_7614,India,2019,2017,TV-MA,Dramas
s7615,Movie,Title_7615,Canada,2018,2013,TV-14,Reality TV
s7616,Movie,Title_7616,Germany,2019,2019,TV-MA,Comedies
s7617,Movie,Title_7617,Japan,2016,2021,R,International TV Shows
s7618,Movie,Title_7618,Nigeria,2017,2019,TV-14,Comedies
s7619,Movie,Title_7619,United States,2015,2020,NR,Horror Movies
s7620,Movie,Title_7620,India,2021,2017,TV-14,International TV Shows
s7621,TV Show,Title_7621,United States,2017,2012,TV-14,Comedies
s7622,Movie,Title_7622,United States,2021,2014,TV-MA,Thrillers
s7623,Movie,Title_7623,United States,2017,2021,TV-MA,Sci-Fi & Fantasy
s7624,Movie,Title_7624,Japan,2014,2017,PG-13,Horror Movies
s7625,Movie,Title_7625,United States,2017,2009,TV-Y7,International TV Shows
s7626,TV Show,Title_7626,South Korea,2010,2021,TV-14,Romantic Movies
s7627,Movie,Title_7627,Japan,2020,2017,PG-13,Documentaries
s7628,TV Show,Title_7628,United States,2020,2020,TV-PG,Romantic Movies
s7629,Movie,Title_7629,United States,2019,2018,TV-G,Sci-Fi & Fantasy
s7630,Movie,Title_7630,France,2018,2012,TV-MA,Crime TV Shows
s7631,Movie,Title_7631,Spain,2018,2018,TV-14,Horror Movies
s7632,TV Show,Title_7632,Australia,2021,2021,TV-14,Horror Movies
s7633,Movie,Title_7633,Australia,2015,2010,TV-14,International TV Shows
s7634,Movie,Title_7634,Turkey,2019,2020,TV-MA,Thrillers
s7635,Movie,Title_7635,Canada,2018,2015,TV-14,Stand-Up Comedy
s7636,Movie,Title_7636,Brazil,2021,2016,TV-PG,Horror Movies
s7637,Movie,Title_7637,Germany,2020,2016,TV-MA,Horror Movies
s7638,Movie,Title_7638,Brazil,2021,2020,R,Stand-Up Comedy
s7639,Movie,Title_7639,United States,2018,2017,TV-PG,Anime Series
s7640,Movie,Title_7640,Turkey,2014,2017,PG,Action & Adventure
s7641,Movie,Title_7641,India,2017,2020,TV-14,International TV Shows
s7642,TV Show,Title_7642,Germany,2019,2011,TV-MA,Stand-Up Comedy
s7643,Movie,Title_7643,United States,2019,2012,TV-14,Sci-Fi & Fantasy
s7644,Movie,Title_7644,India,2008,2010,TV-MA,International Movies
s7645,Movie,Title_7645,United States,2017,2019,TV-PG,Sci-Fi & Fantasy
s7646,Movie,Title_7646,United States,2015,2018,TV-MA,Comedies
s7647,TV Show,Title_7647,United States,2020,2020,TV-14,Horror Movies
s7648,TV Show,Title_7648,Germany,2013,2017,TV-MA,Romantic Movies
s7649,TV Show,Title_7649,United States,2019,2015,TV-MA,Action & Adventure
s7650,Movie,Title_7650,United States,2015,2020,TV-G,International Movies
s7651,Movie,Title_7651,United States,2016,2015,TV-Y7,Comedies
s7652,Movie,Title_7652,Canada,2021,2021,TV-14,Children & Family Movies
s7653,Movie,Title_7653,United States,2015,2015,TV-MA,Horror Movies
s7654,Movie,Title_7654,United States,2012,2014,PG,International TV Shows
s7655,Movie,Title_7655,United Kingdom,2011,2017,NR,Children & Family Movies
s7656,Movie,Title_7656,France,2017,2011,PG-13,Stand-Up Comedy
s7657,Movie,Title_7657,United States,2018,2010,TV-14,Comedies
s7658,TV Show,Title_7658,United States,2016,2017,TV-MA,Children & Family Movies
s7659,Movie,Title_7659,United States,2019,2014,TV-MA,International TV Shows
s7660,TV Show,Title_7660,Nigeria,2011,2008,PG,Dramas
s7661,Movie,Title_7661,India,2020,2015,PG,Sci-Fi & Fantasy
s7662,Movie,Title_7662,Canada,2020,2017,TV-14,Kids TV
s7663,Movie,Title_7663,United States,2021,2016,TV-MA,Thrillers
s7664,TV Show,Title_7664,United Kingdom,2021,2013,TV-PG,Comedies
s7665,Movie,Title_7665,United States,2016,2018,PG-13,International Movies
s7666,TV Show,Title_7666,United States,2016,2019,R,Reality TV
s7667,TV Show,Title_7667,India,2019,2019,TV-PG,International TV Shows
s7668,Movie,Title_7668,India,2013,2016,TV-MA,Action & Adventure
s7669,TV Show,Title_7669,United States,2016,2013,TV-MA,Crime TV Shows
s7670,Movie,Title_7670,Japan,2013,2017,R,Reality TV
s7671,TV Show,Title_7671,Nigeria,2017,2020,PG-13,Horror Movies
s7672,Movie,Title_7672,India,2018,2017,TV-MA,Thrillers
s7673,Movie,Title_7673,France,2014,2014,TV-MA,Kids TV
s7674,TV Show,Title_7674,Turkey,2010,2012,TV-PG,Horror Movies
s7675,TV Show,Title_7675,Mexico,2019,2021,TV-14,Reality TV
s7676,Movie,Title_7676,India,2010,2019,TV-14,International TV Shows
s7677,Movie,Title_7677,South Korea,2021,2016,TV-PG,Stand-Up Comedy
s7678,TV Show,Title_7678,United States,2015,2015,R,Documentaries
s7679,Movie,Title_7679,United Kingdom,2019,2020,PG-13,Stand-Up Comedy
s7680,Movie,Title_7680,United States,2017,2014,TV-MA,International Movies
s7681,TV Show,Title_7681,United States,2011,2018,TV-14,Stand-Up Comedy
s7682,Movie,Title_7682,India,2017,2019,TV-MA,Dramas
s7683,TV Show,Title_7683,United States,2017,2016,PG-13,Crime TV Shows
s7684,Movie,Title_7684,Japan,2020,2010,PG-13,Anime Series
s7685,Movie,Title_7685,India,2019,2015,TV-MA,Kids TV
s7686,Movie,Title_7686,United Kingdom,2012,2020,TV-MA,Comedies
s7687,Movie,Title_7687,United States,2014,2018,TV-MA,Children & Family Movies
s7688,TV Show,Title_7688,United States,2016,2020,TV-14,Action & Adventure
s7689,Movie,Title_7689,Canada,2013,2018,TV-MA,Anime Series
s7690,Movie,Title_7690,Nigeria,2017,2021,TV-PG,International TV Shows
s7691,Movie,Title_7691,United States,2021,2020,TV-PG,Crime TV Shows
s7692,TV Show,Title_7692,United States,2017,2017,TV-PG,Sci-Fi & Fantasy
s7693,Movie,Title_7693,Australia,2019,2016,PG,Children & Family Movies
s7694,Movie,Title_7694,United States,2019,2018,TV-14,Dramas
s7695,Movie,Title_7695,Australia,2020,2019,PG,Children & Family Movies
s7696,TV Show,Title_7696,United Kingdom,2014,2017,TV-MA,Reality TV
s7697,Movie,Title_7697,India,2019,2020,TV-MA,Comedies
s7698,Movie,Title_7698,United States,2020,2014,TV-14,International Movies
s7699,Movie,Title_7699,United States,2014,2016,TV-14,Horror Movies
s7700,TV Show,Title_7700,United States,2016,2019,TV-MA,International Movies
s7701,Movie,Title_7701,Brazil,2021,2015,TV-14,Comedies
s7702,Movie,Title_7702,South Korea,2019,2017,TV-MA,Comedies
s7703,Movie,Title_7703,Japan,2015,2021,PG,Action & Adventure
s7704,TV Show,Title_7704,Germany,2018,2018,TV-14,Sci-Fi & Fantasy
s7705,Movie,Title_7705,United States,2017,2021,TV-14,Crime TV Shows
s7706,Movie,Title_7706,France,2017,2019,NR,Children & Family Movies
s7707,Movie,Title_7707,India,2016,2019,R,Children & Family Movies
s7708,Movie,Title_7708,Spain,2015,2018,TV-14,International TV Shows
s7709,TV Show,Title_7709,United States,2019,2013,TV-14,Horror Movies
s7710,TV Show,Title_7710,France,2019,2017,TV-PG,International TV Shows
s7711,Movie,Title_7711,Brazil,2020,2015,TV-MA,Romantic Movies
s7712,Movie,Title_7712,India,2013,2021,TV-MA,Stand-Up Comedy
s7713,Movie,Title_7713,United States,2020,2015,TV-MA,Thrillers
s7714,Movie,Title_7714,United Kingdom,2015,2015,R,Thrillers
s7715,Movie,Title_7715,United States,2017,2018,TV-MA,Documentaries
s7716,TV Show,Title_7716,Japan,2020,2017,TV-MA,International Movies
s7717,Movie,Title_7717,Turkey,2017,2010,TV-MA,Thrillers
s7718,Movie,Title_7718,United Kingdom,2014,2013,TV-PG,Thrillers
s7719,Movie,Title_7719,India,2013,2020,TV-PG,Kids TV
s7720,Movie,Title_7720,France,2017,2017,TV-PG,Documentaries
s7721,TV Show,Title_7721,United States,2019,2013,TV-MA,Reality TV
s7722,Movie,Title_7722,United States,2021,2017,PG,Thrillers
s7723,TV Show,Title_7723,Italy,2019,2015,TV-14,Documentaries
s7724,Movie,Title_7724,Japan,2020,2015,TV-14,Crime TV Shows
s7725,TV Show,Title_7725,United States,2019,2021,NR,Reality TV
s7726,Movie,Title_7726,United States,2020,2016,G,Kids TV
s7727,Movie,Title_7727,Japan,2012,2011,TV-PG,Action & Adventure
s7728,Movie,Title_7728,Spain,2021,2021,NR,Comedies
s7729,Movie,Title_7729,Mexico,2016,2020,TV-14,Reality TV
s7730,TV Show,Title_7730,United States,2021,2015,TV-MA,Dramas
s7731,Movie,Title_7731,Italy,2012,2017,TV-MA,Crime TV Shows
s7732,Movie,Title_7732,United Kingdom,2019,2020,TV-14,Action & Adventure
s7733,TV Show,Title_7733,Japan,2019,2016,TV-PG,Sci-Fi & Fantasy
s7734,Movie,Title_7734,Canada,2021,2018,TV-14,Anime Series
s7735,Movie,Title_7735,United States,2019,2018,PG,International TV Shows
s7736,Movie,Title_7736,Turkey,2016,2017,TV-14,Horror Movies
s7737,Movie,Title_7737,United States,2018,2018,TV-MA,Children & Family Movies
s7738,Movie,Title_7738,United States,2016,2017,TV-MA,Children & Family Movies
s7739,Movie,Title_7739,Germany,2014,2010,G,Children & Family Movies
s7740,Movie,Title_7740,France,2015,2020,PG-13,Reality TV
s7741,TV Show,Title_7741,Mexico,2015,2013,TV-PG,Action & Adventure
s7742,Movie,Title_7742,United Kingdom,2018,2017,PG-13,Sci-Fi & Fantasy
s7743,Movie,Title_7743,India,2020,2018,PG-13,Kids TV
s7744,TV Show,Title_7744,Italy,2021,2019,NR,Children & Family Movies
s7745,Movie,Title_7745,United States,2011,2017,TV-14,Crime TV Shows
s7746,Movie,Title_7746,Australia,2012,2019,TV-14,International Movies
s7747,Movie,Title_7747,United States,2015,2013,TV-MA,Kids TV
s7748,Movie,Title_7748,Australia,2015,2018,TV-G,Stand-Up Comedy
s7749,Movie,Title_7749,United States,2012,2020,TV-Y,Romantic Movies
s7750,Movie,Title_7750,Canada,2016,2020,R,Stand-Up Comedy
s7751,TV Show,Title_7751,Brazil,2018,2018,TV-14,Horror Movies
s7752,Movie,Title_7752,India,2018,2016,TV-14,Documentaries
s7753,Movie,Title_7753,South Korea,2018,2014,TV-14,Romantic Movies
s7754,TV Show,Title_7754,Germany,2016,2016,TV-MA,Stand-Up Comedy
s7755,Movie,Title_7755,South Korea,2019,2018,TV-14,International Movies
s7756,TV Show,Title_7756,Italy,2020,2014,TV-MA,Romantic Movies
s7757,Movie,Title_7757,India,2016,2021,TV-Y7,Romantic Movies
s7758,Movie,Title_7758,United States,2012,2020,TV-14,Stand-Up Comedy
s7759,TV Show,Title_7759,United States,2015,2010,NR,Romantic Movies
s7760,Movie,Title_7760,United States,2013,2018,R,Sci-Fi & Fantasy
s7761,Movie,Title_7761,United States,2017,2019,TV-MA,Horror Movies
s7762,Movie,Title_7762,Canada,2013,2015,TV-MA,Thrillers
s7763,Movie,Title_7763,United States,2017,2018,TV-Y7,Thrillers
s7764,TV Show,Title_7764,United States,2015,2017,R,Action & Adventure
s7765,TV Show,Title_7765,United States,2019,2014,TV-MA,Anime Series
s7766,TV Show,Title_7766,Mexico,2010,2018,TV-MA,Stand-Up Comedy
s7767,TV Show,Title_7767,Canada,2018,2021,TV-PG,Children & Family Movies
s7768,Movie,Title_7768,India,2014,2016,TV-MA,Kids TV
s7769,TV Show,Title_7769,Brazil,2008,2018,TV-MA,Horror Movies
s7770,TV Show,Title_7770,United States,2020,2016,R,Dramas
s7771,TV Show,Title_7771,Nigeria,2019,2020,TV-PG,Romantic Movies
s7772,Movie,Title_7772,France,2012,2020,TV-14,Stand-Up Comedy
s7773,TV Show,Title_7773,United States,2019,2014,NR,Stand-Up Comedy
s7774,TV Show,Title_7774,Japan,2018,2020,TV-PG,International TV Shows
s7775,TV Show,Title_7775,Spain,2017,2013,PG,Horror Movies
s7776,Movie,Title_7776,India,2017,2012,TV-MA,Sci-Fi & Fantasy
s7777,Movie,Title_7777,Australia,2020,2018,TV-MA,Children & Family Movies
s7778,TV Show,Title_7778,United States,2015,2016,TV-MA,Sci-Fi & Fantasy
s7779,Movie,Title_7779,United States,2016,2018,TV-MA,Horror Movies
s7780,Movie,Title_7780,United States,2016,2018,G,Romantic Movies
s7781,Movie,Title_7781,United States,2019,2011,TV-G,Stand-Up Comedy
s7782,Movie,Title_7782,United States,2021,2015,R,Horror Movies
s7783,TV Show,Title_7783,Italy,2020,2017,TV-14,Horror Movies
s7784,Movie,Title_7784,United States,2020,2015,R,Dramas
s7785,Movie,Title_7785,India,2021,2011,TV-14,Comedies
s7786,Movie,Title_7786,United Kingdom,2019,2012,TV-MA,International TV Shows
s7787,Movie,Title_7787,Brazil,2019,2020,TV-14,Thrillers
s7788,Movie,Title_7788,Nigeria,2021,2021,TV-14,Kids TV
s7789,Movie,Title_7789,South Korea,2008,2013,TV-MA,Crime TV Shows
s7790,TV Show,Title_7790,Nigeria,2018,2015,TV-MA,International TV Shows
s7791,TV Show,Title_7791,Spain,2019,2018,TV-MA,Children & Family Movies
s7792,Movie,Title_7792,Turkey,2021,2021,TV-PG,Action & Adventure
s7793,Movie,Title_7793,Japan,2020,2015,TV-MA,Romantic Movies
s7794,TV Show,Title_7794,United States,2020,2020,R,International Movies
s7795,Movie,Title_7795,India,2021,2017,TV-14,Reality TV
s7796,Movie,Title_7796,France,2018,2021,TV-MA,Kids TV
s7797,Movie,Title_7797,United States,2008,2013,PG-13,Action & Adventure
s7798,Movie,Title_7798,United States,2009,2021,TV-14,Thrillers
s7799,Movie,Title_7799,Canada,2018,2017,TV-14,Anime Series
s7800,Movie,Title_7800,Italy,2017,2021,PG,Action & Adventure
s7801,Movie,Title_7801,United States,2017,2017,TV-14,Kids TV
s7802,Movie,Title_7802,Spain,2017,2018,PG-13,Romantic Movies
s7803,Movie,Title_7803,South Korea,2021,2020,TV-14,International Movies
s7804,Movie,Title_7804,Turkey,2016,2019,TV-MA,Horror Movies
s7805,TV Show,Title_7805,Italy,2020,2018,TV-PG,Dramas
s7806,TV Show,Title_7806,Spain,2020,2017,TV-MA,International TV Shows
s7807,Movie,Title_7807,United Kingdom,2017,2020,TV-MA,International TV Shows
s7808,TV Show,Title_7808,United States,2017,2021,TV-MA,Romantic Movies
s7809,Movie,Title_7809,United Kingdom,2019,2008,TV-MA,Children & Family Movies
s7810,TV Show,Title_7810,Spain,2019,2018,R,Sci-Fi & Fantasy
s7811,Movie,Title_7811,Brazil,2016,2020,PG-13,Horror Movies
s7812,Movie,Title_7812,Germany,2012,2018,PG-13,Comedies
s7813,TV Show,Title_7813,United States,2015,2020,TV-MA,Crime TV Shows
s7814,Movie,Title_7814,Canada,2013,2020,TV-PG,Thrillers
s7815,Movie,Title_7815,United States,2015,2019,TV-MA,Horror Movies
s7816,Movie,Title_7816,United States,2015,2019,TV-PG,Horror Movies
s7817,Movie,Title_7817,United States,2018,2021,PG,International TV Shows
s7818,Movie,Title_7818,United States,2021,2020,TV-MA,Action & Adventure
s7819,Movie,Title_7819,Mexico,2019,2020,TV-Y,Sci-Fi & Fantasy
s7820,Movie,Title_7820,United States,2021,2012,PG-13,Kids TV
s7821,Movie,Title_7821,United States,2019,2015,R,Stand-Up Comedy
s7822,Movie,Title_7822,Turkey,2019,2018,TV-PG,Stand-Up Comedy
s7823,Movie,Title_7823,India,2017,2019,R,Crime TV Shows
s7824,Movie,Title_7824,United States,2016,2016,TV-Y7,Sci-Fi & Fantasy
s7825,Movie,Title_7825,United States,2020,2012,R,Children & Family Movies
s7826,Movie,Title_7826,United States,2020,2016,TV-MA,Thrillers
s7827,Movie,Title_7827,United States,2017,2019,TV-PG,Comedies
s7828,Movie,Title_7828,United States,2008,2020,TV-MA,Kids TV
s7829,Movie,Title_7829,Canada,2020,2021,G,International TV Shows
s7830,Movie,Title_7830,United States,2015,2016,PG,Action & Adventure
s7831,Movie,Title_7831,India,2008,2016,TV-14,Reality TV
s7832,TV Show,Title_7832,Australia,2020,2017,R,Kids TV
s7833,TV Show,Title_7833,India,2017,2016,PG,Horror Movies
s7834,Movie,Title_7834,Italy,2019,2019,TV-MA,Romantic Movies
s7835,TV Show,Title_7835,United Kingdom,2021,2016,TV-14,Children & Family Movies
s7836,Movie,Title_7836,India,2018,2010,TV-14,Crime TV Shows
s7837,Movie,Title_7837,South Korea,2017,2017,R,Stand-Up Comedy
s7838,Movie,Title_7838,United States,2015,2015,TV-14,Anime Series
s7839,Movie,Title_7839,United States,2016,2010,TV-PG,Thrillers
s7840,Movie,Title_7840,France,2020,2017,TV-14,International TV Shows
s7841,Movie,Title_7841,United Kingdom,2017,2014,TV-MA,Kids TV
s7842,Movie,Title_7842,Germany,2014,2017,TV-MA,Dramas
s7843,Movie,Title_7843,Italy,2012,2015,TV-MA,Crime TV Shows
s7844,Movie,Title_7844,India,2017,2018,TV-MA,Kids TV
s7845,Movie,Title_7845,Canada,2017,2021,TV-14,Sci-Fi & Fantasy
s7846,Movie,Title_7846,United Kingdom,2018,2018,TV-PG,Horror Movies
s7847,Movie,Title_7847,Nigeria,2017,2018,TV-MA,Crime TV Shows
s7848,TV Show,Title_7848,Mexico,2013,2021,TV-PG,Sci-Fi & Fantasy
s7849,Movie,Title_7849,Italy,2017,2016,TV-14,Comedies
s7850,TV Show,Title_7850,United States,2020,2014,TV-MA,Anime Series
s7851,Movie,Title_7851,Spain,2013,2015,TV-14,Anime Series
s7852,TV Show,Title_7852,United States,2019,2017,R,Comedies
s7853,TV Show,Title_7853,United States,2018,2018,TV-MA,Horror Movies
s7854,Movie,Title_7854,Turkey,2019,2008,TV-MA,Action & Adventure
s7855,Movie,Title_7855,United States,2013,2020,TV-Y7,International TV Shows
s7856,TV Show,Title_7856,Turkey,2021,2012,R,Stand-Up Comedy
s7857,Movie,Title_7857,United States,2018,2020,TV-14,International TV Shows
s7858,TV Show,Title_7858,Mexico,2020,2021,TV-PG,Reality TV
s7859,TV Show,Title_7859,United States,2015,2021,PG-13,Sci-Fi & Fantasy
s7860,Movie,Title_7860,United States,2019,2020,PG-13,Kids TV
s7861,Movie,Title_7861,United States,2019,2013,TV-MA,Crime TV Shows
s7862,Movie,Title_7862,Canada,2016,2019,TV-14,International TV Shows
s7863,Movie,Title_7863,United States,2016,2014,TV-PG,Kids TV
s7864,Movie,Title_7864,France,2018,2020,TV-MA,Anime Series
s7865,Movie,Title_7865,United States,2012,2016,NR,Action & Adventure
s7866,Movie,Title_7866,United States,2019,2016,TV-14,International Movies
s7867,Movie,Title_7867,United States,2011,2021,TV-14,Anime Series
s7868,Movie,Title_7868,India,2014,2009,PG,Documentaries
s7869,Movie,Title_7869,Germany,2019,2014,TV-MA,Crime TV Shows
s7870,Movie,Title_7870,Brazil,2012,2017,TV-MA,Comedies
s7871,Movie,Title_7871,United States,2021,2019,TV-PG,Action & Adventure
s7872,Movie,Title_7872,Canada,2020,2018,TV-14,Kids TV
s7873,Movie,Title_7873,Spain,2018,2019,R,Comedies
s7874,Movie,Title_7874,United States,2020,2020,TV-MA,Sci-Fi & Fantasy
s7875,Movie,Title_7875,India,2020,2013,TV-14,Dramas
s7876,TV Show,Title_7876,United Kingdom,2015,2018,TV-MA,Action & Adventure
s7877,Movie,Title_7877,United States,2020,2019,R,Horror Movies
s7878,Movie,Title_7878,United States,2014,2018,TV-MA,Children & Family Movies
s7879,TV Show,Title_7879,United States,2017,2017,TV-14,Sci-Fi & Fantasy
s7880,Movie,Title_7880,France,2018,2009,PG-13,Anime Series
s7881,Movie,Title_7881,United States,2019,2011,PG,Thrillers
s7882,Movie,Title_7882,United States,2010,2013,R,Reality TV
s7883,Movie,Title_7883,United States,2015,2016,TV-14,Romantic Movies
s7884,Movie,Title_7884,United States,2018,2013,TV-14,Horror Movies
s7885,TV Show,Title_7885,United States,2016,2017,TV-PG,Action & Adventure
s7886,Movie,Title_7886,Italy,2019,2014,PG,Thrillers
s7887,Movie,Title_7887,United States,2018,2019,PG,International TV Shows
s7888,Movie,Title_7888,France,2015,2020,NR,Comedies
s7889,Movie,Title_7889,India,2013,2016,PG-13,Comedies
s7890,TV Show,Title_7890,Japan,2018,2017,TV-MA,Romantic Movies
s7891,Movie,Title_7891,Canada,2017,2021,R,Romantic Movies
s7892,TV Show,Title_7892,United States,2014,2018,PG-13,Stand-Up Comedy
s7893,Movie,Title_7893,Mexico,2016,2021,PG,Documentaries
s7894,Movie,Title_7894,United Kingdom,2016,2013,NR,International TV Shows
s7895,Movie,Title_7895,Mexico,2012,2020,TV-14,Stand-Up Comedy
s7896,Movie,Title_7896,India,2018,2017,TV-PG,Horror Movies
s7897,Movie,Title_7897,Nigeria,2019,2010,TV-MA,International Movies
s7898,Movie,Title_7898,Spain,2018,2021,TV-14,Anime Series
s7899,TV Show,Title_7899,Turkey,2020,2021,TV-14,Children & Family Movies
s7900,Movie,Title_7900,United Kingdom,2013,2016,TV-G,Anime Series
s7901,Movie,Title_7901,India,2017,2021,PG,Anime Series
s7902,Movie,Title_7902,South Korea,2018,2013,R,Reality TV
s7903,Movie,Title_7903,Brazil,2019,2019,TV-MA,Reality TV
s7904,TV Show,Title_7904,Turkey,2019,2014,TV-14,Kids TV
s7905,Movie,Title_7905,United States,2019,2015,TV-PG,International Movies
s7906,Movie,Title_7906,Germany,2018,2019,TV-MA,Reality TV
s7907,Movie,Title_7907,United States,2012,2016,TV-MA,Children & Family Movies
s7908,Movie,Title_7908,United Kingdom,2019,2008,PG,Crime TV Shows
s7909,TV Show,Title_7909,United States,2019,2017,TV-MA,Anime Series
s7910,Movie,Title_7910,United States,2021,2015,TV-MA,Comedies
s7911,TV Show,Title_7911,Italy,2019,2019,TV-14,Stand-Up Comedy
s7912,TV Show,Title_7912,United States,2019,2014,NR,Action & Adventure
s7913,Movie,Title_7913,France,2017,2020,PG-13,Horror Movies
s7914,Movie,Title_7914,Canada,2020,2015,G,Kids TV
s7915,Movie,Title_7915,United States,2021,2016,R,Action & Adventure
s7916,Movie,Title_7916,United States,2019,2015,TV-14,International Movies
s7917,Movie,Title_7917,Canada,2018,2018,NR,Anime Series
s7918,Movie,Title_7918,United States,2012,2012,TV-14,Action & Adventure
s7919,TV Show,Title_7919,Germany,2019,2017,TV-MA,Documentaries
s7920,TV Show,Title_7920,Nigeria,2019,2016,TV-14,Stand-Up Comedy
s7921,Movie,Title_7921,United States,2019,2020,PG-13,Comedies
s7922,TV Show,Title_7922,United States,2013,2012,PG,Horror Movies
s7923,Movie,Title_7923,India,2018,2020,TV-MA,International TV Shows
s7924,Movie,Title_7924,South Korea,2015,2014,TV-14,Horror Movies
s7925,Movie,Title_7925,United States,2019,2012,PG,Crime TV Shows
s7926,Movie,Title_7926,United States,2015,2014,TV-MA,Romantic Movies
s7927,TV Show,Title_7927,United Kingdom,2019,2012,R,Comedies
s7928,TV Show,Title_7928,Turkey,2015,2018,TV-14,Stand-Up Comedy
s7929,Movie,Title_7929,India,2008,2021,TV-14,Thrillers
s7930,Movie,Title_7930,India,2018,2010,TV-14,Crime TV Shows
s7931,TV Show,Title_7931,Turkey,2013,2017,TV-14,Thrillers
s7932,Movie,Title_7932,Japan,2018,2016,R,International Movies
s7933,TV Show,Title_7933,South Korea,2021,2016,NR,Stand-Up Comedy
s7934,TV Show,Title_7934,Canada,2021,2016,TV-14,Children & Family Movies
s7935,Movie,Title_7935,Nigeria,2015,2020,PG-13,International Movies
s7936,TV Show,Title_7936,Japan,2020,2009,R,Action & Adventure
s7937,Movie,Title_7937,Brazil,2016,2019,TV-MA,Documentaries
s7938,Movie,Title_7938,Japan,2020,2015,TV-14,Horror Movies
s7939,Movie,Title_7939,South Korea,2019,2016,TV-PG,Romantic Movies
s7940,Movie,Title_7940,United States,2012,2017,TV-MA,Reality TV
s7941,Movie,Title_7941,United States,2017,2016,TV-14,International Movies
s7942,TV Show,Title_7942,Spain,2016,2012,TV-Y7,Kids TV
s7943,Movie,Title_7943,United States,2019,2013,TV-PG,Kids TV
s7944,Movie,Title_7944,Canada,2017,2015,TV-MA,Children & Family Movies
s7945,Movie,Title_7945,United States,2019,2020,TV-MA,Documentaries
s7946,Movie,Title_7946,Germany,2018,2013,TV-MA,International Movies
s7947,Movie,Title_7947,United States,2021,2019,TV-14,Romantic Movies
s7948,Movie,Title_7948,Mexico,2021,2015,TV-MA,Sci-Fi & Fantasy
s7949,Movie,Title_7949,Canada,2017,2020,TV-MA,Kids TV
s7950,Movie,Title_7950,United States,2019,2017,TV-14,Comedies
s7951,Movie,Title_7951,United Kingdom,2020,2014,TV-PG,Documentaries
s7952,Movie,Title_7952,United States,2020,2021,TV-MA,Romantic Movies
s7953,Movie,Title_7953,United States,2011,2014,TV-MA,Sci-Fi & Fantasy
s7954,Movie,Title_7954,United States,2016,2018,TV-MA,Dramas
s7955,TV Show,Title_7955,United States,2016,2018,TV-MA,Children & Family Movies
s7956,Movie,Title_7956,Nigeria,2017,2016,TV-MA,Dramas
s7957,Movie,Title_7957,United States,2014,2021,TV-14,Thrillers
s7958,Movie,Title_7958,France,2017,2020,TV-14,Kids TV
s7959,Movie,Title_7959,India,2019,2020,TV-MA,Thrillers
s7960,Movie,Title_7960,France,2017,2021,PG-13,Dramas
s7961,Movie,Title_7961,India,2019,2017,TV-14,Kids TV
s7962,Movie,Title_7962,Japan,2011,2012,TV-MA,International TV Shows
s7963,Movie,Title_7963,South Korea,2020,2019,TV-MA,Children & Family Movies
s7964,TV Show,Title_7964,Japan,2021,2016,G,Stand-Up Comedy
s7965,TV Show,Title_7965,United States,2018,2014,G,Comedies
s7966,Movie,Title_7966,France,2020,2017,TV-MA,International TV Shows
s7967,Movie,Title_7967,United States,2013,2021,TV-MA,Kids TV
s7968,Movie,Title_7968,United States,2020,2014,TV-14,Romantic Movies
s7969,TV Show,Title_7969,India,2013,2020,TV-14,Dramas
s7970,Movie,Title_7970,India,2017,2017,TV-14,International Movies
s7971,Movie,Title_7971,India,2016,2013,TV-14,Dramas
s7972,TV Show,Title_7972,Japan,2018,2020,TV-MA,Horror Movies
s7973,Movie,Title_7973,United States,2016,2021,TV-MA,Action & Adventure
s7974,Movie,Title_7974,United States,2018,2015,TV-14,Children & Family Movies
s7975,TV Show,Title_7975,United States,2016,2016,NR,International TV Shows
s7976,Movie,Title_7976,Japan,2020,2016,TV-MA,Documentaries
s7977,Movie,Title_7977,Canada,2018,2020,TV-PG,Horror Movies
s7978,Movie,Title_7978,United States,2014,2009,TV-14,Sci-Fi & Fantasy
s7979,Movie,Title_7979,Japan,2016,2015,TV-MA,Horror Movies
s7980,Movie,Title_7980,United Kingdom,2020,2019,PG-13,Thrillers
s7981,TV Show,Title_7981,India,2016,2017,TV-14,Documentaries
s7982,Movie,Title_7982,United Kingdom,2018,2016,TV-14,Romantic Movies
s7983,Movie,Title_7983,France,2018,2020,TV-14,Sci-Fi & Fantasy
s7984,Movie,Title_7984,France,2016,2021,TV-MA,Dramas
s7985,Movie,Title_7985,United States,2015,2021,TV-14,International TV Shows
s7986,TV Show,Title_7986,United States,2017,2015,TV-14,Action & Adventure
s7987,Movie,Title_7987,United States,2014,2021,TV-MA,Documentaries
s7988,Movie,Title_7988,France,2015,2019,TV-14,Anime Series
s7989,Movie,Title_7989,Australia,2011,2013,TV-MA,Reality TV
s7990,Movie,Title_7990,India,2016,2018,TV-MA,Horror Movies
s7991,TV Show,Title_7991,United States,2016,2010,R,International Movies
s7992,Movie,Title_7992,South Korea,2021,2019,TV-MA,International Movies
s7993,Movie,Title_7993,Mexico,2018,2019,TV-PG,International TV Shows
s7994,Movie,Title_7994,Brazil,2019,2019,NR,Comedies
s7995,Movie,Title_7995,Canada,2011,2014,TV-MA,Comedies
s7996,Movie,Title_7996,Australia,2012,2018,TV-14,Kids TV
s7997,TV Show,Title_7997,United States,2020,2014,TV-14,Children & Family Movies
s7998,TV Show,Title_7998,United States,2018,2021,TV-14,Reality TV
s7999,TV Show,Title_7999,United States,2014,2019,TV-PG,Dramas
s8000,TV Show,Title_8000,Japan,2017,2012,TV-14,International Movies
s8001,Movie,Title_8001,United States,2018,2014,TV-MA,Crime TV Shows
s8002,TV Show,Title_8002,United Kingdom,2020,2019,TV-MA,Dramas
s8003,Movie,Title_8003,India,2011,2017,R,Reality TV
s8004,TV Show,Title_8004,United States,2018,2019,TV-MA,Horror Movies
s8005,Movie,Title_8005,Australia,2019,2015,PG-13,Romantic Movies
s8006,Movie,Title_8006,United States,2021,2018,R,Horror Movies
s8007,TV Show,Title_8007,United States,2020,2014,TV-MA,Anime Series
s8008,Movie,Title_8008,Spain,2015,2018,TV-MA,Comedies
s8009,Movie,Title_8009,United States,2019,2021,TV-MA,Kids TV
s8010,TV Show,Title_8010,Japan,2019,2018,TV-14,Comedies
s8011,Movie,Title_8011,Germany,2019,2011,PG-13,Dramas
s8012,Movie,Title_8012,Italy,2020,2021,TV-MA,Documentaries
s8013,TV Show,Title_8013,Australia,2020,2013,TV-MA,Comedies
s8014,Movie,Title_8014,United States,2012,2019,TV-14,International Movies
s8015,TV Show,Title_8015,Canada,2012,2018,TV-MA,Anime Series
s8016,Movie,Title_8016,United States,2020,2015,TV-14,Reality TV
s8017,Movie,Title_8017,United States,2015,2014,TV-14,Comedies
s8018,TV Show,Title_8018,United States,2011,2014,TV-MA,Stand-Up Comedy
s8019,Movie,Title_8019,United States,2017,2020,TV-14,Stand-Up Comedy
s8020,TV Show,Title_8020,Australia,2020,2020,TV-MA,Dramas
s8021,Movie,Title_8021,United States,2013,2017,TV-MA,International Movies
s8022,TV Show,Title_8022,Canada,2019,2012,TV-MA,International TV Shows
s8023,TV Show,Title_8023,India,2008,2020,TV-14,Dramas
s8024,Movie,Title_8024,India,2012,2017,TV-14,Sci-Fi & Fantasy
s8025,Movie,Title_8025,Turkey,2016,2017,TV-MA,Stand-Up Comedy
s8026,Movie,Title_8026,United States,2012,2017,TV-MA,Reality TV
s8027,TV Show,Title_8027,France,2020,2016,TV-MA,Dramas
s8028,Movie,Title_8028,India,2020,2018,TV-MA,Thrillers
s8029,Movie,Title_8029,United States,2019,2018,TV-14,Romantic Movies
s8030,Movie,Title_8030,United Kingdom,2015,2017,TV-MA,Anime Series
s8031,Movie,Title_8031,Germany,2018,2020,TV-14,Crime TV Shows
s8032,TV Show,Title_8032,United States,2014,2016,TV-MA,Stand-Up Comedy
s8033,Movie,Title_8033,United States,2015,2018,TV-14,Anime Series
s8034,TV Show,Title_8034,United States,2017,2015,R,Stand-Up Comedy
s8035,TV Show,Title_8035,Spain,2019,2019,TV-14,Children & Family Movies
s8036,TV Show,Title_8036,South Korea,2012,2012,TV-MA,Stand-Up Comedy
s8037,TV Show,Title_8037,Canada,2015,2014,TV-MA,Stand-Up Comedy
s8038,Movie,Title_8038,India,2021,2020,TV-MA,Reality TV
s8039,TV Show,Title_8039,Brazil,2017,2014,TV-14,Romantic Movies
s8040,Movie,Title_8040,Spain,2021,2018,TV-MA,Reality TV
s8041,TV Show,Title_8041,Germany,2021,2021,TV-MA,Comedies
s8042,Movie,Title_8042,Germany,2018,2018,PG,International Movies
s8043,Movie,Title_8043,France,2015,2014,TV-MA,Kids TV
s8044,Movie,Title_8044,India,2020,2016,NR,Action & Adventure
s8045,Movie,Title_8045,Australia,2013,2020,PG-13,Sci-Fi & Fantasy
s8046,Movie,Title_8046,Italy,2015,2016,PG-13,Documentaries
s8047,Movie,Title_8047,United States,2019,2019,PG-13,Sci-Fi & Fantasy
s8048,Movie,Title_8048,United States,2017,2019,TV-MA,International Movies
s8049,TV Show,Title_8049,Turkey,2014,2017,TV-MA,International TV Shows
s8050,Movie,Title_8050,United States,2018,2019,TV-MA,Crime TV Shows
s8051,TV Show,Title_8051,Australia,2019,2016,TV-MA,Stand-Up Comedy
s8052,Movie,Title_8052,India,2013,2017,TV-MA,Stand-Up Comedy
s8053,TV Show,Title_8053,United States,2015,2019,PG-13,Anime Series
s8054,Movie,Title_8054,United States,2015,2014,TV-MA,Kids TV
s8055,Movie,Title_8055,United States,2016,2015,TV-MA,Action & Adventure
s8056,Movie,Title_8056,United States,2019,2018,TV-PG,Kids TV
s8057,Movie,Title_8057,United Kingdom,2019,2018,TV-MA,Documentaries
s8058,Movie,Title_8058,Japan,2019,2017,TV-14,Crime TV Shows
s8059,Movie,Title_8059,Nigeria,2008,2020,TV-MA,Kids TV
s8060,Movie,Title_8060,India,2013,2017,PG-13,International TV Shows
s8061,Movie,Title_8061,United Kingdom,2015,2020,TV-14,Documentaries
s8062,Movie,Title_8062,United Kingdom,2015,2019,TV-PG,Documentaries
s8063,Movie,Title_8063,United Kingdom,2013,2016,TV-MA,Sci-Fi & Fantasy
s8064,Movie,Title_8064,United Kingdom,2017,2016,NR,Horror Movies
s8065,Movie,Title_8065,United States,2012,2019,TV-MA,Horror Movies
s8066,TV Show,Title_8066,United States,2019,2020,TV-PG,International TV Shows
s8067,Movie,Title_8067,United States,2019,2014,TV-G,Reality TV
s8068,Movie,Title_8068,United States,2018,2017,TV-14,Crime TV Shows
s8069,Movie,Title_8069,Japan,2012,2013,TV-14,Action & Adventure
s8070,TV Show,Title_8070,United States,2020,2015,TV-MA,Dramas
s8071,Movie,Title_8071,Brazil,2021,2019,TV-14,Stand-Up Comedy
s8072,Movie,Title_8072,Italy,2014,2012,PG-13,Crime TV Shows
s8073,Movie,Title_8073,Nigeria,2019,2019,TV-MA,Dramas
s8074,Movie,Title_8074,Italy,2020,2020,PG,Sci-Fi & Fantasy
s8075,Movie,Title_8075,United States,2018,2021,TV-PG,Sci-Fi & Fantasy
s8076,Movie,Title_8076,United Kingdom,2016,2014,TV-14,Children & Family Movies
s8077,TV Show,Title_8077,United States,2017,2019,TV-14,Kids TV
s8078,Movie,Title_8078,Germany,2017,2021,TV-MA,Anime Series
s8079,Movie,Title_8079,Brazil,2017,2012,TV-MA,Action & Adventure
s8080,Movie,Title_8080,Australia,2021,2017,TV-MA,Dramas
s8081,Movie,Title_8081,India,2019,2021,TV-14,Action & Adventure
s8082,TV Show,Title_8082,Spain,2015,2014,PG,Children & Family Movies
s8083,Movie,Title_8083,United States,2018,2021,TV-14,Anime Series
s8084,TV Show,Title_8084,United States,2019,2018,TV-14,Stand-Up Comedy
s8085,TV Show,Title_8085,South Korea,2013,2012,TV-MA,International Movies
s8086,Movie,Title_8086,India,2016,2017,R,Anime Series
s8087,Movie,Title_8087,Nigeria,2020,2016,TV-14,Horror Movies
s8088,Movie,Title_8088,United States,2018,2015,TV-14,Documentaries
s8089,Movie,Title_8089,Australia,2014,2018,NR,Reality TV
s8090,TV Show,Title_8090,United Kingdom,2013,2017,PG,Crime TV Shows
s8091,Movie,Title_8091,Mexico,2017,2017,TV-PG,Kids TV
s8092,Movie,Title_8092,Germany,2018,2012,NR,Reality TV
s8093,Movie,Title_8093,Italy,2016,2020,TV-14,Stand-Up Comedy
s8094,TV Show,Title_8094,United States,2018,2017,PG-13,International Movies
s8095,TV Show,Title_8095,Turkey,2011,2020,TV-14,International Movies
s8096,TV Show,Title_8096,United States,2013,2020,TV-MA,Action & Adventure
s8097,TV Show,Title_8097,United States,2018,2016,TV-Y7,Sci-Fi & Fantasy
s8098,Movie,Title_8098,India,2011,2008,TV-MA,Action & Adventure
s8099,TV Show,Title_8099,Mexico,2020,2021,TV-MA,Comedies
s8100,Movie,Title_8100,India,2013,2019,TV-MA,Documentaries
s8101,TV Show,Title_8101,Mexico,2019,2012,TV-MA,International Movies
s8102,Movie,Title_8102,South Korea,2016,2019,TV-MA,Dramas
s8103,Movie,Title_8103,United States,2016,2010,TV-PG,Kids TV
s8104,TV Show,Title_8104,Turkey,2019,2010,TV-Y7,Action & Adventure
s8105,TV Show,Title_8105,United States,2017,2018,TV-MA,Thrillers
s8106,TV Show,Title_8106,Brazil,2019,2012,R,Reality TV
s8107,Movie,Title_8107,United States,2017,2021,TV-MA,Thrillers
s8108,TV Show,Title_8108,United Kingdom,2018,2020,TV-MA,International Movies
s8109,Movie,Title_8109,India,2019,2018,TV-PG,Thrillers
s8110,Movie,Title_8110,United States,2018,2011,PG,Action & Adventure
s8111,Movie,Title_8111,India,2018,2016,TV-MA,Romantic Movies
s8112,Movie,Title_8112,United States,2019,2016,TV-MA,International TV Shows
s8113,Movie,Title_8113,United States,2021,2017,TV-MA,Dramas
s8114,TV Show,Title_8114,United States,2016,2014,PG,Dramas
s8115,Movie,Title_8115,United Kingdom,2018,2018,TV-MA,International TV Shows
s8116,Movie,Title_8116,Germany,2012,2017,TV-14,International Movies
s8117,Movie,Title_8117,Canada,2016,2021,PG,Action & Adventure
s8118,Movie,Title_8118,Brazil,2017,2021,TV-14,Stand-Up Comedy
s8119,Movie,Title_8119,France,2020,2018,NR,Comedies
s8120,Movie,Title_8120,Japan,2017,2018,NR,International TV Shows
s8121,Movie,Title_8121,Japan,2019,2013,TV-14,Crime TV Shows
s8122,TV Show,Title_8122,India,2009,2015,TV-14,Documentaries
s8123,Movie,Title_8123,Japan,2017,2020,TV-MA,Comedies
s8124,Movie,Title_8124,United States,2020,2019,TV-Y7,Stand-Up Comedy
s8125,Movie,Title_8125,Australia,2015,2014,TV-MA,Reality TV
s8126,TV Show,Title_8126,Spain,2010,2018,R,Action & Adventure
s8127,TV Show,Title_8127,United States,2017,2021,TV-MA,Crime TV Shows
s8128,TV Show,Title_8128,Spain,2019,2016,TV-MA,Stand-Up Comedy
s8129,TV Show,Title_8129,United States,2017,2014,TV-MA,Anime Series
s8130,Movie,Title_8130,United States,2017,2021,TV-14,Stand-Up Comedy
s8131,TV Show,Title_8131,United States,2019,2017,TV-MA,Horror Movies
s8132,Movie,Title_8132,Spain,2015,2017,TV-MA,International Movies
s8133,Movie,Title_8133,South Korea,2019,2015,TV-MA,Crime TV Shows
s8134,Movie,Title_8134,Germany,2013,2020,TV-MA,Romantic Movies
s8135,Movie,Title_8135,United States,2016,2020,TV-14,Children & Family Movies
s8136,Movie,Title_8136,United Kingdom,2018,2017,TV-14,Romantic Movies
s8137,TV Show,Title_8137,Japan,2020,2010,TV-MA,Reality TV
s8138,Movie,Title_8138,United States,2020,2017,TV-14,Reality TV
s8139,Movie,Title_8139,France,2019,2014,R,Dramas
s8140,TV Show,Title_8140,United States,2016,2013,TV-14,Anime Series
s8141,TV Show,Title_8141,United States,2013,2016,G,Action & Adventure
s8142,Movie,Title_8142,United Kingdom,2014,2012,TV-MA,Action & Adventure
s8143,Movie,Title_8143,France,2020,2021,PG-13,Action & Adventure
s8144,Movie,Title_8144,United States,2020,2011,TV-14,Children & Family Movies
s8145,Movie,Title_8145,United States,2021,2017,TV-14,Anime Series
s8146,Movie,Title_8146,United States,2012,2014,TV-14,Reality TV
s8147,Movie,Title_8147,United States,2018,2019,TV-MA,Sci-Fi & Fantasy
s8148,Movie,Title_8148,United States,2018,2012,TV-MA,Documentaries
s8149,Movie,Title_8149,India,2019,2018,TV-PG,Documentaries
s8150,TV Show,Title_8150,France,2018,2019,TV-MA,Comedies
s8151,Movie,Title_8151,India,2019,2021,TV-14,Romantic Movies
s8152,TV Show,Title_8152,Spain,2016,2019,R,Documentaries
s8153,Movie,Title_8153,South Korea,2014,2012,TV-MA,Documentaries
s8154,Movie,Title_8154,United States,2014,2012,TV-MA,Stand-Up Comedy
s8155,Movie,Title_8155,United States,2009,2019,TV-MA,International TV Shows
s8156,TV Show,Title_8156,Australia,2016,2014,TV-MA,Crime TV Shows
s8157,Movie,Title_8157,United States,2012,2017,TV-MA,International Movies
s8158,Movie,Title_8158,United States,2016,2021,TV-MA,International TV Shows
s8159,Movie,Title_8159,United States,2018,2020,TV-MA,Reality TV
s8160,Movie,Title_8160,France,2020,2020,TV-MA,Reality TV
s8161,TV Show,Title_8161,Canada,2020,2020,TV-MA,Stand-Up Comedy
s8162,TV Show,Title_8162,Nigeria,2015,2018,TV-Y7,Action & Adventure
s8163,TV Show,Title_8163,Brazil,2013,2019,TV-Y7,Horror Movies
s8164,Movie,Title_8164,India,2014,2016,TV-MA,Stand-Up Comedy
s8165,Movie,Title_8165,India,2021,2021,TV-MA,Documentaries
s8166,Movie,Title_8166,United States,2018,2015,TV-14,Documentaries
s8167,Movie,Title_8167,United States,2014,2018,TV-MA,Horror Movies
s8168,Movie,Title_8168,United States,2020,2015,TV-14,Anime Series
s8169,Movie,Title_8169,United States,2016,2013,TV-14,Reality TV
s8170,TV Show,Title_8170,United States,2020,2018,TV-MA,Documentaries
s8171,Movie,Title_8171,United States,2015,2016,PG-13,Anime Series
s8172,TV Show,Title_8172,United States,2016,2018,PG-13,Horror Movies
s8173,TV Show,Title_8173,Turkey,2017,2018,TV-Y,Thrillers
s8174,TV Show,Title_8174,Canada,2020,2018,TV-MA,Crime TV Shows
s8175,Movie,Title_8175,Nigeria,2020,2013,PG,Crime TV Shows
s8176,TV Show,Title_8176,India,2018,2017,TV-14,Dramas
s8177,TV Show,Title_8177,India,2015,2020,TV-14,Crime TV Shows
s8178,TV Show,Title_8178,United States,2017,2016,PG,Kids TV
s8179,TV Show,Title_8179,United States,2021,2017,NR,Kids TV
s8180,TV Show,Title_8180,United States,2018,2017,R,Stand-Up Comedy
s8181,Movie,Title_8181,Turkey,2019,2020,TV-MA,Sci-Fi & Fantasy
s8182,Movie,Title_8182,Nigeria,2017,2018,TV-14,Reality TV
s8183,Movie,Title_8183,United States,2018,2012,TV-PG,Dramas
s8184,Movie,Title_8184,United States,2017,2020,PG-13,International Movies
s8185,Movie,Title_8185,India,2019,2020,TV-PG,Thrillers
s8186,TV Show,Title_8186,United States,2020,2019,TV-14,Documentaries
s8187,Movie,Title_8187,India,2017,2017,TV-14,International Movies
s8188,Movie,Title_8188,United States,2017,2019,TV-MA,Anime Series
s8189,TV Show,Title_8189,India,2016,2017,NR,Thrillers
s8190,Movie,Title_8190,United States,2014,2019,TV-MA,Children & Family Movies
s8191,Movie,Title_8191,United States,2021,2020,TV-14,Comedies
s8192,Movie,Title_8192,United States,2016,2020,PG,Sci-Fi & Fantasy
s8193,TV Show,Title_8193,India,2020,2017,TV-14,Crime TV Shows
s8194,Movie,Title_8194,Nigeria,2019,2020,PG-13,Stand-Up Comedy
s8195,TV Show,Title_8195,United States,2020,2012,PG-13,Sci-Fi & Fantasy
s8196,Movie,Title_8196,Australia,2021,2012,TV-MA,Action & Adventure
s8197,Movie,Title_8197,Mexico,2018,2018,TV-14,Romantic Movies
s8198,Movie,Title_8198,Turkey,2020,2018,TV-PG,Horror Movies
s8199,Movie,Title_8199,Germany,2014,2013,TV-14,Children & Family Movies
s8200,TV Show,Title_8200,France,2018,2017,TV-14,Anime Series
s8201,Movie,Title_8201,Australia,2019,2012,TV-14,Comedies
s8202,Movie,Title_8202,United States,2015,2018,TV-MA,International TV Shows
s8203,Movie,Title_8203,India,2019,2020,TV-14,Reality TV
s8204,Movie,Title_8204,Nigeria,2019,2019,TV-MA,International TV Shows
s8205,TV Show,Title_8205,Spain,2020,2016,TV-MA,Documentaries
s8206,Movie,Title_8206,Turkey,2016,2021,TV-14,Horror Movies
s8207,TV Show,Title_8207,Spain,2019,2019,TV-14,International TV Shows
s8208,Movie,Title_8208,Australia,2016,2020,TV-MA,Anime Series
s8209,Movie,Title_8209,Japan,2019,2019,R,Kids TV
s8210,TV Show,Title_8210,Spain,2017,2021,TV-14,Horror Movies
s8211,TV Show,Title_8211,United Kingdom,2018,2020,NR,Stand-Up Comedy
s8212,Movie,Title_8212,Italy,2017,2017,TV-14,Stand-Up Comedy
s8213,Movie,Title_8213,Mexico,2014,2016,TV-MA,Horror Movies
s8214,TV Show,Title_8214,Mexico,2014,2019,R,Sci-Fi & Fantasy
s8215,TV Show,Title_8215,Japan,2012,2018,TV-14,Documentaries
s8216,TV Show,Title_8216,United States,2018,2018,TV-14,Anime Series
s8217,Movie,Title_8217,United States,2020,2016,TV-MA,Crime TV Shows
s8218,Movie,Title_8218,Italy,2010,2017,TV-MA,Anime Series
s8219,Movie,Title_8219,Canada,2011,2018,TV-MA,Horror Movies
s8220,TV Show,Title_8220,United States,2017,2020,TV-MA,International TV Shows
s8221,Movie,Title_8221,United States,2019,2019,TV-14,Thrillers
s8222,Movie,Title_8222,Mexico,2013,2013,PG,Anime Series
s8223,TV Show,Title_8223,Mexico,2015,2015,R,Reality TV
s8224,Movie,Title_8224,Germany,2015,2010,TV-MA,Thrillers
s8225,TV Show,Title_8225,France,2016,2008,PG,Crime TV Shows
s8226,Movie,Title_8226,India,2015,2015,TV-14,Romantic Movies
s8227,TV Show,Title_8227,United States,2016,2020,TV-MA,Reality TV
s8228,TV Show,Title_8228,United States,2019,2020,R,Kids TV
s8229,Movie,Title_8229,Mexico,2018,2016,TV-MA,Thrillers
s8230,Movie,Title_8230,United States,2012,2018,TV-MA,Children & Family Movies
s8231,TV Show,Title_8231,France,2018,2019,TV-MA,Horror Movies
s8232,Movie,Title_8232,United Kingdom,2017,2021,TV-14,Sci-Fi & Fantasy
s8233,Movie,Title_8233,United Kingdom,2021,2021,TV-MA,International TV Shows
s8234,Movie,Title_8234,Italy,2015,2011,R,Comedies
s8235,TV Show,Title_8235,United States,2019,2015,TV-14,Kids TV
s8236,TV Show,Title_8236,Spain,2019,2011,TV-14,Sci-Fi & Fantasy
s8237,Movie,Title_8237,United States,2015,2018,TV-MA,International TV Shows
s8238,Movie,Title_8238,United States,2020,2019,PG-13,Anime Series
s8239,Movie,Title_8239,India,2017,2016,TV-14,Thrillers
s8240,Movie,Title_8240,United States,2019,2020,TV-14,Anime Series
s8241,Movie,Title_8241,Germany,2013,2017,R,Romantic Movies
s8242,TV Show,Title_8242,United Kingdom,2015,2021,TV-MA,Documentaries
s8243,Movie,Title_8243,United States,2018,2008,TV-14,Sci-Fi & Fantasy
s8244,Movie,Title_8244,United States,2016,2012,TV-14,Action & Adventure
s8245,TV Show,Title_8245,Canada,2017,2016,TV-14,Stand-Up Comedy
s8246,Movie,Title_8246,Germany,2016,2010,TV-MA,Comedies
s8247,Movie,Title_8247,India,2018,2019,TV-MA,International TV Shows
s8248,Movie,Title_8248,United Kingdom,2017,2011,TV-MA,International Movies
s8249,TV Show,Title_8249,Germany,2008,2019,TV-Y7,Action & Adventure
s8250,TV Show,Title_8250,Canada,2018,2011,TV-MA,Comedies
s8251,Movie,Title_8251,United States,2017,2015,TV-MA,Children & Family Movies
s8252,TV Show,Title_8252,Canada,2016,2020,PG-13,Kids TV
s8253,TV Show,Title_8253,France,2012,2021,TV-14,Anime Series
s8254,Movie,Title_8254,South Korea,2015,2017,TV-14,Action & Adventure
s8255,Movie,Title_8255,France,2015,2021,TV-14,Romantic Movies
s8256,Movie,Title_8256,Turkey,2021,2018,TV-14,Kids TV
s8257,Movie,Title_8257,United States,2017,2017,TV-14,Horror Movies
s8258,Movie,Title_8258,Turkey,2011,2020,TV-MA,Anime Series
s8259,TV Show,Title_8259,United Kingdom,2013,2015,PG-13,Kids TV
s8260,Movie,Title_8260,Japan,2012,2015,TV-MA,Crime TV Shows
s8261,Movie,Title_8261,United States,2018,2018,TV-MA,Documentaries
s8262,TV Show,Title_8262,India,2014,2016,TV-MA,Reality TV
s8263,Movie,Title_8263,Spain,2017,2013,R,Comedies
s8264,Movie,Title_8264,Japan,2016,2011,TV-14,International Movies
s8265,TV Show,Title_8265,United States,2020,2019,R,Thrillers
s8266,Movie,Title_8266,United Kingdom,2016,2019,TV-PG,Reality TV
s8267,Movie,Title_8267,United States,2017,2017,TV-MA,Thrillers
s8268,TV Show,Title_8268,Nigeria,2019,2020,TV-MA,Dramas
s8269,TV Show,Title_8269,Brazil,2017,2017,TV-14,Children & Family Movies
s8270,Movie,Title_8270,United States,2020,2019,TV-MA,Kids TV
s8271,Movie,Title_8271,Australia,2019,2020,TV-MA,Documentaries
s8272,TV Show,Title_8272,Italy,2017,2020,PG-13,Children & Family Movies
s8273,Movie,Title_8273,India,2017,2017,R,Kids TV
s8274,TV Show,Title_8274,South Korea,2021,2019,TV-MA,Action & Adventure
s8275,Movie,Title_8275,India,2019,2017,R,Documentaries
s8276,Movie,Title_8276,France,2020,2018,TV-PG,Children & Family Movies
s8277,Movie,Title_8277,United States,2014,2015,TV-MA,Thrillers
s8278,TV Show,Title_8278,United States,2017,2017,TV-14,Reality TV
s8279,Movie,Title_8279,India,2020,2014,TV-MA,Sci-Fi & Fantasy
s8280,Movie,Title_8280,United States,2016,2010,TV-MA,Dramas
s8281,Movie,Title_8281,Mexico,2021,2018,TV-MA,Dramas
s8282,Movie,Title_8282,United States,2012,2020,NR,International Movies
s8283,TV Show,Title_8283,India,2020,2010,TV-14,Anime Series
s8284,TV Show,Title_8284,Brazil,2017,2014,PG-13,Anime Series
s8285,Movie,Title_8285,United Kingdom,2012,2017,TV-MA,Crime TV Shows
s8286,Movie,Title_8286,United Kingdom,2020,2019,TV-MA,Crime TV Shows
s8287,Movie,Title_8287,Turkey,2015,2014,PG,Sci-Fi & Fantasy
s8288,Movie,Title_8288,Brazil,2010,2011,TV-14,Comedies
s8289,Movie,Title_8289,United States,2013,2017,PG,Dramas
s8290,TV Show,Title_8290,India,2018,2020,TV-MA,Romantic Movies
s8291,Movie,Title_8291,Nigeria,2021,2010,PG,International Movies
s8292,Movie,Title_8292,India,2013,2016,TV-14,Reality TV
s8293,Movie,Title_8293,India,2017,2019,TV-MA,Kids TV
s8294,TV Show,Title_8294,United States,2014,2013,TV-PG,International Movies
s8295,Movie,Title_8295,United States,2019,2015,R,Children & Family Movies
s8296,TV Show,Title_8296,South Korea,2013,2018,TV-MA,Crime TV Shows
s8297,Movie,Title_8297,Spain,2015,2021,TV-Y,Anime Series
s8298,Movie,Title_8298,Turkey,2014,2015,TV-PG,Kids TV
s8299,Movie,Title_8299,Spain,2018,2017,TV-MA,Thrillers
s8300,Movie,Title_8300,United States,2020,2016,TV-MA,Horror Movies
s8301,TV Show,Title_8301,United States,2017,2020,TV-14,Romantic Movies
s8302,Movie,Title_8302,Nigeria,2011,2012,TV-MA,Reality TV
s8303,Movie,Title_8303,United States,2018,2018,TV-14,Documentaries
s8304,Movie,Title_8304,United States,2020,2020,R,Comedies
s8305,TV Show,Title_8305,Brazil,2013,2021,TV-PG,Dramas
s8306,Movie,Title_8306,Canada,2012,2019,TV-14,Sci-Fi & Fantasy
s8307,Movie,Title_8307,United States,2014,2016,TV-MA,Dramas
s8308,TV Show,Title_8308,Brazil,2019,2017,TV-G,International Movies
s8309,Movie,Title_8309,Nigeria,2018,2016,TV-MA,International TV Shows
s8310,Movie,Title_8310,United States,2018,2018,TV-MA,Anime Series
s8311,Movie,Title_8311,Australia,2015,2019,TV-PG,Crime TV Shows
s8312,TV Show,Title_8312,India,2016,2020,R,Crime TV Shows
s8313,TV Show,Title_8313,United Kingdom,2021,2017,TV-Y,Comedies
s8314,Movie,Title_8314,Italy,2015,2019,TV-G,Crime TV Shows
s8315,TV Show,Title_8315,Nigeria,2020,2021,PG,Romantic Movies
s8316,Movie,Title_8316,United States,2018,2021,TV-14,Reality TV
s8317,Movie,Title_8317,United States,2013,2019,TV-MA,Reality TV
s8318,TV Show,Title_8318,United States,2017,2018,TV-14,Reality TV
s8319,TV Show,Title_8319,Canada,2021,2018,TV-MA,Romantic Movies
s8320,Movie,Title_8320,United States,2017,2014,TV-MA,Sci-Fi & Fantasy
s8321,Movie,Title_8321,India,2020,2013,TV-MA,Sci-Fi & Fantasy
s8322,Movie,Title_8322,United States,2015,2017,TV-MA,Documentaries
s8323,TV Show,Title_8323,India,2018,2013,TV-14,Children & Family Movies
s8324,Movie,Title_8324,United States,2020,2018,TV-14,Action & Adventure
s8325,Movie,Title_8325,Mexico,2021,2018,TV-14,Romantic Movies
s8326,TV Show,Title_8326,United States,2017,2018,PG-13,Crime TV Shows
s8327,TV Show,Title_8327,United States,2018,2010,TV-PG,Thrillers
s8328,Movie,Title_8328,Australia,2008,2011,NR,Thrillers
s8329,TV Show,Title_8329,South Korea,2015,2013,TV-14,Anime Series
s8330,TV Show,Title_8330,United States,2015,2013,TV-MA,Crime TV Shows
s8331,Movie,Title_8331,United States,2012,2021,TV-MA,International Movies
s8332,Movie,Title_8332,Japan,2015,2016,TV-PG,Thrillers
s8333,TV Show,Title_8333,India,2016,2015,PG-13,Documentaries
s8334,Movie,Title_8334,Spain,2021,2011,TV-MA,International TV Shows
s8335,TV Show,Title_8335,India,2019,2018,PG,Sci-Fi & Fantasy
s8336,Movie,Title_8336,United States,2017,2018,TV-14,Crime TV Shows
s8337,Movie,Title_8337,India,2021,2014,TV-MA,Thrillers
s8338,TV Show,Title_8338,South Korea,2013,2021,TV-PG,Action & Adventure
s8339,Movie,Title_8339,Brazil,2017,2020,TV-14,Dramas
s8340,Movie,Title_8340,United States,2018,2015,TV-MA,Horror Movies
s8341,Movie,Title_8341,United Kingdom,2011,2017,TV-14,Reality TV
s8342,Movie,Title_8342,United States,2019,2017,R,Comedies
s8343,TV Show,Title_8343,India,2012,2016,TV-14,Reality TV
s8344,Movie,Title_8344,Brazil,2013,2020,TV-MA,International TV Shows
s8345,TV Show,Title_8345,India,2013,2012,NR,Dramas
s8346,Movie,Title_8346,Italy,2021,2017,TV-MA,Reality TV
s8347,TV Show,Title_8347,France,2019,2017,TV-MA,Reality TV
s8348,Movie,Title_8348,Italy,2018,2017,TV-MA,Action & Adventure
s8349,TV Show,Title_8349,South Korea,2018,2020,PG,Reality TV
s8350,TV Show,Title_8350,United States,2015,2014,TV-14,Children & Family Movies
s8351,Movie,Title_8351,United States,2018,2012,TV-PG,Action & Adventure
s8352,Movie,Title_8352,India,2017,2018,G,Crime TV Shows
s8353,Movie,Title_8353,United States,2013,2014,R,Action & Adventure
s8354,Movie,Title_8354,United Kingdom,2019,2012,TV-MA,Horror Movies
s8355,Movie,Title_8355,India,2013,2017,R,Crime TV Shows
s8356,Movie,Title_8356,Turkey,2014,2014,R,International TV Shows
s8357,TV Show,Title_8357,India,2020,2016,TV-MA,Thrillers
s8358,TV Show,Title_8358,Spain,2019,2015,TV-MA,Horror Movies
s8359,Movie,Title_8359,Turkey,2018,2012,TV-PG,Kids TV
s8360,TV Show,Title_8360,Australia,2017,2018,TV-MA,Kids TV
s8361,TV Show,Title_8361,United States,2016,2010,TV-MA,Anime Series
s8362,Movie,Title_8362,United Kingdom,2019,2021,TV-PG,International Movies
s8363,Movie,Title_8363,United States,2019,2016,PG,Children & Family Movies
s8364,TV Show,Title_8364,India,2017,2019,TV-MA,Children & Family Movies
s8365,Movie,Title_8365,India,2021,2020,TV-14,Reality TV
s8366,Movie,Title_8366,Mexico,2021,2015,TV-PG,Stand-Up Comedy
s8367,Movie,Title_8367,India,2017,2019,TV-PG,Romantic Movies
s8368,Movie,Title_8368,United Kingdom,2020,2020,TV-Y7,Crime TV Shows
s8369,Movie,Title_8369,Nigeria,2018,2015,TV-PG,Horror Movies
s8370,Movie,Title_8370,United States,2017,2021,TV-PG,Stand-Up Comedy
s8371,TV Show,Title_8371,United Kingdom,2011,2010,TV-Y,International Movies
s8372,TV Show,Title_8372,Spain,2018,2014,TV-MA,Comedies
s8373,Movie,Title_8373,United States,2020,2019,TV-MA,Kids TV
s8374,Movie,Title_8374,Canada,2019,2014,TV-14,International Movies
s8375,Movie,Title_8375,United States,2019,2019,TV-MA,Dramas
s8376,Movie,Title_8376,Australia,2013,2020,TV-MA,Sci-Fi & Fantasy
s8377,Movie,Title_8377,United States,2016,2021,TV-MA,Anime Series
s8378,Movie,Title_8378,United States,2015,2017,TV-PG,Children & Family Movies
s8379,Movie,Title_8379,Canada,2016,2021,PG,Stand-Up Comedy
s8380,Movie,Title_8380,United States,2018,2017,TV-MA,Documentaries
s8381,Movie,Title_8381,United States,2016,2014,TV-14,Romantic Movies
s8382,Movie,Title_8382,India,2018,2017,TV-MA,Anime Series
s8383,TV Show,Title_8383,India,2017,2018,TV-PG,Crime TV Shows
s8384,Movie,Title_8384,United Kingdom,2015,2017,TV-14,Reality TV
s8385,TV Show,Title_8385,Canada,2012,2018,NR,Horror Movies
s8386,TV Show,Title_8386,Canada,2020,2017,TV-MA,Action & Adventure
s8387,Movie,Title_8387,France,2009,2018,TV-14,Dramas
s8388,Movie,Title_8388,United States,2008,2021,TV-MA,Action & Adventure
s8389,TV Show,Title_8389,United States,2020,2017,TV-14,Sci-Fi & Fantasy
s8390,Movie,Title_8390,Spain,2021,2015,PG-13,Documentaries
s8391,Movie,Title_8391,Australia,2019,2019,PG,Crime TV Shows
s8392,Movie,Title_8392,United States,2009,2016,TV-14,Kids TV
s8393,TV Show,Title_8393,India,2015,2020,PG-13,International TV Shows
s8394,Movie,Title_8394,United Kingdom,2021,2011,TV-MA,Sci-Fi & Fantasy
s8395,TV Show,Title_8395,United Kingdom,2020,2016,TV-MA,Stand-Up Comedy
s8396,Movie,Title_8396,France,2018,2012,PG-13,Documentaries
s8397,Movie,Title_8397,United States,2015,2012,TV-MA,Kids TV
s8398,Movie,Title_8398,South Korea,2009,2018,TV-MA,Romantic Movies
s8399,Movie,Title_8399,United States,2010,2016,TV-MA,Horror Movies
s8400,Movie,Title_8400,India,2018,2020,TV-14,Thrillers
s8401,TV Show,Title_8401,Mexico,2010,2017,TV-MA,Reality TV
s8402,Movie,Title_8402,India,2021,2015,PG-13,Stand-Up Comedy
s8403,Movie,Title_8403,United States,2014,2019,TV-14,Comedies
s8404,Movie,Title_8404,Nigeria,2019,2018,TV-14,Anime Series
s8405,TV Show,Title_8405,Brazil,2013,2020,TV-MA,Comedies
s8406,Movie,Title_8406,Spain,2018,2018,TV-14,Horror Movies
s8407,Movie,Title_8407,India,2012,2014,R,Thrillers
s8408,Movie,Title_8408,United States,2019,2019,PG,Action & Adventure
s8409,Movie,Title_8409,Turkey,2018,2016,G,Stand-Up Comedy
s8410,Movie,Title_8410,United Kingdom,2012,2017,TV-14,Action & Adventure
s8411,Movie,Title_8411,Australia,2020,2021,TV-Y7,Crime TV Shows
s8412,TV Show,Title_8412,United States,2018,2016,TV-MA,Action & Adventure
s8413,Movie,Title_8413,United States,2021,2018,TV-MA,Kids TV
s8414,Movie,Title_8414,Nigeria,2021,2016,R,Children & Family Movies
s8415,TV Show,Title_8415,United Kingdom,2021,2012,TV-MA,Children & Family Movies
s8416,Movie,Title_8416,United States,2012,2017,TV-MA,Kids TV
s8417,Movie,Title_8417,United States,2013,2018,NR,Stand-Up Comedy
s8418,Movie,Title_8418,United Kingdom,2021,2017,R,Romantic Movies
s8419,Movie,Title_8419,United States,2017,2016,TV-MA,Sci-Fi & Fantasy
s8420,TV Show,Title_8420,India,2015,2020,R,Children & Family Movies
s8421,TV Show,Title_8421,India,2019,2010,PG-13,Anime Series
s8422,Movie,Title_8422,Spain,2015,2015,PG,Stand-Up Comedy
s8423,TV Show,Title_8423,India,2019,2020,TV-14,Anime Series
s8424,Movie,Title_8424,Nigeria,2020,2021,TV-PG,Sci-Fi & Fantasy
s8425,Movie,Title_8425,United States,2019,2017,R,Stand-Up Comedy
s8426,TV Show,Title_8426,Canada,2015,2020,TV-PG,Reality TV
s8427,TV Show,Title_8427,United States,2017,2014,TV-PG,Sci-Fi & Fantasy
s8428,Movie,Title_8428,South Korea,2017,2015,TV-14,Children & Family Movies
s8429,TV Show,Title_8429,Nigeria,2017,2020,TV-14,Sci-Fi & Fantasy
s8430,Movie,Title_8430,Mexico,2014,2020,TV-Y7,Dramas
s8431,Movie,Title_8431,Canada,2017,2015,TV-MA,Action & Adventure
s8432,Movie,Title_8432,United Kingdom,2017,2011,TV-MA,Comedies
s8433,TV Show,Title_8433,Mexico,2018,2012,R,Kids TV
s8434,Movie,Title_8434,Italy,2020,2015,TV-MA,Horror Movies
s8435,Movie,Title_8435,Nigeria,2017,2019,TV-14,Kids TV
s8436,Movie,Title_8436,India,2015,2017,TV-MA,Romantic Movies
s8437,Movie,Title_8437,Nigeria,2019,2017,TV-PG,Stand-Up Comedy
s8438,TV Show,Title_8438,United States,2020,2018,NR,Horror Movies
s8439,TV Show,Title_8439,United States,2016,2020,R,Documentaries
s8440,Movie,Title_8440,United States,2018,2012,TV-MA,Documentaries
s8441,Movie,Title_8441,United States,2013,2019,G,Romantic Movies
s8442,Movie,Title_8442,Spain,2016,2021,TV-MA,Sci-Fi & Fantasy
s8443,TV Show,Title_8443,Australia,2020,2014,TV-14,Documentaries
s8444,Movie,Title_8444,Spain,2021,2020,TV-14,Reality TV
s8445,Movie,Title_8445,France,2018,2019,TV-Y7,International Movies
s8446,Movie,Title_8446,United Kingdom,2019,2009,TV-MA,Anime Series
s8447,TV Show,Title_8447,Japan,2020,2015,TV-PG,Children & Family Movies
s8448,Movie,Title_8448,India,2021,2018,TV-14,Stand-Up Comedy
s8449,Movie,Title_8449,Mexico,2017,2017,TV-MA,Documentaries
s8450,Movie,Title_8450,Japan,2018,2018,NR,Stand-Up Comedy
s8451,Movie,Title_8451,Japan,2017,2015,TV-14,Thrillers
s8452,TV Show,Title_8452,United Kingdom,2012,2019,R,Action & Adventure
s8453,Movie,Title_8453,Brazil,2017,2015,TV-MA,Children & Family Movies
s8454,Movie,Title_8454,United States,2020,2016,R,Stand-Up Comedy
s8455,Movie,Title_8455,India,2020,2016,PG-13,Horror Movies
s8456,TV Show,Title_8456,Spain,2020,2019,TV-14,Documentaries
s8457,Movie,Title_8457,United Kingdom,2011,2012,TV-14,Horror Movies
s8458,Movie,Title_8458,Brazil,2018,2014,G,Stand-Up Comedy
s8459,TV Show,Title_8459,United States,2012,2014,PG-13,Dramas
s8460,Movie,Title_8460,India,2014,2012,TV-14,Stand-Up Comedy
s8461,TV Show,Title_8461,Brazil,2020,2014,TV-PG,Stand-Up Comedy
s8462,Movie,Title_8462,India,2017,2018,R,Anime Series
s8463,Movie,Title_8463,United Kingdom,2019,2019,TV-MA,Children & Family Movies
s8464,TV Show,Title_8464,United States,2011,2019,TV-14,Dramas
s8465,TV Show,Title_8465,United States,2017,2017,TV-Y,Thrillers
s8466,TV Show,Title_8466,France,2019,2011,NR,International Movies
s8467,TV Show,Title_8467,United States,2013,2021,PG-13,International TV Shows
s8468,Movie,Title_8468,Brazil,2016,2014,TV-MA,Thrillers
s8469,TV Show,Title_8469,Spain,2011,2019,TV-Y7,Crime TV Shows
s8470,Movie,Title_8470,United States,2018,2021,TV-PG,Sci-Fi & Fantasy
s8471,Movie,Title_8471,Japan,2021,2019,TV-MA,International Movies
s8472,Movie,Title_8472,Canada,2020,2014,TV-PG,International TV Shows
s8473,Movie,Title_8473,United States,2021,2016,PG-13,Anime Series
s8474,Movie,Title_8474,United States,2020,2010,TV-MA,International Movies
s8475,Movie,Title_8475,India,2020,2018,PG,Reality TV
s8476,Movie,Title_8476,Japan,2018,2018,NR,Children & Family Movies
s8477,Movie,Title_8477,France,2017,2019,TV-MA,Sci-Fi & Fantasy
s8478,Movie,Title_8478,United Kingdom,2017,2009,PG,Crime TV Shows
s8479,Movie,Title_8479,Spain,2020,2020,NR,International TV Shows
s8480,Movie,Title_8480,Spain,2014,2019,TV-MA,Romantic Movies
s8481,TV Show,Title_8481,France,2011,2013,TV-MA,International TV Shows
s8482,TV Show,Title_8482,Spain,2021,2016,TV-14,Dramas
s8483,TV Show,Title_8483,United States,2008,2018,TV-MA,International TV Shows
s8484,Movie,Title_8484,Brazil,2021,2017,R,Documentaries
s8485,Movie,Title_8485,Canada,2019,2013,TV-MA,Dramas
s8486,Movie,Title_8486,Mexico,2016,2012,TV-G,International TV Shows
s8487,Movie,Title_8487,United Kingdom,2019,2019,TV-Y7,Sci-Fi & Fantasy
s8488,Movie,Title_8488,United States,2020,2013,TV-MA,Horror Movies
s8489,Movie,Title_8489,United Kingdom,2015,2014,TV-14,Documentaries
s8490,TV Show,Title_8490,India,2019,2020,TV-14,Documentaries
s8491,Movie,Title_8491,Japan,2020,2018,TV-14,Action & Adventure
s8492,Movie,Title_8492,United Kingdom,2015,2018,TV-14,Comedies
s8493,TV Show,Title_8493,Mexico,2011,2017,TV-MA,Stand-Up Comedy
s8494,TV Show,Title_8494,Japan,2014,2018,TV-MA,Children & Family Movies
s8495,Movie,Title_8495,Japan,2014,2018,TV-MA,Horror Movies
s8496,Movie,Title_8496,United States,2011,2021,PG,Thrillers
s8497,TV Show,Title_8497,Nigeria,2019,2015,TV-MA,Dramas
s8498,Movie,Title_8498,Mexico,2016,2014,TV-MA,International TV Shows
s8499,Movie,Title_8499,Germany,2020,2011,TV-PG,Sci-Fi & Fantasy
s8500,TV Show,Title_8500,United States,2015,2018,TV-MA,Documentaries
s8501,Movie,Title_8501,United Kingdom,2017,2018,TV-MA,Documentaries
s8502,Movie,Title_8502,United States,2018,2013,TV-PG,Children & Family Movies
s8503,Movie,Title_8503,United Kingdom,2020,2016,TV-14,International TV Shows
s8504,Movie,Title_8504,United States,2018,2014,TV-MA,Romantic Movies
s8505,Movie,Title_8505,United Kingdom,2016,2016,TV-14,Dramas
s8506,Movie,Title_8506,France,2020,2021,TV-14,Dramas
s8507,TV Show,Title_8507,India,2016,2019,TV-14,Anime Series
s8508,TV Show,Title_8508,United Kingdom,2012,2008,R,Thrillers
s8509,TV Show,Title_8509,Australia,2017,2015,TV-MA,Thrillers
s8510,TV Show,Title_8510,United States,2019,2009,TV-14,Horror Movies
s8511,Movie,Title_8511,Germany,2010,2019,R,Comedies
s8512,Movie,Title_8512,United States,2018,2017,NR,Kids TV
s8513,Movie,Title_8513,United States,2018,2021,PG,Documentaries
s8514,TV Show,Title_8514,United States,2021,2019,TV-14,Documentaries
s8515,Movie,Title_8515,Spain,2015,2017,TV-14,Dramas
s8516,Movie,Title_8516,India,2015,2020,TV-14,International TV Shows
s8517,Movie,Title_8517,Australia,2017,2019,PG-13,Thrillers
s8518,TV Show,Title_8518,United Kingdom,2016,2015,PG-13,Action & Adventure
s8519,Movie,Title_8519,United States,2019,2018,TV-MA,Kids TV
s8520,Movie,Title_8520,Japan,2018,2018,TV-MA,Thrillers
s8521,Movie,Title_8521,United States,2019,2017,TV-14,Anime Series
s8522,Movie,Title_8522,Germany,2020,2014,TV-MA,Anime Series
s8523,Movie,Title_8523,United States,2021,2015,TV-G,Stand-Up Comedy
s8524,TV Show,Title_8524,United States,2017,2015,TV-MA,Stand-Up Comedy
s8525,Movie,Title_8525,Spain,2021,2009,TV-MA,Anime Series
s8526,Movie,Title_8526,Turkey,2014,2021,PG,Comedies
s8527,TV Show,Title_8527,India,2019,2019,TV-MA,Horror Movies
s8528,Movie,Title_8528,Mexico,2018,2019,TV-MA,Crime TV Shows
s8529,Movie,Title_8529,United States,2020,2018,TV-14,Anime Series
s8530,TV Show,Title_8530,Germany,2017,2019,TV-14,Action & Adventure
s8531,Movie,Title_8531,France,2019,2021,TV-MA,Dramas
s8532,Movie,Title_8532,United States,2021,2016,TV-14,Horror Movies
s8533,Movie,Title_8533,United States,2019,2019,TV-MA,Reality TV
s8534,Movie,Title_8534,United States,2019,2016,TV-14,Anime Series
s8535,Movie,Title_8535,India,2011,2020,TV-14,Documentaries
s8536,Movie,Title_8536,United States,2014,2020,PG-13,Anime Series
s8537,TV Show,Title_8537,France,2021,2020,TV-14,Stand-Up Comedy
s8538,Movie,Title_8538,Nigeria,2019,2008,TV-14,Anime Series
s8539,Movie,Title_8539,United States,2018,2015,TV-14,International TV Shows
s8540,Movie,Title_8540,United Kingdom,2016,2013,TV-MA,Children & Family Movies
s8541,TV Show,Title_8541,Canada,2011,2017,TV-MA,Documentaries
s8542,Movie,Title_8542,Italy,2016,2017,R,Stand-Up Comedy
s8543,Movie,Title_8543,United Kingdom,2017,2015,TV-MA,International TV Shows
s8544,Movie,Title_8544,United Kingdom,2014,2019,TV-PG,Anime Series
s8545,Movie,Title_8545,India,2014,2015,TV-MA,Dramas
s8546,TV Show,Title_8546,United States,2017,2020,PG-13,Crime TV Shows
s8547,TV Show,Title_8547,United States,2018,2014,TV-Y,Sci-Fi & Fantasy
s8548,TV Show,Title_8548,India,2015,2016,TV-14,Action & Adventure
s8549,Movie,Title_8549,United States,2018,2018,TV-14,International TV Shows
s8550,TV Show,Title_8550,United Kingdom,2020,2018,TV-14,Documentaries
s8551,TV Show,Title_8551,United States,2017,2012,PG,Action & Adventure
s8552,Movie,Title_8552,United Kingdom,2020,2020,TV-MA,Thrillers
s8553,TV Show,Title_8553,United States,2021,2018,TV-PG,Horror Movies
s8554,Movie,Title_8554,Italy,2012,2020,TV-PG,Kids TV
s8555,Movie,Title_8555,Brazil,2012,2020,TV-14,Dramas
s8556,Movie,Title_8556,United States,2017,2018,TV-MA,Romantic Movies
s8557,Movie,Title_8557,United States,2018,2021,TV-MA,Crime TV Shows
s8558,Movie,Title_8558,Canada,2017,2020,PG-13,International Movies
s8559,Movie,Title_8559,United States,2016,2021,TV-MA,Dramas
s8560,TV Show,Title_8560,India,2018,2020,TV-14,Children & Family Movies
s8561,Movie,Title_8561,United States,2008,2020,TV-MA,Reality TV
s8562,Movie,Title_8562,Italy,2021,2017,TV-MA,Sci-Fi & Fantasy
s8563,TV Show,Title_8563,Australia,2015,2014,TV-14,International Movies
s8564,TV Show,Title_8564,Canada,2021,2021,PG,Horror Movies
s8565,Movie,Title_8565,United Kingdom,2012,2019,TV-PG,Stand-Up Comedy
s8566,Movie,Title_8566,Italy,2015,2015,R,Romantic Movies
s8567,Movie,Title_8567,Italy,2015,2016,TV-PG,Dramas
s8568,Movie,Title_8568,Turkey,2021,2019,TV-PG,Comedies
s8569,Movie,Title_8569,United States,2008,2017,TV-14,Thrillers
s8570,Movie,Title_8570,United States,2018,2012,NR,Crime TV Shows
s8571,Movie,Title_8571,Japan,2020,2013,TV-14,Sci-Fi & Fantasy
s8572,TV Show,Title_8572,United Kingdom,2019,2019,TV-14,Comedies
s8573,Movie,Title_8573,United States,2016,2016,TV-14,Horror Movies
s8574,TV Show,Title_8574,United States,2021,2017,TV-MA,Kids TV
s8575,Movie,Title_8575,Brazil,2020,2019,TV-MA,Romantic Movies
s8576,Movie,Title_8576,Australia,2017,2019,TV-MA,International TV Shows
s8577,Movie,Title_8577,India,2018,2014,TV-PG,Sci-Fi & Fantasy
s8578,Movie,Title_8578,Brazil,2021,2012,TV-MA,Sci-Fi & Fantasy
s8579,Movie,Title_8579,Canada,2021,2018,TV-14,Romantic Movies
s8580,Movie,Title_8580,Germany,2017,2019,PG,International Movies
s8581,Movie,Title_8581,India,2020,2013,TV-14,Thrillers
s8582,TV Show,Title_8582,United States,2016,2016,TV-MA,International Movies
s8583,Movie,Title_8583,India,2016,2020,R,Comedies
s8584,TV Show,Title_8584,India,2014,2021,TV-MA,Kids TV
s8585,Movie,Title_8585,United Kingdom,2014,2017,TV-14,Romantic Movies
s8586,Movie,Title_8586,United States,2018,2012,TV-14,Kids TV
s8587,Movie,Title_8587,Nigeria,2017,2015,TV-MA,Sci-Fi & Fantasy
s8588,TV Show,Title_8588,United States,2015,2015,TV-MA,Horror Movies
s8589,TV Show,Title_8589,United States,2017,2015,TV-MA,Horror Movies
s8590,Movie,Title_8590,United Kingdom,2016,2017,TV-MA,Reality TV
s8591,Movie,Title_8591,United Kingdom,2021,2018,TV-MA,International Movies
s8592,Movie,Title_8592,India,2020,2013,TV-Y7,Anime Series
s8593,Movie,Title_8593,Spain,2016,2020,TV-14,Stand-Up Comedy
s8594,TV Show,Title_8594,United Kingdom,2021,2018,PG-13,Reality TV
s8595,TV Show,Title_8595,Canada,2016,2018,TV-14,Comedies
s8596,Movie,Title_8596,South Korea,2019,2021,TV-PG,Reality TV
s8597,Movie,Title_8597,United States,2021,2018,TV-MA,International Movies
s8598,Movie,Title_8598,Canada,2016,2021,TV-MA,Crime TV Shows
s8599,Movie,Title_8599,Brazil,2019,2015,TV-14,Romantic Movies
s8600,TV Show,Title_8600,United States,2015,2015,PG,Stand-Up Comedy
s8601,Movie,Title_8601,India,2015,2017,TV-MA,Comedies
s8602,Movie,Title_8602,Italy,2018,2017,TV-14,International TV Shows
s8603,Movie,Title_8603,United States,2021,2015,TV-MA,Anime Series
s8604,TV Show,Title_8604,India,2017,2019,TV-14,Stand-Up Comedy
s8605,TV Show,Title_8605,Nigeria,2021,2010,TV-PG,Anime Series
s8606,TV Show,Title_8606,United States,2021,2019,R,Sci-Fi & Fantasy
s8607,Movie,Title_8607,United States,2015,2017,TV-MA,Thrillers
s8608,Movie,Title_8608,Australia,2017,2019,TV-MA,Dramas
s8609,Movie,Title_8609,Australia,2018,2017,TV-14,Reality TV
s8610,TV Show,Title_8610,India,2017,2021,TV-Y7,International Movies
s8611,Movie,Title_8611,United Kingdom,2012,2016,TV-MA,Anime Series
s8612,Movie,Title_8612,Mexico,2021,2021,TV-14,Anime Series
s8613,Movie,Title_8613,South Korea,2019,2011,TV-14,Reality TV
s8614,Movie,Title_8614,United States,2017,2019,TV-MA,International Movies
s8615,Movie,Title_8615,United States,2018,2017,R,Sci-Fi & Fantasy
s8616,Movie,Title_8616,United Kingdom,2012,2020,TV-MA,Reality TV
s8617,TV Show,Title_8617,Australia,2017,2019,TV-PG,Children & Family Movies
s8618,Movie,Title_8618,Brazil,2021,2020,TV-14,Thrillers
s8619,TV Show,Title_8619,Turkey,2020,2012,TV-PG,Reality TV
s8620,TV Show,Title_8620,Brazil,2016,2020,TV-MA,International Movies
s8621,Movie,Title_8621,Canada,2018,2014,PG,Dramas
s8622,Movie,Title_8622,India,2019,2010,TV-MA,Documentaries
s8623,Movie,Title_8623,Spain,2016,2014,TV-PG,Crime TV Shows
s8624,Movie,Title_8624,South Korea,2011,2017,R,International Movies
s8625,TV Show,Title_8625,United Kingdom,2017,2019,TV-14,Sci-Fi & Fantasy
s8626,Movie,Title_8626,United States,2018,2014,TV-MA,Sci-Fi & Fantasy
s8627,TV Show,Title_8627,Italy,2008,2013,G,Romantic Movies
s8628,Movie,Title_8628,India,2012,2018,TV-MA,Romantic Movies
s8629,TV Show,Title_8629,India,2014,2021,NR,Thrillers
s8630,Movie,Title_8630,France,2016,2018,TV-MA,Reality TV
s8631,TV Show,Title_8631,Japan,2018,2019,TV-14,International Movies
s8632,Movie,Title_8632,United States,2015,2018,TV-MA,Anime Series
s8633,Movie,Title_8633,Mexico,2015,2019,TV-MA,Crime TV Shows
s8634,Movie,Title_8634,United States,2020,2021,TV-MA,Horror Movies
s8635,Movie,Title_8635,United States,2013,2018,TV-MA,Kids TV
s8636,Movie,Title_8636,India,2017,2017,TV-Y,Anime Series
s8637,Movie,Title_8637,South Korea,2021,2020,R,Documentaries
s8638,Movie,Title_8638,Turkey,2018,2021,TV-MA,Children & Family Movies
s8639,Movie,Title_8639,Germany,2019,2013,TV-MA,Action & Adventure
s8640,Movie,Title_8640,Turkey,2017,2018,TV-PG,Kids TV
s8641,Movie,Title_8641,United States,2009,2020,TV-14,International Movies
s8642,Movie,Title_8642,United States,2018,2018,PG-13,Comedies
s8643,TV Show,Title_8643,Canada,2018,2017,TV-14,Anime Series
s8644,TV Show,Title_8644,United States,2013,2018,TV-PG,Documentaries
s8645,Movie,Title_8645,Mexico,2017,2015,TV-14,Dramas
s8646,TV Show,Title_8646,Japan,2021,2016,TV-PG,Kids TV
s8647,Movie,Title_8647,Nigeria,2014,2021,TV-MA,Action & Adventure
s8648,Movie,Title_8648,United States,2017,2018,TV-14,Anime Series
s8649,Movie,Title_8649,United Kingdom,2017,2020,TV-MA,Action & Adventure
s8650,Movie,Title_8650,United Kingdom,2020,2020,TV-14,International Movies
s8651,Movie,Title_8651,United States,2020,2018,TV-14,Horror Movies
s8652,TV Show,Title_8652,Canada,2019,2020,R,Anime Series
s8653,TV Show,Title_8653,India,2016,2015,TV-MA,Thrillers
s8654,Movie,Title_8654,India,2012,2018,TV-14,Sci-Fi & Fantasy
s8655,Movie,Title_8655,India,2016,2018,TV-MA,Horror Movies
s8656,TV Show,Title_8656,United States,2019,2018,TV-PG,Thrillers
s8657,Movie,Title_8657,United Kingdom,2019,2014,PG-13,International TV Shows
s8658,Movie,Title_8658,United States,2021,2015,R,International Movies
s8659,Movie,Title_8659,United States,2017,2015,NR,Dramas
s8660,Movie,Title_8660,United States,2018,2018,G,Reality TV
s8661,Movie,Title_8661,United States,2018,2021,R,Action & Adventure
s8662,TV Show,Title_8662,India,2013,2021,TV-MA,Anime Series
s8663,Movie,Title_8663,United States,2017,2015,TV-MA,Dramas
s8664,Movie,Title_8664,United Kingdom,2018,2016,TV-14,Sci-Fi & Fantasy
s8665,Movie,Title_8665,Japan,2021,2010,TV-Y7,Sci-Fi & Fantasy
s8666,Movie,Title_8666,France,2016,2016,TV-14,Stand-Up Comedy
s8667,Movie,Title_8667,Germany,2021,2020,TV-MA,Crime TV Shows
s8668,Movie,Title_8668,India,2018,2021,NR,Anime Series
s8669,TV Show,Title_8669,United Kingdom,2015,2015,TV-14,Dramas
s8670,Movie,Title_8670,Germany,2014,2015,TV-PG,Documentaries
s8671,TV Show,Title_8671,India,2013,2015,R,Reality TV
s8672,Movie,Title_8672,Japan,2017,2016,PG-13,Horror Movies
s8673,TV Show,Title_8673,India,2010,2020,PG-13,Dramas
s8674,Movie,Title_8674,India,2017,2018,PG-13,Action & Adventure
s8675,Movie,Title_8675,Spain,2021,2019,TV-PG,Stand-Up Comedy
s8676,Movie,Title_8676,United States,2019,2018,TV-14,Stand-Up Comedy
s8677,Movie,Title_8677,United States,2019,2015,TV-PG,Dramas
s8678,Movie,Title_8678,United States,2013,2015,PG-13,Stand-Up Comedy
s8679,Movie,Title_8679,India,2017,2008,TV-MA,Crime TV Shows
s8680,Movie,Title_8680,United States,2015,2019,TV-MA,Kids TV
s8681,TV Show,Title_8681,Canada,2020,2020,TV-MA,Comedies
s8682,Movie,Title_8682,Germany,2014,2019,TV-14,Reality TV
s8683,Movie,Title_8683,Spain,2017,2012,TV-MA,Crime TV Shows
s8684,Movie,Title_8684,India,2018,2019,R,Children & Family Movies
s8685,Movie,Title_8685,Nigeria,2017,2011,TV-MA,Romantic Movies
s8686,TV Show,Title_8686,Canada,2020,2012,TV-MA,Crime TV Shows
s8687,TV Show,Title_8687,India,2015,2017,TV-MA,Dramas
s8688,TV Show,Title_8688,Mexico,2016,2017,TV-14,Documentaries
s8689,Movie,Title_8689,South Korea,2020,2020,TV-MA,Sci-Fi & Fantasy
s8690,Movie,Title_8690,South Korea,2018,2019,TV-14,Action & Adventure
s8691,Movie,Title_8691,United States,2017,2013,NR,Action & Adventure
s8692,TV Show,Title_8692,India,2010,2015,PG-13,Kids TV
s8693,Movie,Title_8693,Australia,2019,2015,PG-13,Documentaries
s8694,Movie,Title_8694,United Kingdom,2021,2013,TV-14,Sci-Fi & Fantasy
s8695,TV Show,Title_8695,Japan,2018,2015,PG-13,Comedies
s8696,Movie,Title_8696,Canada,2020,2019,R,Reality TV
s8697,TV Show,Title_8697,Mexico,2017,2015,TV-G,Children & Family Movies
s8698,TV Show,Title_8698,United States,2015,2020,TV-MA,International Movies
s8699,Movie,Title_8699,Canada,2009,2017,TV-MA,Dramas
s8700,Movie,Title_8700,United States,2018,2016,TV-MA,Thrillers
s8701,Movie,Title_8701,Japan,2017,2017,NR,Kids TV
s8702,Movie,Title_8702,South Korea,2019,2019,TV-PG,Dramas
s8703,TV Show,Title_8703,United States,2019,2017,TV-14,Sci-Fi & Fantasy
s8704,TV Show,Title_8704,Japan,2021,2008,TV-14,Crime TV Shows
s8705,Movie,Title_8705,India,2017,2021,PG-13,Children & Family Movies
s8706,TV Show,Title_8706,United States,2017,2011,NR,Stand-Up Comedy
s8707,Movie,Title_8707,India,2015,2021,R,Reality TV
s8708,Movie,Title_8708,United States,2017,2010,R,International TV Shows
s8709,TV Show,Title_8709,India,2020,2019,TV-MA,International Movies
s8710,Movie,Title_8710,India,2011,2018,TV-14,International TV Shows
s8711,TV Show,Title_8711,South Korea,2021,2017,PG,Sci-Fi & Fantasy
s8712,Movie,Title_8712,Spain,2021,2012,R,Action & Adventure
s8713,Movie,Title_8713,Canada,2018,2015,TV-PG,Children & Family Movies
s8714,TV Show,Title_8714,United States,2016,2019,TV-MA,Crime TV Shows
s8715,Movie,Title_8715,Italy,2015,2020,TV-MA,Thrillers
s8716,TV Show,Title_8716,Japan,2015,2018,TV-MA,International Movies
s8717,TV Show,Title_8717,United States,2011,2016,TV-14,Reality TV
s8718,Movie,Title_8718,Mexico,2017,2011,TV-14,Action & Adventure
s8719,TV Show,Title_8719,United States,2011,2019,NR,Comedies
s8720,Movie,Title_8720,Canada,2019,2015,TV-PG,Horror Movies
s8721,Movie,Title_8721,India,2016,2011,TV-MA,Thrillers
s8722,Movie,Title_8722,India,2014,2019,TV-MA,Anime Series
s8723,TV Show,Title_8723,Brazil,2018,2017,PG-13,Kids TV
s8724,Movie,Title_8724,India,2021,2009,TV-14,International Movies
s8725,Movie,Title_8725,United States,2019,2013,TV-PG,International Movies
s8726,Movie,Title_8726,Turkey,2017,2019,TV-14,Anime Series
s8727,Movie,Title_8727,Italy,2019,2011,TV-MA,Anime Series
s8728,Movie,Title_8728,Japan,2019,2020,TV-MA,Comedies
s8729,Movie,Title_8729,India,2020,2016,TV-14,Documentaries
s8730,TV Show,Title_8730,United States,2014,2012,TV-14,Kids TV
s8731,Movie,Title_8731,Germany,2020,2019,TV-PG,Thrillers
s8732,Movie,Title_8732,United States,2016,2018,TV-PG,Documentaries
s8733,Movie,Title_8733,United States,2021,2016,TV-G,Kids TV
s8734,TV Show,Title_8734,United Kingdom,2015,2017,PG-13,Dramas
s8735,TV Show,Title_8735,United States,2021,2010,TV-14,Anime Series
s8736,TV Show,Title_8736,United States,2021,2019,TV-14,Dramas
s8737,TV Show,Title_8737,India,2013,2016,TV-PG,Children & Family Movies
s8738,Movie,Title_8738,United States,2021,2019,TV-MA,Reality TV
s8739,Movie,Title_8739,United States,2012,2018,TV-Y7,Romantic Movies
s8740,Movie,Title_8740,United States,2014,2018,TV-14,Reality TV
s8741,TV Show,Title_8741,United States,2017,2020,PG,Children & Family Movies
s8742,TV Show,Title_8742,Japan,2021,2018,TV-G,Anime Series
s8743,TV Show,Title_8743,Germany,2017,2017,TV-14,Romantic Movies
s8744,TV Show,Title_8744,India,2018,2016,TV-MA,Thrillers
s8745,TV Show,Title_8745,United Kingdom,2019,2013,TV-14,Horror Movies
s8746,TV Show,Title_8746,United States,2021,2019,TV-14,International Movies
s8747,Movie,Title_8747,United States,2019,2019,R,Dramas
s8748,TV Show,Title_8748,United States,2015,2015,TV-MA,Crime TV Shows
s8749,Movie,Title_8749,United Kingdom,2016,2020,TV-14,Thrillers
s8750,Movie,Title_8750,South Korea,2012,2018,NR,Thrillers
s8751,Movie,Title_8751,Canada,2018,2017,TV-Y7,Horror Movies
s8752,Movie,Title_8752,India,2014,2009,TV-MA,Sci-Fi & Fantasy
s8753,TV Show,Title_8753,United States,2015,2016,PG,Crime TV Shows
s8754,TV Show,Title_8754,Spain,2020,2018,TV-MA,Romantic Movies
s8755,Movie,Title_8755,India,2016,2012,PG-13,Dramas
s8756,Movie,Title_8756,South Korea,2018,2017,TV-MA,Crime TV Shows
s8757,Movie,Title_8757,United Kingdom,2016,2021,TV-G,Dramas
s8758,TV Show,Title_8758,South Korea,2012,2019,TV-PG,Kids TV
s8759,Movie,Title_8759,Brazil,2016,2018,TV-14,Reality TV
s8760,Movie,Title_8760,Italy,2017,2018,TV-MA,Kids TV
s8761,Movie,Title_8761,United Kingdom,2020,2011,TV-MA,Romantic Movies
s8762,TV Show,Title_8762,United Kingdom,2016,2021,TV-PG,Kids TV
s8763,Movie,Title_8763,United States,2016,2021,PG,Thrillers
s8764,TV Show,Title_8764,Italy,2019,2019,R,Documentaries
s8765,Movie,Title_8765,India,2019,2012,PG-13,Crime TV Shows
s8766,TV Show,Title_8766,United States,2020,2014,R,Thrillers
s8767,TV Show,Title_8767,India,2021,2014,G,Thrillers
s8768,Movie,Title_8768,United States,2020,2017,R,Anime Series
s8769,TV Show,Title_8769,United Kingdom,2017,2014,TV-MA,Action & Adventure
s8770,TV Show,Title_8770,Canada,2020,2019,R,Romantic Movies
s8771,Movie,Title_8771,United States,2017,2018,TV-MA,Stand-Up Comedy
s8772,Movie,Title_8772,United States,2015,2009,TV-Y7,Documentaries
s8773,Movie,Title_8773,Turkey,2016,2019,TV-14,Thrillers
s8774,Movie,Title_8774,Spain,2015,2014,TV-MA,International TV Shows
s8775,Movie,Title_8775,Mexico,2013,2020,TV-MA,International Movies
s8776,TV Show,Title_8776,India,2014,2016,TV-PG,Dramas
s8777,Movie,Title_8777,Spain,2011,2016,TV-MA,Stand-Up Comedy
s8778,Movie,Title_8778,United Kingdom,2020,2009,TV-G,Thrillers
s8779,Movie,Title_8779,United States,2021,2021,TV-MA,Anime Series
s8780,Movie,Title_8780,United States,2018,2018,TV-MA,Horror Movies
s8781,Movie,Title_8781,United States,2020,2017,TV-MA,Documentaries
s8782,Movie,Title_8782,United States,2014,2012,TV-MA,Sci-Fi & Fantasy
s8783,Movie,Title_8783,Nigeria,2020,2019,TV-14,Stand-Up Comedy
s8784,TV Show,Title_8784,United States,2017,2015,TV-14,Children & Family Movies
s8785,Movie,Title_8785,India,2011,2021,TV-MA,Crime TV Shows
s8786,TV Show,Title_8786,India,2013,2021,TV-MA,Romantic Movies
s8787,TV Show,Title_8787,United States,2016,2019,TV-MA,Dramas
s8788,Movie,Title_8788,Canada,2011,2021,R,Children & Family Movies
s8789,Movie,Title_8789,United States,2016,2012,TV-14,Action & Adventure
s8790,Movie,Title_8790,Spain,2011,2015,TV-MA,Anime Series
s8791,TV Show,Title_8791,United States,2015,2015,TV-MA,Thrillers
s8792,Movie,Title_8792,Canada,2015,2012,TV-14,Horror Movies
s8793,Movie,Title_8793,Japan,2021,2021,TV-MA,International TV Shows
s8794,Movie,Title_8794,Brazil,2015,2011,TV-PG,International TV Shows
s8795,TV Show,Title_8795,Mexico,2015,2020,TV-Y,Anime Series
s8796,Movie,Title_8796,Canada,2019,2019,TV-MA,Sci-Fi & Fantasy
s8797,Movie,Title_8797,India,2020,2016,TV-MA,Anime Series
s8798,TV Show,Title_8798,United Kingdom,2016,2009,TV-MA,Anime Series
s8799,Movie,Title_8799,Spain,2020,2008,TV-14,Horror Movies
s8800,Movie,Title_8800,Australia,2016,2014,TV-MA,Horror Movies
s8801,Movie,Title_8801,United States,2014,2017,TV-14,Documentaries
s8802,TV Show,Title_8802,India,2016,2017,NR,Action & Adventure
s8803,Movie,Title_8803,Spain,2018,2018,TV-MA,Thrillers
s8804,Movie,Title_8804,India,2016,2019,TV-14,Romantic Movies
s8805,Movie,Title_8805,United States,2019,2016,R,International TV Shows
s8806,Movie,Title_8806,India,2015,2014,TV-MA,Sci-Fi & Fantasy
s8807,TV Show,Title_8807,Canada,2019,2020,TV-MA,Documentaries
